ISO-10303-21;
HEADER;
FILE_DESCRIPTION (( 'STEP AP214' ),
    '1' );
FILE_NAME ('Same_Sky_TB004-750-03GR.step',
    '2026-02-05T00:40:13',
    ( '' ),
    ( '' ),
    'SwSTEP 2.0',
    'SolidWorks 2025',
    '' );
FILE_SCHEMA (( 'AUTOMOTIVE_DESIGN' ));
ENDSEC;

DATA;
#1 = DIRECTION ( 'NONE',  ( 1.889646980599320192E-14, -1.000000000000000000, -6.045464536109090009E-29 ) ) ;
#2 = CARTESIAN_POINT ( 'NONE',  ( 17.06056560058489069, 12.91623869234281408, -5.200004712590709843 ) ) ;
#3 = VECTOR ( 'NONE', #1117, 1000.000000000000000 ) ;
#4 = CARTESIAN_POINT ( 'NONE',  ( -3.035766082959414308E-14, 0.000000000000000000, -10.20000000000000107 ) ) ;
#5 = ADVANCED_FACE ( 'NONE', ( #1878 ), #4083, .T. ) ;
#6 = PLANE ( 'NONE',  #573 ) ;
#7 = DIRECTION ( 'NONE',  ( 1.000000000000000000, 0.000000000000000000, 0.000000000000000000 ) ) ;
#8 = VECTOR ( 'NONE', #271, 1000.000000000000000 ) ;
#9 =( LENGTH_UNIT ( ) NAMED_UNIT ( * ) SI_UNIT ( .MILLI., .METRE. ) );
#10 = SURFACE_STYLE_USAGE ( .BOTH. , #1118 ) ;
#11 = VERTEX_POINT ( 'NONE', #2959 ) ;
#12 = LINE ( 'NONE', #1231, #1802 ) ;
#13 = VECTOR ( 'NONE', #2095, 1000.000000000000000 ) ;
#14 = ORIENTED_EDGE ( 'NONE', *, *, #2434, .T. ) ;
#15 = LINE ( 'NONE', #3807, #2582 ) ;
#16 = CARTESIAN_POINT ( 'NONE',  ( 10.75000000000000000, -2.500000000000000000, -4.700000000000000178 ) ) ;
#17 = CARTESIAN_POINT ( 'NONE',  ( 4.250000000000000000, -2.500000000000000000, -5.500000000000000000 ) ) ;
#18 = AXIS2_PLACEMENT_3D ( 'NONE', #3085, #4526, #690 ) ;
#19 = CARTESIAN_POINT ( 'NONE',  ( 3.750000000000005329, 11.65000000000000213, -3.099999999999999645 ) ) ;
#20 = VERTEX_POINT ( 'NONE', #2979 ) ;
#21 = PRESENTATION_LAYER_ASSIGNMENT (  '', '', ( #2677 ) ) ;
#22 = AXIS2_PLACEMENT_3D ( 'NONE', #1307, #4755, #2902 ) ;
#23 = DIRECTION ( 'NONE',  ( 0.000000000000000000, -1.000000000000000000, 0.000000000000000000 ) ) ;
#24 = DIRECTION ( 'NONE',  ( 1.000000000000000000, 0.000000000000000000, -3.336006684570784088E-15 ) ) ;
#25 = CIRCLE ( 'NONE', #993, 1.760296020616589852 ) ;
#26 = VECTOR ( 'NONE', #1486, 1000.000000000000000 ) ;
#27 = ADVANCED_FACE ( 'NONE', ( #2572 ), #4137, .F. ) ;
#28 = DIRECTION ( 'NONE',  ( 0.000000000000000000, 1.000000000000000000, 0.000000000000000000 ) ) ;
#29 = VERTEX_POINT ( 'NONE', #255 ) ;
#30 = CARTESIAN_POINT ( 'NONE',  ( 13.00000000000000000, 1.800000000000000044, -2.515349040166369971E-14 ) ) ;
#31 = COLOUR_RGB ( '',0.8313725490196077761, 0.8392156862745098200, 0.8313725490196077761 ) ;
#32 = SURFACE_SIDE_STYLE ('',( #3474 ) ) ;
#33 =( GEOMETRIC_REPRESENTATION_CONTEXT ( 3 ) GLOBAL_UNCERTAINTY_ASSIGNED_CONTEXT ( ( #2276 ) ) GLOBAL_UNIT_ASSIGNED_CONTEXT ( ( #347, #4128, #2619 ) ) REPRESENTATION_CONTEXT ( 'NONE', 'WORKASPACE' ) );
#34 = SURFACE_STYLE_USAGE ( .BOTH. , #1934 ) ;
#35 = VECTOR ( 'NONE', #580, 1000.000000000000000 ) ;
#36 = ADVANCED_FACE ( 'NONE', ( #4939 ), #667, .T. ) ;
#37 = CARTESIAN_POINT ( 'NONE',  ( 20.43444716692859942, 12.92194178141540029, -4.400000000000000355 ) ) ;
#38 = EDGE_CURVE ( 'NONE', #261, #4704, #4881, .T. ) ;
#39 = DIRECTION ( 'NONE',  ( 0.000000000000000000, -1.000000000000000000, 0.000000000000000000 ) ) ;
#40 = FILL_AREA_STYLE_COLOUR ( '', #2568 ) ;
#41 = DIRECTION ( 'NONE',  ( 3.941890354030738221E-15, 9.854725885076845551E-16, 1.000000000000000000 ) ) ;
#42 = ORIENTED_EDGE ( 'NONE', *, *, #4749, .F. ) ;
#43 = DIRECTION ( 'NONE',  ( -0.000000000000000000, 1.000000000000000000, 0.000000000000000000 ) ) ;
#44 = COLOUR_RGB ( '',0.8313725490196077761, 0.8392156862745098200, 0.8313725490196077761 ) ;
#45 = ORIENTED_EDGE ( 'NONE', *, *, #2023, .F. ) ;
#46 = SURFACE_STYLE_FILL_AREA ( #2692 ) ;
#47 = LINE ( 'NONE', #16, #1719 ) ;
#48 = PLANE ( 'NONE',  #3147 ) ;
#49 = FACE_OUTER_BOUND ( 'NONE', #1453, .T. ) ;
#50 = AXIS2_PLACEMENT_3D ( 'NONE', #4203, #2294, #3385 ) ;
#51 = LINE ( 'NONE', #4518, #600 ) ;
#52 = EDGE_LOOP ( 'NONE', ( #2556, #2786, #3694, #1091 ) ) ;
#53 = CARTESIAN_POINT ( 'NONE',  ( 13.20999999999999908, 12.14999999999999858, -4.400000000000000355 ) ) ;
#54 = FACE_OUTER_BOUND ( 'NONE', #2718, .T. ) ;
#55 = DIRECTION ( 'NONE',  ( 1.000000000000000000, 0.000000000000000000, -3.491481338843135327E-15 ) ) ;
#56 = CARTESIAN_POINT ( 'NONE',  ( 16.96650940702399879, 12.28181210550289926, -4.400000000000000355 ) ) ;
#57 = UNCERTAINTY_MEASURE_WITH_UNIT (LENGTH_MEASURE( 1.000000000000000082E-05 ), #4165, 'distance_accuracy_value', 'NONE');
#58 = VERTEX_POINT ( 'NONE', #382 ) ;
#59 = LINE ( 'NONE', #1944, #816 ) ;
#60 = LINE ( 'NONE', #2034, #505 ) ;
#61 = EDGE_CURVE ( 'NONE', #3199, #2065, #1957, .T. ) ;
#62 = FACE_OUTER_BOUND ( 'NONE', #2211, .T. ) ;
#63 = CARTESIAN_POINT ( 'NONE',  ( 20.04999999999999716, 5.299999999999999822, -1.500000000000050182 ) ) ;
#64 = EDGE_CURVE ( 'NONE', #676, #122, #1573, .T. ) ;
#65 = CARTESIAN_POINT ( 'NONE',  ( 20.50000000000000000, 1.800000000000000044, -4.900593819634480042E-14 ) ) ;
#66 = ADVANCED_FACE ( 'NONE', ( #4239 ), #802, .T. ) ;
#67 = ORIENTED_EDGE ( 'NONE', *, *, #2780, .F. ) ;
#68 = DIRECTION ( 'NONE',  ( -3.491481338843135327E-15, 0.000000000000000000, -1.000000000000000000 ) ) ;
#69 = ADVANCED_FACE ( 'NONE', ( #1541 ), #2109, .T. ) ;
#70 = ORIENTED_EDGE ( 'NONE', *, *, #4043, .T. ) ;
#71 = EDGE_CURVE ( 'NONE', #1439, #2136, #3683, .T. ) ;
#72 = FACE_OUTER_BOUND ( 'NONE', #671, .T. ) ;
#73 = CARTESIAN_POINT ( 'NONE',  ( 9.510564534211299659, 12.65081076366930013, -4.400000000000000355 ) ) ;
#74 = CARTESIAN_POINT ( 'NONE',  ( -0.4050000000000245071, 6.700000000000000178, -8.882583302491958932 ) ) ;
#75 = FILL_AREA_STYLE ('',( #1867 ) ) ;
#76 = ORIENTED_EDGE ( 'NONE', *, *, #77, .F. ) ;
#77 = EDGE_CURVE ( 'NONE', #3602, #3906, #3875, .T. ) ;
#78 = LINE ( 'NONE', #1565, #4093 ) ;
#79 =( NAMED_UNIT ( * ) PLANE_ANGLE_UNIT ( ) SI_UNIT ( $, .RADIAN. ) );
#80 = CARTESIAN_POINT ( 'NONE',  ( 9.279999999999999361, 12.94999999999999929, -5.200000000000000178 ) ) ;
#81 = CARTESIAN_POINT ( 'NONE',  ( 5.049999999999999822, 2.299999999999999822, -1.300000000000000044 ) ) ;
#82 = MECHANICAL_DESIGN_GEOMETRIC_PRESENTATION_REPRESENTATION (  '', ( #1773 ), #3995 ) ;
#83 = VERTEX_POINT ( 'NONE', #4296 ) ;
#84 =( LENGTH_UNIT ( ) NAMED_UNIT ( * ) SI_UNIT ( .MILLI., .METRE. ) );
#85 = CARTESIAN_POINT ( 'NONE',  ( 11.54999999999999893, -3.500000000000000000, -5.500000000000000000 ) ) ;
#86 = CARTESIAN_POINT ( 'NONE',  ( 21.25000000000000000, 11.49572309693832040, -3.382710778154774465E-14 ) ) ;
#87 = STYLED_ITEM ( 'NONE', ( #4400 ), #935 ) ;
#88 = ORIENTED_EDGE ( 'NONE', *, *, #1298, .T. ) ;
#89 = DIRECTION ( 'NONE',  ( -1.000000000000000000, -1.794541526872519968E-14, -1.445393392988216415E-14 ) ) ;
#90 = DIRECTION ( 'NONE',  ( -3.965082230804130614E-15, -9.912705577010326536E-16, -1.000000000000000000 ) ) ;
#91 = ADVANCED_FACE ( 'NONE', ( #2739 ), #2040, .T. ) ;
#92 = ORIENTED_EDGE ( 'NONE', *, *, #1506, .F. ) ;
#93 = DIRECTION ( 'NONE',  ( 3.994847236882269991E-30, -1.000000000000000000, 1.084202172485509956E-15 ) ) ;
#94 = ORIENTED_EDGE ( 'NONE', *, *, #3626, .F. ) ;
#95 = PLANE ( 'NONE',  #1232 ) ;
#96 =( LENGTH_UNIT ( ) NAMED_UNIT ( * ) SI_UNIT ( .MILLI., .METRE. ) );
#97 =( GEOMETRIC_REPRESENTATION_CONTEXT ( 3 ) GLOBAL_UNCERTAINTY_ASSIGNED_CONTEXT ( ( #639 ) ) GLOBAL_UNIT_ASSIGNED_CONTEXT ( ( #3678, #2151, #4885 ) ) REPRESENTATION_CONTEXT ( 'NONE', 'WORKASPACE' ) );
#98 = CARTESIAN_POINT ( 'NONE',  ( 9.622877371596246121, 12.95000000000000639, -4.400000000000002132 ) ) ;
#99 = ORIENTED_EDGE ( 'NONE', *, *, #3083, .T. ) ;
#100 = PRESENTATION_STYLE_ASSIGNMENT (( #3536 ) ) ;
#101 = CIRCLE ( 'NONE', #2927, 1.660966932452119682 ) ;
#102 = DIRECTION ( 'NONE',  ( -3.439448255846680688E-30, 1.000000000000000000, -9.850971327219820043E-16 ) ) ;
#103 = DIRECTION ( 'NONE',  ( -1.000000000000000000, -3.760056826446450213E-15, 0.000000000000000000 ) ) ;
#104 = AXIS2_PLACEMENT_3D ( 'NONE', #1896, #4146, #760 ) ;
#105 = AXIS2_PLACEMENT_3D ( 'NONE', #1248, #4643, #1199 ) ;
#106 = CARTESIAN_POINT ( 'NONE',  ( -0.4050000000000245071, 1.464316677895339915E-15, -8.882583302491958932 ) ) ;
#107 = UNCERTAINTY_MEASURE_WITH_UNIT (LENGTH_MEASURE( 1.000000000000000082E-05 ), #2576, 'distance_accuracy_value', 'NONE');
#108 = ORIENTED_EDGE ( 'NONE', *, *, #3381, .T. ) ;
#109 = VECTOR ( 'NONE', #912, 1000.000000000000000 ) ;
#110 =( GEOMETRIC_REPRESENTATION_CONTEXT ( 3 ) GLOBAL_UNCERTAINTY_ASSIGNED_CONTEXT ( ( #2624 ) ) GLOBAL_UNIT_ASSIGNED_CONTEXT ( ( #4182, #4495, #4935 ) ) REPRESENTATION_CONTEXT ( 'NONE', 'WORKASPACE' ) );
#111 = CARTESIAN_POINT ( 'NONE',  ( 3.250000000000000000, 0.000000000000000000, -10.20000000000040075 ) ) ;
#112 = PRESENTATION_STYLE_ASSIGNMENT (( #2870 ) ) ;
#113 = COLOUR_RGB ( '',0.8313725490196077761, 0.8392156862745098200, 0.8313725490196077761 ) ;
#114 = VECTOR ( 'NONE', #1947, 1000.000000000000000 ) ;
#115 = CARTESIAN_POINT ( 'NONE',  ( 2.035753203240944664, 12.86156426583989898, -4.400000000000000355 ) ) ;
#116 = LINE ( 'NONE', #2390, #396 ) ;
#117 = VERTEX_POINT ( 'NONE', #2431 ) ;
#118 = PRESENTATION_LAYER_ASSIGNMENT (  '', '', ( #1326 ) ) ;
#119 = ORIENTED_EDGE ( 'NONE', *, *, #4449, .T. ) ;
#120 = CARTESIAN_POINT ( 'NONE',  ( 19.25000000000000000, -5.550000000781570186, -4.700000000000000178 ) ) ;
#121 = DIRECTION ( 'NONE',  ( -4.090107484022710339E-30, 1.000000000000000000, -1.171453342316279939E-15 ) ) ;
#122 = VERTEX_POINT ( 'NONE', #4219 ) ;
#123 = VECTOR ( 'NONE', #2223, 1000.000000000000000 ) ;
#124 = PLANE ( 'NONE',  #1627 ) ;
#125 = ORIENTED_EDGE ( 'NONE', *, *, #61, .F. ) ;
#126 = CARTESIAN_POINT ( 'NONE',  ( 2.049289970351003909, 12.90113813255464947, -5.200014613598401780 ) ) ;
#127 = DIRECTION ( 'NONE',  ( 3.513364001978343273E-15, 0.000000000000000000, 1.000000000000000000 ) ) ;
#128 = DIRECTION ( 'NONE',  ( 1.000000000000000000, 0.000000000000000000, -3.513364001978343273E-15 ) ) ;
#129 = LINE ( 'NONE', #3928, #4682 ) ;
#130 = ORIENTED_EDGE ( 'NONE', *, *, #2887, .F. ) ;
#131 = EDGE_CURVE ( 'NONE', #2631, #713, #1202, .T. ) ;
#132 = CIRCLE ( 'NONE', #452, 1.975000000000000977 ) ;
#133 = CARTESIAN_POINT ( 'NONE',  ( -0.5999999999999999778, 6.700000000000000178, -1.619999999999999885 ) ) ;
#134 = ADVANCED_FACE ( 'NONE', ( #4317 ), #1253, .T. ) ;
#135 = EDGE_CURVE ( 'NONE', #4175, #1969, #4871, .T. ) ;
#136 = PRESENTATION_STYLE_ASSIGNMENT (( #479 ) ) ;
#137 = ORIENTED_EDGE ( 'NONE', *, *, #2933, .F. ) ;
#138 = CARTESIAN_POINT ( 'NONE',  ( 11.25000000000000000, 12.86156426583980128, -4.799999999999999822 ) ) ;
#139 = LINE ( 'NONE', #111, #1241 ) ;
#140 = LINE ( 'NONE', #920, #4816 ) ;
#141 = PRESENTATION_STYLE_ASSIGNMENT (( #3575 ) ) ;
#142 = ORIENTED_EDGE ( 'NONE', *, *, #2117, .T. ) ;
#143 = EDGE_LOOP ( 'NONE', ( #2636, #2961 ) ) ;
#144 = EDGE_CURVE ( 'NONE', #1277, #1969, #116, .T. ) ;
#145 = VECTOR ( 'NONE', #4653, 1000.000000000000000 ) ;
#146 = ORIENTED_EDGE ( 'NONE', *, *, #552, .T. ) ;
#147 = SURFACE_STYLE_USAGE ( .BOTH. , #4346 ) ;
#148 = ORIENTED_EDGE ( 'NONE', *, *, #1057, .T. ) ;
#149 = LINE ( 'NONE', #1715, #2571 ) ;
#150 = DIRECTION ( 'NONE',  ( 0.000000000000000000, -1.000000000000000000, 0.000000000000000000 ) ) ;
#151 = FACE_BOUND ( 'NONE', #2287, .T. ) ;
#152 =( NAMED_UNIT ( * ) PLANE_ANGLE_UNIT ( ) SI_UNIT ( $, .RADIAN. ) );
#153 = CARTESIAN_POINT ( 'NONE',  ( 13.75000000000000000, 11.59999999999999964, -2.775557561562889773E-14 ) ) ;
#154 = DIRECTION ( 'NONE',  ( -3.495484022111249990E-30, 1.000000000000000000, -9.411788633772680037E-16 ) ) ;
#155 = DIRECTION ( 'NONE',  ( -1.000000000000000000, -6.179724557220487267E-32, 3.423796334164750533E-15 ) ) ;
#156 = DIRECTION ( 'NONE',  ( 3.449154059776895647E-15, 9.854725885076845551E-16, 1.000000000000000000 ) ) ;
#157 = EDGE_CURVE ( 'NONE', #2250, #4704, #1626, .T. ) ;
#158 = VERTEX_POINT ( 'NONE', #806 ) ;
#159 = CARTESIAN_POINT ( 'NONE',  ( 12.55000000000000071, 5.299999999999999822, -1.500000000000024869 ) ) ;
#160 = STYLED_ITEM ( 'NONE', ( #1992 ), #187 ) ;
#161 = FILL_AREA_STYLE ('',( #3598 ) ) ;
#162 = LINE ( 'NONE', #485, #3697 ) ;
#163 =( GEOMETRIC_REPRESENTATION_CONTEXT ( 3 ) GLOBAL_UNCERTAINTY_ASSIGNED_CONTEXT ( ( #3029 ) ) GLOBAL_UNIT_ASSIGNED_CONTEXT ( ( #1179, #4017, #2459 ) ) REPRESENTATION_CONTEXT ( 'NONE', 'WORKASPACE' ) );
#164 = ORIENTED_EDGE ( 'NONE', *, *, #2496, .T. ) ;
#165 = ORIENTED_EDGE ( 'NONE', *, *, #4689, .T. ) ;
#166 = ORIENTED_EDGE ( 'NONE', *, *, #3779, .T. ) ;
#167 = DIRECTION ( 'NONE',  ( -1.000000000000000000, 0.000000000000000000, 3.684596229616635536E-15 ) ) ;
#168 = ORIENTED_EDGE ( 'NONE', *, *, #2993, .F. ) ;
#169 = VECTOR ( 'NONE', #2217, 1000.000000000000000 ) ;
#170 = LINE ( 'NONE', #4394, #4714 ) ;
#171 = LINE ( 'NONE', #200, #3635 ) ;
#172 = FILL_AREA_STYLE ('',( #546 ) ) ;
#173 = CARTESIAN_POINT ( 'NONE',  ( 22.50000000000000000, 14.09999999999999964, -2.154824120534990062 ) ) ;
#174 = STYLED_ITEM ( 'NONE', ( #2861 ), #934 ) ;
#175 = CARTESIAN_POINT ( 'NONE',  ( 12.96424679675910063, 12.86156426583980128, -4.400000000000000355 ) ) ;
#176 = CARTESIAN_POINT ( 'NONE',  ( 18.25000000000000000, 0.1499999992184100073, -4.700000000000000178 ) ) ;
#177 = AXIS2_PLACEMENT_3D ( 'NONE', #417, #843, #2337 ) ;
#178 =( GEOMETRIC_REPRESENTATION_CONTEXT ( 3 ) GLOBAL_UNCERTAINTY_ASSIGNED_CONTEXT ( ( #604 ) ) GLOBAL_UNIT_ASSIGNED_CONTEXT ( ( #3631, #2413, #3198 ) ) REPRESENTATION_CONTEXT ( 'NONE', 'WORKASPACE' ) );
#179 = ORIENTED_EDGE ( 'NONE', *, *, #3500, .T. ) ;
#180 = LINE ( 'NONE', #3965, #109 ) ;
#181 = CIRCLE ( 'NONE', #4338, 0.09999999999999982514 ) ;
#182 = SURFACE_STYLE_FILL_AREA ( #664 ) ;
#183 = CARTESIAN_POINT ( 'NONE',  ( 22.07499999999999929, -4.392950033686029607E-15, -8.905677313259619865 ) ) ;
#184 = AXIS2_PLACEMENT_3D ( 'NONE', #120, #89, #1328 ) ;
#185 = CARTESIAN_POINT ( 'NONE',  ( 20.04999999999999716, 1.800000000000000044, -2.732189474663469596E-14 ) ) ;
#186 = ORIENTED_EDGE ( 'NONE', *, *, #1765, .F. ) ;
#187 = ADVANCED_FACE ( 'NONE', ( #1963 ), #789, .T. ) ;
#188 = EDGE_CURVE ( 'NONE', #3033, #4206, #1211, .T. ) ;
#189 = MECHANICAL_DESIGN_GEOMETRIC_PRESENTATION_REPRESENTATION (  '', ( #513 ), #3326 ) ;
#190 = ORIENTED_EDGE ( 'NONE', *, *, #791, .T. ) ;
#191 = CIRCLE ( 'NONE', #4668, 1.660966932452119682 ) ;
#192 = SURFACE_STYLE_USAGE ( .BOTH. , #1709 ) ;
#193 =( NAMED_UNIT ( * ) PLANE_ANGLE_UNIT ( ) SI_UNIT ( $, .RADIAN. ) );
#194 = EDGE_LOOP ( 'NONE', ( #3800, #928, #2688, #1674 ) ) ;
#195 = MECHANICAL_DESIGN_GEOMETRIC_PRESENTATION_REPRESENTATION (  '', ( #3259 ), #2138 ) ;
#196 = EDGE_CURVE ( 'NONE', #810, #574, #2475, .T. ) ;
#197 = CIRCLE ( 'NONE', #3469, 0.9000000000000001332 ) ;
#198 = CARTESIAN_POINT ( 'NONE',  ( 5.049999999999999822, 5.299999999999999822, -1.500000000000000000 ) ) ;
#199 = ADVANCED_FACE ( 'NONE', ( #538 ), #1324, .T. ) ;
#200 = CARTESIAN_POINT ( 'NONE',  ( 19.25000000000000000, -2.500000000000000000, -5.500000000000000000 ) ) ;
#201 = CARTESIAN_POINT ( 'NONE',  ( 17.89423076923100098, -0.7211538461538389289, -5.500000000000000000 ) ) ;
#202 = DIRECTION ( 'NONE',  ( -1.794541526872519968E-14, 1.000000000000000000, 7.429178088055459347E-29 ) ) ;
#203 = CIRCLE ( 'NONE', #3012, 1.760296020616589852 ) ;
#204 = FACE_OUTER_BOUND ( 'NONE', #517, .T. ) ;
#205 = DIRECTION ( 'NONE',  ( 3.654630407103378399E-15, 9.136576017758445997E-16, 1.000000000000000000 ) ) ;
#206 = CIRCLE ( 'NONE', #442, 0.1300000000000000044 ) ;
#207 = SURFACE_STYLE_FILL_AREA ( #231 ) ;
#208 = VECTOR ( 'NONE', #2480, 1000.000000000000000 ) ;
#209 = EDGE_LOOP ( 'NONE', ( #1901, #471, #4712, #3901, #704, #3387 ) ) ;
#210 = CARTESIAN_POINT ( 'NONE',  ( 5.434447166928619843, 12.92194178141540029, -4.400000000000000355 ) ) ;
#211 = AXIS2_PLACEMENT_3D ( 'NONE', #1070, #1004, #267 ) ;
#212 = SURFACE_SIDE_STYLE ('',( #1030 ) ) ;
#213 = UNCERTAINTY_MEASURE_WITH_UNIT (LENGTH_MEASURE( 1.000000000000000082E-05 ), #2302, 'distance_accuracy_value', 'NONE');
#214 = DIRECTION ( 'NONE',  ( 0.000000000000000000, 1.000000000000000000, 0.000000000000000000 ) ) ;
#215 = PRESENTATION_STYLE_ASSIGNMENT (( #2166 ) ) ;
#216 = ORIENTED_EDGE ( 'NONE', *, *, #2967, .F. ) ;
#217 = EDGE_LOOP ( 'NONE', ( #2777, #4323, #3848, #1909 ) ) ;
#218 = DIRECTION ( 'NONE',  ( -1.000000000000000000, 0.000000000000000000, 3.491481338843135327E-15 ) ) ;
#219 = SURFACE_STYLE_USAGE ( .BOTH. , #1034 ) ;
#220 = ORIENTED_EDGE ( 'NONE', *, *, #2532, .T. ) ;
#221 = CARTESIAN_POINT ( 'NONE',  ( 8.673617379884030542E-16, 6.700000000000000178, -1.498756443470159905 ) ) ;
#222 = DIRECTION ( 'NONE',  ( 0.000000000000000000, 1.000000000000000000, 0.000000000000000000 ) ) ;
#223 = CARTESIAN_POINT ( 'NONE',  ( 3.250000000000000000, 0.000000000000000000, -5.500000000000000000 ) ) ;
#224 = VECTOR ( 'NONE', #4055, 1000.000000000000000 ) ;
#225 = LINE ( 'NONE', #201, #1022 ) ;
#226 = EDGE_CURVE ( 'NONE', #1643, #3644, #2096, .T. ) ;
#227 = SURFACE_STYLE_FILL_AREA ( #1784 ) ;
#228 = CARTESIAN_POINT ( 'NONE',  ( 3.750000000000000000, 11.65000000000000036, -4.799999999999999822 ) ) ;
#229 = LINE ( 'NONE', #3300, #4472 ) ;
#230 = EDGE_CURVE ( 'NONE', #1161, #300, #1609, .T. ) ;
#231 = FILL_AREA_STYLE ('',( #248 ) ) ;
#232 = VERTEX_POINT ( 'NONE', #1734 ) ;
#233 = LINE ( 'NONE', #2806, #4183 ) ;
#234 = LINE ( 'NONE', #4429, #1890 ) ;
#235 = DIRECTION ( 'NONE',  ( -5.648344880934607792E-16, 0.9868276651055336579, -0.1617750270664809475 ) ) ;
#236 = DIRECTION ( 'NONE',  ( 0.000000000000000000, -1.000000000000000000, 0.000000000000000000 ) ) ;
#237 = EDGE_LOOP ( 'NONE', ( #2215, #3433, #4523, #2620, #3123, #371 ) ) ;
#238 = ORIENTED_EDGE ( 'NONE', *, *, #2648, .T. ) ;
#239 = CARTESIAN_POINT ( 'NONE',  ( 20.44972655639987735, 12.90828216480614721, -5.200002221773053712 ) ) ;
#240 = FILL_AREA_STYLE_COLOUR ( '', #4507 ) ;
#241 = PRESENTATION_LAYER_ASSIGNMENT (  '', '', ( #4460 ) ) ;
#242 = EDGE_LOOP ( 'NONE', ( #67, #1938, #1325, #3261 ) ) ;
#243 = PRESENTATION_STYLE_ASSIGNMENT (( #4850 ) ) ;
#244 = LINE ( 'NONE', #4853, #4692 ) ;
#245 = CARTESIAN_POINT ( 'NONE',  ( 11.25000000000000000, 14.09999999999999964, -4.799999999999999822 ) ) ;
#246 = EDGE_CURVE ( 'NONE', #2705, #539, #4795, .T. ) ;
#247 =( GEOMETRIC_REPRESENTATION_CONTEXT ( 3 ) GLOBAL_UNCERTAINTY_ASSIGNED_CONTEXT ( ( #4367 ) ) GLOBAL_UNIT_ASSIGNED_CONTEXT ( ( #4684, #4701, #1866 ) ) REPRESENTATION_CONTEXT ( 'NONE', 'WORKASPACE' ) );
#248 = FILL_AREA_STYLE_COLOUR ( '', #1569 ) ;
#249 = ORIENTED_EDGE ( 'NONE', *, *, #3710, .F. ) ;
#250 = AXIS2_PLACEMENT_3D ( 'NONE', #2198, #3705, #2181 ) ;
#251 = AXIS2_PLACEMENT_3D ( 'NONE', #3695, #4088, #1001 ) ;
#252 = CARTESIAN_POINT ( 'NONE',  ( 3.750000000000000000, 12.94999999999999929, -4.799999999999999822 ) ) ;
#253 = UNCERTAINTY_MEASURE_WITH_UNIT (LENGTH_MEASURE( 1.000000000000000082E-05 ), #4187, 'distance_accuracy_value', 'NONE');
#254 = FACE_OUTER_BOUND ( 'NONE', #305, .T. ) ;
#255 = CARTESIAN_POINT ( 'NONE',  ( 22.07499999999999929, 6.700000000000000178, -0.6443226867404929781 ) ) ;
#256 = AXIS2_PLACEMENT_3D ( 'NONE', #297, #4470, #4431 ) ;
#257 = VERTEX_POINT ( 'NONE', #2120 ) ;
#258 = AXIS2_PLACEMENT_3D ( 'NONE', #449, #1526, #4170 ) ;
#259 = LINE ( 'NONE', #1808, #354 ) ;
#260 = AXIS2_PLACEMENT_3D ( 'NONE', #1700, #3938, #1597 ) ;
#261 = VERTEX_POINT ( 'NONE', #3601 ) ;
#262 = CARTESIAN_POINT ( 'NONE',  ( -8.673617379884030542E-16, 13.84853250811990044, -1.858775821003249895 ) ) ;
#263 = CARTESIAN_POINT ( 'NONE',  ( 11.75000000000000000, -2.500000000000000000, -4.700000000000000178 ) ) ;
#264 = CARTESIAN_POINT ( 'NONE',  ( 9.950000000000001066, 2.299999999999999822, -1.300000000000014033 ) ) ;
#265 = VECTOR ( 'NONE', #4536, 1000.000000000000114 ) ;
#266 = CARTESIAN_POINT ( 'NONE',  ( 12.94866097559293827, 12.90509132938449888, -4.400000000000000355 ) ) ;
#267 = DIRECTION ( 'NONE',  ( 3.423796334164751322E-15, 9.130123557772670060E-16, 1.000000000000000000 ) ) ;
#268 =( GEOMETRIC_REPRESENTATION_CONTEXT ( 3 ) GLOBAL_UNCERTAINTY_ASSIGNED_CONTEXT ( ( #3518 ) ) GLOBAL_UNIT_ASSIGNED_CONTEXT ( ( #3034, #3008, #3769 ) ) REPRESENTATION_CONTEXT ( 'NONE', 'WORKASPACE' ) );
#269 = AXIS2_PLACEMENT_3D ( 'NONE', #2802, #2082, #1670 ) ;
#270 = SURFACE_STYLE_FILL_AREA ( #4123 ) ;
#271 = DIRECTION ( 'NONE',  ( 0.000000000000000000, -1.000000000000000000, 0.000000000000000000 ) ) ;
#272 = CARTESIAN_POINT ( 'NONE',  ( 19.40434782608700104, 3.291304347826069954, -3.165217391304374850 ) ) ;
#273 = B_SPLINE_CURVE_WITH_KNOTS ( 'NONE', 3,
 ( #958, #2108, #3180, #1338, #3223, #175 ),
 .UNSPECIFIED., .F., .F.,
 ( 4, 2, 4 ),
 ( 0.000000000000000000, 0.5557190870564419072, 1.000000000000000000 ),
 .UNSPECIFIED. ) ;
#274 = EDGE_LOOP ( 'NONE', ( #1061, #433, #76, #4417 ) ) ;
#275 = AXIS2_PLACEMENT_3D ( 'NONE', #3592, #1267, #4311 ) ;
#276 = CARTESIAN_POINT ( 'NONE',  ( 2.092229429941945273, 12.93980888197386214, -4.399951796219801814 ) ) ;
#277 = EDGE_CURVE ( 'NONE', #3204, #1499, #3235, .T. ) ;
#278 = DIRECTION ( 'NONE',  ( -3.646523314876840477E-30, 1.000000000000000000, -1.044405786824304065E-15 ) ) ;
#279 = PRESENTATION_LAYER_ASSIGNMENT (  '', '', ( #3963 ) ) ;
#280 = LINE ( 'NONE', #2937, #35 ) ;
#281 = ADVANCED_FACE ( 'NONE', ( #1371 ), #2772, .F. ) ;
#282 = LINE ( 'NONE', #1346, #4821 ) ;
#283 = CIRCLE ( 'NONE', #2707, 1.975000000000000089 ) ;
#284 = ORIENTED_EDGE ( 'NONE', *, *, #3721, .T. ) ;
#285 = ORIENTED_EDGE ( 'NONE', *, *, #4861, .T. ) ;
#286 = PLANE ( 'NONE',  #3539 ) ;
#287 =( LENGTH_UNIT ( ) NAMED_UNIT ( * ) SI_UNIT ( .MILLI., .METRE. ) );
#288 = FILL_AREA_STYLE ('',( #4438 ) ) ;
#289 = DIRECTION ( 'NONE',  ( -0.1961161351381840445, 0.9805806756909201116, 4.694147731430031842E-16 ) ) ;
#290 = CARTESIAN_POINT ( 'NONE',  ( 18.75000000000000000, 14.09999999999999964, -4.799999999999999822 ) ) ;
#291 =( NAMED_UNIT ( * ) PLANE_ANGLE_UNIT ( ) SI_UNIT ( $, .RADIAN. ) );
#292 = LINE ( 'NONE', #2877, #4594 ) ;
#293 = ORIENTED_EDGE ( 'NONE', *, *, #4293, .F. ) ;
#294 = ORIENTED_EDGE ( 'NONE', *, *, #3688, .F. ) ;
#295 = CARTESIAN_POINT ( 'NONE',  ( -0.6000000000000219602, 6.700000000000000178, -7.929999999999999716 ) ) ;
#296 = CARTESIAN_POINT ( 'NONE',  ( 11.24999999999999289, 12.94999999999999751, -6.549999999999999822 ) ) ;
#297 = CARTESIAN_POINT ( 'NONE',  ( 26.25000000000000000, 13.79999999999999893, -7.666390328872400239 ) ) ;
#298 = DIRECTION ( 'NONE',  ( -0.1961161351381840445, 0.9805806756909202226, 0.000000000000000000 ) ) ;
#299 = ADVANCED_FACE ( 'NONE', ( #1607 ), #2293, .T. ) ;
#300 = VERTEX_POINT ( 'NONE', #4226 ) ;
#301 = ORIENTED_EDGE ( 'NONE', *, *, #1103, .F. ) ;
#302 = PRESENTATION_STYLE_ASSIGNMENT (( #3658 ) ) ;
#303 = CARTESIAN_POINT ( 'NONE',  ( 20.68903150525100187, 1.589964994165679935, 0.5460910151691430459 ) ) ;
#304 = DIRECTION ( 'NONE',  ( 1.000000000000000000, 1.889646980599320192E-14, 1.445393392988216415E-14 ) ) ;
#305 = EDGE_LOOP ( 'NONE', ( #3946, #2464, #3951, #3103 ) ) ;
#306 = COLOUR_RGB ( '',0.8313725490196077761, 0.8392156862745098200, 0.8313725490196077761 ) ;
#307 = FACE_OUTER_BOUND ( 'NONE', #1706, .T. ) ;
#308 = SURFACE_SIDE_STYLE ('',( #2222 ) ) ;
#309 = PLANE ( 'NONE',  #2500 ) ;
#310 = CARTESIAN_POINT ( 'NONE',  ( 3.750000000000000000, 12.94999999999999929, -4.799999999999999822 ) ) ;
#311 = DIRECTION ( 'NONE',  ( 3.513364001978343273E-15, 0.000000000000000000, 1.000000000000000000 ) ) ;
#312 = VECTOR ( 'NONE', #1090, 999.9999999999998863 ) ;
#313 = EDGE_LOOP ( 'NONE', ( #3756, #3493, #3903, #4386 ) ) ;
#314 = ORIENTED_EDGE ( 'NONE', *, *, #2179, .T. ) ;
#315 = ORIENTED_EDGE ( 'NONE', *, *, #3654, .T. ) ;
#316 = ORIENTED_EDGE ( 'NONE', *, *, #3599, .F. ) ;
#317 = STYLED_ITEM ( 'NONE', ( #1671 ), #893 ) ;
#318 = CARTESIAN_POINT ( 'NONE',  ( 18.74999999999999289, 11.49572309693831684, -6.627270781290139468 ) ) ;
#319 = CARTESIAN_POINT ( 'NONE',  ( 21.87999999999999901, -4.392950033686029607E-15, -0.7569059892324681016 ) ) ;
#320 = MECHANICAL_DESIGN_GEOMETRIC_PRESENTATION_REPRESENTATION (  '', ( #1136 ), #1952 ) ;
#321 = CARTESIAN_POINT ( 'NONE',  ( 20.53349059297605095, 12.28181210550289926, -4.400000000000000355 ) ) ;
#322 = CARTESIAN_POINT ( 'NONE',  ( 13.75000000000000000, 11.59999999999999964, -2.775557561562889773E-14 ) ) ;
#323 = MECHANICAL_DESIGN_GEOMETRIC_PRESENTATION_REPRESENTATION (  '', ( #415 ), #2924 ) ;
#324 = ORIENTED_EDGE ( 'NONE', *, *, #4517, .F. ) ;
#325 = PLANE ( 'NONE',  #918 ) ;
#326 = EDGE_CURVE ( 'NONE', #1264, #4796, #1699, .T. ) ;
#327 = SURFACE_STYLE_FILL_AREA ( #2653 ) ;
#328 = ORIENTED_EDGE ( 'NONE', *, *, #3654, .F. ) ;
#329 = CARTESIAN_POINT ( 'NONE',  ( -0.6000000000000219602, 6.700000000000000178, -7.929999999999999716 ) ) ;
#330 = VECTOR ( 'NONE', #4794, 1000.000000000000000 ) ;
#331 = FACE_OUTER_BOUND ( 'NONE', #798, .T. ) ;
#332 = FACE_OUTER_BOUND ( 'NONE', #242, .T. ) ;
#333 = VECTOR ( 'NONE', #4969, 1000.000000000000000 ) ;
#334 = VERTEX_POINT ( 'NONE', #450 ) ;
#335 = STYLED_ITEM ( 'NONE', ( #2405 ), #2091 ) ;
#336 = DIRECTION ( 'NONE',  ( -1.794541526872519968E-14, 1.000000000000000000, 7.429178088055459347E-29 ) ) ;
#337 = ORIENTED_EDGE ( 'NONE', *, *, #1887, .T. ) ;
#338 = VECTOR ( 'NONE', #68, 1000.000000000000000 ) ;
#339 = CARTESIAN_POINT ( 'NONE',  ( -0.5999999999999999778, 6.700000000000000178, -0.7799999999999779332 ) ) ;
#340 = PRESENTATION_LAYER_ASSIGNMENT (  '', '', ( #2771 ) ) ;
#341 = CARTESIAN_POINT ( 'NONE',  ( 12.86208286099054021, 12.94999999999999929, -4.400000000000000355 ) ) ;
#342 = PRESENTATION_LAYER_ASSIGNMENT (  '', '', ( #513 ) ) ;
#343 = AXIS2_PLACEMENT_3D ( 'NONE', #1167, #715, #1105 ) ;
#344 = CYLINDRICAL_SURFACE ( 'NONE', #3332, 0.1300000000000016420 ) ;
#345 = ORIENTED_EDGE ( 'NONE', *, *, #2230, .T. ) ;
#346 = ORIENTED_EDGE ( 'NONE', *, *, #1581, .F. ) ;
#347 =( LENGTH_UNIT ( ) NAMED_UNIT ( * ) SI_UNIT ( .MILLI., .METRE. ) );
#348 = ORIENTED_EDGE ( 'NONE', *, *, #897, .T. ) ;
#349 = PRESENTATION_LAYER_ASSIGNMENT (  '', '', ( #4670 ) ) ;
#350 = FILL_AREA_STYLE ('',( #662 ) ) ;
#351 = CARTESIAN_POINT ( 'NONE',  ( 11.25000000000000000, 12.86156426583980128, -4.799999999999999822 ) ) ;
#352 = CARTESIAN_POINT ( 'NONE',  ( 12.55000000000000071, 2.299999999999999822, -1.300000000000024025 ) ) ;
#353 = SURFACE_STYLE_FILL_AREA ( #4159 ) ;
#354 = VECTOR ( 'NONE', #3292, 1000.000000000000000 ) ;
#355 = PLANE ( 'NONE',  #2601 ) ;
#356 = ORIENTED_EDGE ( 'NONE', *, *, #3528, .T. ) ;
#357 = PRESENTATION_LAYER_ASSIGNMENT (  '', '', ( #2541 ) ) ;
#358 = CARTESIAN_POINT ( 'NONE',  ( 19.05000000000000071, -3.500000000000000000, -4.700000000000000178 ) ) ;
#359 = DIRECTION ( 'NONE',  ( -1.000000000000000000, 0.000000000000000000, 3.491481338843135327E-15 ) ) ;
#360 = DIRECTION ( 'NONE',  ( 3.449154059776895647E-15, 9.854725885076845551E-16, 1.000000000000000000 ) ) ;
#361 = ORIENTED_EDGE ( 'NONE', *, *, #3239, .T. ) ;
#362 = CARTESIAN_POINT ( 'NONE',  ( 22.10000000000000142, -4.392950033686029607E-15, -7.808756443470239894 ) ) ;
#363 = EDGE_CURVE ( 'NONE', #3550, #2161, #1614, .T. ) ;
#364 = VERTEX_POINT ( 'NONE', #3044 ) ;
#365 = LINE ( 'NONE', #3070, #1313 ) ;
#366 =( LENGTH_UNIT ( ) NAMED_UNIT ( * ) SI_UNIT ( .MILLI., .METRE. ) );
#367 = PLANE ( 'NONE',  #3389 ) ;
#368 = ADVANCED_FACE ( 'NONE', ( #1155 ), #1897, .T. ) ;
#369 = CARTESIAN_POINT ( 'NONE',  ( -3.035766082959414308E-14, 0.000000000000000000, -10.20000000000000107 ) ) ;
#370 = PRESENTATION_STYLE_ASSIGNMENT (( #2972 ) ) ;
#371 = ORIENTED_EDGE ( 'NONE', *, *, #3832, .F. ) ;
#372 = ORIENTED_EDGE ( 'NONE', *, *, #4626, .T. ) ;
#373 = DIRECTION ( 'NONE',  ( 0.5000000000000008882, 0.000000000000000000, 0.8660254037844382635 ) ) ;
#374 = ORIENTED_EDGE ( 'NONE', *, *, #4486, .T. ) ;
#375 =( NAMED_UNIT ( * ) PLANE_ANGLE_UNIT ( ) SI_UNIT ( $, .RADIAN. ) );
#376 = VERTEX_POINT ( 'NONE', #3489 ) ;
#377 = DIRECTION ( 'NONE',  ( 0.1961161351381830731, 0.9805806756909203337, -6.847358260810042233E-16 ) ) ;
#378 = VECTOR ( 'NONE', #3377, 1000.000000000000000 ) ;
#379 = CARTESIAN_POINT ( 'NONE',  ( 18.75000000000000000, 11.59999999999999964, -4.799999999999999822 ) ) ;
#380 = DIRECTION ( 'NONE',  ( -4.090107484022710339E-30, 1.000000000000000000, -1.171453342316279939E-15 ) ) ;
#381 = SURFACE_STYLE_FILL_AREA ( #2735 ) ;
#382 = CARTESIAN_POINT ( 'NONE',  ( 12.96424679675904024, 12.86156426583980128, -5.200000000000000178 ) ) ;
#383 = DIRECTION ( 'NONE',  ( 1.000000000000000000, 0.000000000000000000, -3.491481338843135327E-15 ) ) ;
#384 = CARTESIAN_POINT ( 'NONE',  ( 22.50000000000000000, -4.392950033686029607E-15, -5.464378949326939192E-14 ) ) ;
#385 =( NAMED_UNIT ( * ) SI_UNIT ( $, .STERADIAN. ) SOLID_ANGLE_UNIT ( ) );
#386 = ORIENTED_EDGE ( 'NONE', *, *, #3604, .F. ) ;
#387 = DIRECTION ( 'NONE',  ( 0.8660254037844381525, 0.000000000000000000, -0.5000000000000007772 ) ) ;
#388 = EDGE_LOOP ( 'NONE', ( #1100, #1594, #4876, #459 ) ) ;
#389 = FILL_AREA_STYLE_COLOUR ( '', #1785 ) ;
#390 = LINE ( 'NONE', #3510, #815 ) ;
#391 = CARTESIAN_POINT ( 'NONE',  ( 9.450788672671510682, 12.14999999999999858, -4.400000000000000355 ) ) ;
#392 = DIRECTION ( 'NONE',  ( -1.000000000000000000, 0.000000000000000000, 3.684596229616635536E-15 ) ) ;
#393 = EDGE_CURVE ( 'NONE', #1258, #3944, #706, .T. ) ;
#394 = CARTESIAN_POINT ( 'NONE',  ( 5.489435465788649715, 12.65081076366930013, -5.200000000000000178 ) ) ;
#395 = EDGE_LOOP ( 'NONE', ( #4009, #2654, #2267, #2114, #3996, #4954 ) ) ;
#396 = VECTOR ( 'NONE', #1659, 999.9999999999998863 ) ;
#397 = DIRECTION ( 'NONE',  ( 1.000000000000000000, 0.000000000000000000, 0.000000000000000000 ) ) ;
#398 = DIRECTION ( 'NONE',  ( 3.447839964526936325E-15, 9.850971327219820043E-16, 1.000000000000000000 ) ) ;
#399 = ADVANCED_FACE ( 'NONE', ( #2662 ), #48, .F. ) ;
#400 = EDGE_CURVE ( 'NONE', #2266, #257, #3118, .T. ) ;
#401 = MECHANICAL_DESIGN_GEOMETRIC_PRESENTATION_REPRESENTATION (  '', ( #4320 ), #2978 ) ;
#402 = FILL_AREA_STYLE_COLOUR ( '', #4426 ) ;
#403 = EDGE_LOOP ( 'NONE', ( #658, #4177, #4622, #4744 ) ) ;
#404 = PRESENTATION_STYLE_ASSIGNMENT (( #1137 ) ) ;
#405 = PLANE ( 'NONE',  #3785 ) ;
#406 = ADVANCED_FACE ( 'NONE', ( #846 ), #1125, .T. ) ;
#407 = CARTESIAN_POINT ( 'NONE',  ( 20.50000000000000000, -2.928633355790690086E-15, -4.900593819634480042E-14 ) ) ;
#408 =( LENGTH_UNIT ( ) NAMED_UNIT ( * ) SI_UNIT ( .MILLI., .METRE. ) );
#409 = DIRECTION ( 'NONE',  ( 1.000000000000000000, 1.889646980599320192E-14, 1.445393392988216415E-14 ) ) ;
#410 = DIRECTION ( 'NONE',  ( -3.190018466692534643E-30, 1.000000000000000000, -9.136576017758440081E-16 ) ) ;
#411 = AXIS2_PLACEMENT_3D ( 'NONE', #3104, #4602, #1185 ) ;
#412 = CARTESIAN_POINT ( 'NONE',  ( 4.249999999999870326, 0.000000000000000000, -4.700000000000000178 ) ) ;
#413 = ORIENTED_EDGE ( 'NONE', *, *, #3325, .T. ) ;
#414 = DIRECTION ( 'NONE',  ( 1.000000000000000000, 0.000000000000000000, 1.445393392988216415E-14 ) ) ;
#415 = STYLED_ITEM ( 'NONE', ( #302 ), #1191 ) ;
#416 = ORIENTED_EDGE ( 'NONE', *, *, #1421, .T. ) ;
#417 = CARTESIAN_POINT ( 'NONE',  ( 20.71000000000000085, 12.14999999999999858, -4.400000000000000355 ) ) ;
#418 = DIRECTION ( 'NONE',  ( -3.646523314876840477E-30, 1.000000000000000000, -1.044405786824304065E-15 ) ) ;
#419 = DIRECTION ( 'NONE',  ( -3.491481338843135327E-15, 1.539695392878819727E-16, -1.000000000000000000 ) ) ;
#420 = DIRECTION ( 'NONE',  ( 0.000000000000000000, 1.000000000000000000, 0.000000000000000000 ) ) ;
#421 = AXIS2_PLACEMENT_3D ( 'NONE', #153, #3206, #2487 ) ;
#422 = VECTOR ( 'NONE', #1436, 1000.000000000000000 ) ;
#423 = DIRECTION ( 'NONE',  ( 3.445490377370109945E-15, 0.1617750270664809475, 0.9868276651055337689 ) ) ;
#424 = ORIENTED_EDGE ( 'NONE', *, *, #3553, .T. ) ;
#425 = CIRCLE ( 'NONE', #2679, 0.9000000000000000222 ) ;
#426 = CARTESIAN_POINT ( 'NONE',  ( 18.25000000000000000, -2.500000000000000000, -4.700000000000000178 ) ) ;
#427 = DIRECTION ( 'NONE',  ( 2.558534801238925484E-15, -0.6804510993672779895, 0.7327934916262990317 ) ) ;
#428 = AXIS2_PLACEMENT_3D ( 'NONE', #1121, #3849, #758 ) ;
#429 = MECHANICAL_DESIGN_GEOMETRIC_PRESENTATION_REPRESENTATION (  '', ( #2771 ), #509 ) ;
#430 =( NAMED_UNIT ( * ) SI_UNIT ( $, .STERADIAN. ) SOLID_ANGLE_UNIT ( ) );
#431 = ADVANCED_FACE ( 'NONE', ( #2340 ), #2880, .F. ) ;
#432 = EDGE_CURVE ( 'NONE', #29, #4576, #3249, .T. ) ;
#433 = ORIENTED_EDGE ( 'NONE', *, *, #3528, .F. ) ;
#434 = CARTESIAN_POINT ( 'NONE',  ( 9.523155335573999736, 12.75618793725309885, -5.200000000000000178 ) ) ;
#435 = COLOUR_RGB ( '',0.8313725490196077761, 0.8392156862745098200, 0.8313725490196077761 ) ;
#436 = CARTESIAN_POINT ( 'NONE',  ( 18.25000000000000000, 0.1499999992184100073, -5.500000000000000000 ) ) ;
#437 = CARTESIAN_POINT ( 'NONE',  ( 10.75000000000000000, 0.1499999992184100073, -5.500000000000000000 ) ) ;
#438 = FILL_AREA_STYLE ('',( #4240 ) ) ;
#439 = CIRCLE ( 'NONE', #2379, 0.2999999999999999334 ) ;
#440 = CARTESIAN_POINT ( 'NONE',  ( 20.40646071174240106, 12.94092135887180106, -4.400000000000000355 ) ) ;
#441 = LINE ( 'NONE', #753, #983 ) ;
#442 = AXIS2_PLACEMENT_3D ( 'NONE', #4519, #3812, #3733 ) ;
#443 = FILL_AREA_STYLE ('',( #40 ) ) ;
#444 = CARTESIAN_POINT ( 'NONE',  ( 11.25000000000000000, 12.86156426583980128, -4.799999999999999822 ) ) ;
#445 = ORIENTED_EDGE ( 'NONE', *, *, #1589, .T. ) ;
#446 = CARTESIAN_POINT ( 'NONE',  ( 3.750000000000000000, 11.59999999999999964, -4.799999999999999822 ) ) ;
#447 = ORIENTED_EDGE ( 'NONE', *, *, #3604, .T. ) ;
#448 = CARTESIAN_POINT ( 'NONE',  ( 3.750000000000000000, 12.84999999999999964, -4.799999999999999822 ) ) ;
#449 = CARTESIAN_POINT ( 'NONE',  ( 11.25000000000000000, 14.09999999999999964, -4.799999999999999822 ) ) ;
#450 = CARTESIAN_POINT ( 'NONE',  ( 22.07499999999999929, -4.392950033686029607E-15, -1.755677313259615069 ) ) ;
#451 = FACE_OUTER_BOUND ( 'NONE', #1924, .T. ) ;
#452 = AXIS2_PLACEMENT_3D ( 'NONE', #245, #1447, #3015 ) ;
#453 = EDGE_LOOP ( 'NONE', ( #4547, #4434, #1422, #186 ) ) ;
#454 = CARTESIAN_POINT ( 'NONE',  ( 22.50000000000000000, 7.100000000000000533, -0.9000000000000579758 ) ) ;
#455 = CARTESIAN_POINT ( 'NONE',  ( -0.4699999999999999734, 1.464316677895339915E-15, -1.619999999999999885 ) ) ;
#456 = LINE ( 'NONE', #503, #1728 ) ;
#457 = CARTESIAN_POINT ( 'NONE',  ( 11.75000000000000000, -5.550000000781570186, -5.500000000000000000 ) ) ;
#458 = UNCERTAINTY_MEASURE_WITH_UNIT (LENGTH_MEASURE( 1.000000000000000082E-05 ), #1408, 'distance_accuracy_value', 'NONE');
#459 = ORIENTED_EDGE ( 'NONE', *, *, #4864, .F. ) ;
#460 = FILL_AREA_STYLE ('',( #1198 ) ) ;
#461 = FILL_AREA_STYLE ('',( #2385 ) ) ;
#462 = ADVANCED_FACE ( 'NONE', ( #3953 ), #3632, .T. ) ;
#463 = FACE_OUTER_BOUND ( 'NONE', #2391, .T. ) ;
#464 = FACE_OUTER_BOUND ( 'NONE', #3505, .T. ) ;
#465 = B_SPLINE_CURVE_WITH_KNOTS ( 'NONE', 3,
 ( #1021, #1040, #2579, #3679, #3729, #2, #3090, #4455, #4587, #3359 ),
 .UNSPECIFIED., .F., .F.,
 ( 4, 2, 2, 2, 4 ),
 ( 0.000000000000000000, 0.2500000000000157652, 0.3750000000000392464, 0.5000000000000627276, 1.000000000000000000 ),
 .UNSPECIFIED. ) ;
#466 = DIRECTION ( 'NONE',  ( 3.941890354030738221E-15, 9.854725885076845551E-16, 1.000000000000000000 ) ) ;
#467 = ORIENTED_EDGE ( 'NONE', *, *, #1443, .F. ) ;
#468 = SURFACE_STYLE_FILL_AREA ( #4298 ) ;
#469 = VERTEX_POINT ( 'NONE', #2467 ) ;
#470 = CARTESIAN_POINT ( 'NONE',  ( 16.78000000000000114, 12.14999999999999858, -4.400000000000000355 ) ) ;
#471 = ORIENTED_EDGE ( 'NONE', *, *, #1826, .F. ) ;
#472 = DIRECTION ( 'NONE',  ( 3.491481338843135327E-15, 0.000000000000000000, 1.000000000000000000 ) ) ;
#473 = SURFACE_STYLE_FILL_AREA ( #75 ) ;
#474 = ORIENTED_EDGE ( 'NONE', *, *, #4486, .F. ) ;
#475 = FILL_AREA_STYLE_COLOUR ( '', #4351 ) ;
#476 = FACE_OUTER_BOUND ( 'NONE', #1917, .T. ) ;
#477 = EDGE_CURVE ( 'NONE', #3204, #3333, #170, .T. ) ;
#478 = LINE ( 'NONE', #3207, #1471 ) ;
#479 = SURFACE_STYLE_USAGE ( .BOTH. , #3538 ) ;
#480 = PRESENTATION_LAYER_ASSIGNMENT (  '', '', ( #2651 ) ) ;
#481 = VERTEX_POINT ( 'NONE', #4721 ) ;
#482 =( GEOMETRIC_REPRESENTATION_CONTEXT ( 3 ) GLOBAL_UNCERTAINTY_ASSIGNED_CONTEXT ( ( #1731 ) ) GLOBAL_UNIT_ASSIGNED_CONTEXT ( ( #366, #1919, #2104 ) ) REPRESENTATION_CONTEXT ( 'NONE', 'WORKASPACE' ) );
#483 = FACE_OUTER_BOUND ( 'NONE', #3309, .T. ) ;
#484 =( LENGTH_UNIT ( ) NAMED_UNIT ( * ) SI_UNIT ( .MILLI., .METRE. ) );
#485 = CARTESIAN_POINT ( 'NONE',  ( 20.04999999999999716, 5.299999999999999822, -1.300000000000050004 ) ) ;
#486 =( NAMED_UNIT ( * ) SI_UNIT ( $, .STERADIAN. ) SOLID_ANGLE_UNIT ( ) );
#487 = B_SPLINE_CURVE_WITH_KNOTS ( 'NONE', 3,
 ( #2137, #2162, #4732, #3645, #1294, #210, #3282, #2911, #3669, #1317, #1772, #2457 ),
 .UNSPECIFIED., .F., .F.,
 ( 4, 2, 2, 2, 2, 4 ),
 ( 0.000000000000000000, 0.1656850625120299958, 0.3885890814077059829, 0.6150867865062989992, 0.8474117590107780318, 1.000000000000000000 ),
 .UNSPECIFIED. ) ;
#488 = PRESENTATION_LAYER_ASSIGNMENT (  '', '', ( #317 ) ) ;
#489 = PRODUCT_CONTEXT ( 'NONE', #3640, 'mechanical' ) ;
#490 = ORIENTED_EDGE ( 'NONE', *, *, #2257, .F. ) ;
#491 =( NAMED_UNIT ( * ) SI_UNIT ( $, .STERADIAN. ) SOLID_ANGLE_UNIT ( ) );
#492 = DIRECTION ( 'NONE',  ( -3.491481338843135327E-15, 0.000000000000000000, -1.000000000000000000 ) ) ;
#493 = ORIENTED_EDGE ( 'NONE', *, *, #3058, .T. ) ;
#494 = ORIENTED_EDGE ( 'NONE', *, *, #61, .T. ) ;
#495 = CARTESIAN_POINT ( 'NONE',  ( 2.037142031962547506, 12.87318128513612336, -5.199999999999999289 ) ) ;
#496 = DIRECTION ( 'NONE',  ( 1.000000000000000000, 0.000000000000000000, -3.491481338843135327E-15 ) ) ;
#497 = STYLED_ITEM ( 'NONE', ( #243 ), #1180 ) ;
#498 = CARTESIAN_POINT ( 'NONE',  ( 9.550273443621684066, 12.90828216482545976, -4.399997778231290013 ) ) ;
#499 = EDGE_CURVE ( 'NONE', #2312, #3582, #149, .T. ) ;
#500 = ORIENTED_EDGE ( 'NONE', *, *, #1612, .F. ) ;
#501 = FACE_OUTER_BOUND ( 'NONE', #4166, .T. ) ;
#502 = CIRCLE ( 'NONE', #4412, 0.1300000000000016420 ) ;
#503 = CARTESIAN_POINT ( 'NONE',  ( 26.25000000000000000, 13.87351249054149882, -7.957244095797278760 ) ) ;
#504 = COLOUR_RGB ( '',0.8313725490196077761, 0.8392156862745098200, 0.8313725490196077761 ) ;
#505 = VECTOR ( 'NONE', #3142, 1000.000000000000114 ) ;
#506 = ORIENTED_EDGE ( 'NONE', *, *, #2553, .F. ) ;
#507 = CARTESIAN_POINT ( 'NONE',  ( -0.6000000000000249578, 6.700000000000000178, -8.769999999999999574 ) ) ;
#508 = AXIS2_PLACEMENT_3D ( 'NONE', #446, #1586, #3148 ) ;
#509 =( GEOMETRIC_REPRESENTATION_CONTEXT ( 3 ) GLOBAL_UNCERTAINTY_ASSIGNED_CONTEXT ( ( #1012 ) ) GLOBAL_UNIT_ASSIGNED_CONTEXT ( ( #2956, #2567, #941 ) ) REPRESENTATION_CONTEXT ( 'NONE', 'WORKASPACE' ) );
#510 = DIRECTION ( 'NONE',  ( -1.445393392988216415E-14, 0.000000000000000000, 1.000000000000000000 ) ) ;
#511 = DIRECTION ( 'NONE',  ( -1.794541526872519968E-14, 1.000000000000000000, 7.429178088055459347E-29 ) ) ;
#512 = UNCERTAINTY_MEASURE_WITH_UNIT (LENGTH_MEASURE( 1.000000000000000082E-05 ), #1415, 'distance_accuracy_value', 'NONE');
#513 = STYLED_ITEM ( 'NONE', ( #3692 ), #3558 ) ;
#514 = AXIS2_PLACEMENT_3D ( 'NONE', #3391, #4906, #1386 ) ;
#515 = DIRECTION ( 'NONE',  ( 4.043238169624559932E-15, 1.171453342316279939E-15, 1.000000000000000000 ) ) ;
#516 = DIRECTION ( 'NONE',  ( 1.889646980599320192E-14, -1.000000000000000000, -6.045464536109090009E-29 ) ) ;
#517 = EDGE_LOOP ( 'NONE', ( #3311, #4150, #490, #4308 ) ) ;
#518 = PRESENTATION_LAYER_ASSIGNMENT (  '', '', ( #2607 ) ) ;
#519 = ORIENTED_EDGE ( 'NONE', *, *, #3921, .F. ) ;
#520 = DIRECTION ( 'NONE',  ( -3.495484022111249990E-30, 1.000000000000000000, -9.411788633772680037E-16 ) ) ;
#521 = FILL_AREA_STYLE ('',( #589 ) ) ;
#522 = ORIENTED_EDGE ( 'NONE', *, *, #732, .T. ) ;
#523 = VECTOR ( 'NONE', #3226, 1000.000000000000000 ) ;
#524 = CARTESIAN_POINT ( 'NONE',  ( -0.4050000000000245071, 1.464316677895339915E-15, -8.882583302491958932 ) ) ;
#525 = ORIENTED_EDGE ( 'NONE', *, *, #2646, .T. ) ;
#526 = DIRECTION ( 'NONE',  ( 1.253368756442005312E-15, 0.9333456062030596190, 0.3589790793088687981 ) ) ;
#527 = STYLED_ITEM ( 'NONE', ( #1257 ), #4229 ) ;
#528 = CARTESIAN_POINT ( 'NONE',  ( 12.55000000000000071, 6.463650144630769706E-15, -1.600000000000024958 ) ) ;
#529 = EDGE_CURVE ( 'NONE', #4717, #1254, #1688, .T. ) ;
#530 = VECTOR ( 'NONE', #1212, 1000.000000000000114 ) ;
#531 = CARTESIAN_POINT ( 'NONE',  ( 11.24999999999999289, 11.59999999999999964, -6.774999999999999467 ) ) ;
#532 = CARTESIAN_POINT ( 'NONE',  ( 22.50000000000000000, -4.392950033686029607E-15, -8.039696551146089831 ) ) ;
#533 = SURFACE_STYLE_FILL_AREA ( #3863 ) ;
#534 = EDGE_LOOP ( 'NONE', ( #4179, #2377, #3246 ) ) ;
#535 = DIRECTION ( 'NONE',  ( 3.491481338843135327E-15, 0.000000000000000000, 1.000000000000000000 ) ) ;
#536 = CARTESIAN_POINT ( 'NONE',  ( 5.362082860990540212, 12.94999999999999929, -4.400000000000000355 ) ) ;
#537 = CARTESIAN_POINT ( 'NONE',  ( 9.279999999999999361, 12.14999999999999858, -5.200000000000000178 ) ) ;
#538 = FACE_OUTER_BOUND ( 'NONE', #3421, .T. ) ;
#539 = VERTEX_POINT ( 'NONE', #2483 ) ;
#540 = ORIENTED_EDGE ( 'NONE', *, *, #2152, .T. ) ;
#541 = ORIENTED_EDGE ( 'NONE', *, *, #3565, .F. ) ;
#542 = PLANE ( 'NONE',  #4162 ) ;
#543 = VERTEX_POINT ( 'NONE', #4779 ) ;
#544 = SURFACE_STYLE_FILL_AREA ( #1284 ) ;
#545 = CARTESIAN_POINT ( 'NONE',  ( 1.982239702486099819, 12.41362307109989871, -5.200000000000000178 ) ) ;
#546 = FILL_AREA_STYLE_COLOUR ( '', #3900 ) ;
#547 = CARTESIAN_POINT ( 'NONE',  ( 11.25000000000000711, 11.67312853167970133, -2.901341823842455536 ) ) ;
#548 = DIRECTION ( 'NONE',  ( -1.000000000000000000, 0.000000000000000000, 3.491481338843135327E-15 ) ) ;
#549 = DIRECTION ( 'NONE',  ( -4.090107484022710339E-30, 1.000000000000000000, -1.171453342316279939E-15 ) ) ;
#550 = ORIENTED_EDGE ( 'NONE', *, *, #1640, .T. ) ;
#551 = LINE ( 'NONE', #2115, #1067 ) ;
#552 = EDGE_CURVE ( 'NONE', #1442, #3519, #3998, .T. ) ;
#553 = LINE ( 'NONE', #4791, #4745 ) ;
#554 = AXIS2_PLACEMENT_3D ( 'NONE', #407, #4214, #3822 ) ;
#555 = UNCERTAINTY_MEASURE_WITH_UNIT (LENGTH_MEASURE( 1.000000000000000082E-05 ), #287, 'distance_accuracy_value', 'NONE');
#556 = EDGE_CURVE ( 'NONE', #3971, #4922, #1742, .T. ) ;
#557 = DIRECTION ( 'NONE',  ( -1.063767053708800029E-15, 1.000000000000000000, -1.644003628459039925E-15 ) ) ;
#558 = CARTESIAN_POINT ( 'NONE',  ( 16.78000000000000114, 12.94999999999999929, -5.200000000000000178 ) ) ;
#559 = VERTEX_POINT ( 'NONE', #1261 ) ;
#560 = ORIENTED_EDGE ( 'NONE', *, *, #620, .F. ) ;
#561 = FILL_AREA_STYLE ('',( #3993 ) ) ;
#562 = EDGE_LOOP ( 'NONE', ( #1402, #550, #1214, #345, #4231, #1682 ) ) ;
#563 = MECHANICAL_DESIGN_GEOMETRIC_PRESENTATION_REPRESENTATION (  '', ( #317 ), #3370 ) ;
#564 = SURFACE_SIDE_STYLE ('',( #544 ) ) ;
#565 = LINE ( 'NONE', #2442, #908 ) ;
#566 = DIRECTION ( 'NONE',  ( 3.440759152716020001E-30, -1.000000000000000000, 9.854725885076841607E-16 ) ) ;
#567 = CARTESIAN_POINT ( 'NONE',  ( -0.5999999999999999778, 6.700000000000000178, -1.619999999999999885 ) ) ;
#568 = AXIS2_PLACEMENT_3D ( 'NONE', #2900, #4778, #167 ) ;
#569 = CARTESIAN_POINT ( 'NONE',  ( 12.97684466442054152, 12.75618793725179856, -5.200000000000000178 ) ) ;
#570 = FILL_AREA_STYLE_COLOUR ( '', #896 ) ;
#571 = VECTOR ( 'NONE', #2360, 1000.000000000000000 ) ;
#572 = FILL_AREA_STYLE ('',( #1770 ) ) ;
#573 = AXIS2_PLACEMENT_3D ( 'NONE', #3120, #2255, #39 ) ;
#574 = VERTEX_POINT ( 'NONE', #2796 ) ;
#575 = CARTESIAN_POINT ( 'NONE',  ( 12.55000000000000071, 2.299999999999999822, -1.500000000000024869 ) ) ;
#576 = PLANE ( 'NONE',  #3170 ) ;
#577 = MECHANICAL_DESIGN_GEOMETRIC_PRESENTATION_REPRESENTATION (  '', ( #3475 ), #4479 ) ;
#578 = VECTOR ( 'NONE', #814, 1000.000000000000000 ) ;
#579 = EDGE_CURVE ( 'NONE', #3687, #4731, #3110, .T. ) ;
#580 = DIRECTION ( 'NONE',  ( 0.000000000000000000, -1.000000000000000000, 0.000000000000000000 ) ) ;
#581 = EDGE_CURVE ( 'NONE', #1059, #3736, #4090, .T. ) ;
#582 = DIRECTION ( 'NONE',  ( 0.000000000000000000, -1.000000000000000000, 0.000000000000000000 ) ) ;
#583 = STYLED_ITEM ( 'NONE', ( #776 ), #2039 ) ;
#584 = FILL_AREA_STYLE_COLOUR ( '', #1366 ) ;
#585 = ORIENTED_EDGE ( 'NONE', *, *, #828, .T. ) ;
#586 =( GEOMETRIC_REPRESENTATION_CONTEXT ( 3 ) GLOBAL_UNCERTAINTY_ASSIGNED_CONTEXT ( ( #3622 ) ) GLOBAL_UNIT_ASSIGNED_CONTEXT ( ( #4823, #3371, #3334 ) ) REPRESENTATION_CONTEXT ( 'NONE', 'WORKASPACE' ) );
#587 = VERTEX_POINT ( 'NONE', #2578 ) ;
#588 = CARTESIAN_POINT ( 'NONE',  ( -0.6000000000000219602, 1.464316677895339915E-15, -7.929999999999999716 ) ) ;
#589 = FILL_AREA_STYLE_COLOUR ( '', #2299 ) ;
#590 = EDGE_LOOP ( 'NONE', ( #4318, #1000, #1756, #2795 ) ) ;
#591 = FACE_OUTER_BOUND ( 'NONE', #562, .T. ) ;
#592 = CARTESIAN_POINT ( 'NONE',  ( 12.89069295710243601, 12.94680792429095284, -5.200052738297834765 ) ) ;
#593 = FACE_OUTER_BOUND ( 'NONE', #1015, .T. ) ;
#594 = DIRECTION ( 'NONE',  ( 3.491481338843135327E-15, 0.000000000000000000, 1.000000000000000000 ) ) ;
#595 = CARTESIAN_POINT ( 'NONE',  ( 9.637917139009488210, 12.94999999999999929, -4.400000000000000355 ) ) ;
#596 = VECTOR ( 'NONE', #4381, 1000.000000000000114 ) ;
#597 =( NAMED_UNIT ( * ) PLANE_ANGLE_UNIT ( ) SI_UNIT ( $, .RADIAN. ) );
#598 = AXIS2_PLACEMENT_3D ( 'NONE', #1466, #3009, #4505 ) ;
#599 = DIRECTION ( 'NONE',  ( 1.000000000000000000, 0.000000000000000000, -3.336006684570740700E-15 ) ) ;
#600 = VECTOR ( 'NONE', #4539, 1000.000000000000000 ) ;
#601 = EDGE_LOOP ( 'NONE', ( #1457, #1620, #951, #4578 ) ) ;
#602 = CARTESIAN_POINT ( 'NONE',  ( 11.25000000000000000, 11.59999999999999964, -4.799999999999999822 ) ) ;
#603 = SURFACE_SIDE_STYLE ('',( #4012 ) ) ;
#604 = UNCERTAINTY_MEASURE_WITH_UNIT (LENGTH_MEASURE( 1.000000000000000082E-05 ), #3631, 'distance_accuracy_value', 'NONE');
#605 = DIRECTION ( 'NONE',  ( 0.000000000000000000, -1.000000000000000000, 0.000000000000000000 ) ) ;
#606 = ORIENTED_EDGE ( 'NONE', *, *, #3501, .T. ) ;
#607 = ORIENTED_EDGE ( 'NONE', *, *, #2179, .F. ) ;
#608 = DIRECTION ( 'NONE',  ( 0.000000000000000000, -1.171453342316279939E-15, -1.000000000000000000 ) ) ;
#609 = CARTESIAN_POINT ( 'NONE',  ( 22.50000000000000000, 13.79999999999999893, -2.154824120534990062 ) ) ;
#610 = ORIENTED_EDGE ( 'NONE', *, *, #2906, .F. ) ;
#611 = DIRECTION ( 'NONE',  ( 3.513364001978343273E-15, 0.000000000000000000, 1.000000000000000000 ) ) ;
#612 = CARTESIAN_POINT ( 'NONE',  ( 12.90777057008736683, 12.93980888195992129, -5.200048203779039646 ) ) ;
#613 = PRESENTATION_STYLE_ASSIGNMENT (( #2988 ) ) ;
#614 = VECTOR ( 'NONE', #4327, 1000.000000000000000 ) ;
#615 = EDGE_CURVE ( 'NONE', #1244, #3866, #3659, .T. ) ;
#616 = FACE_OUTER_BOUND ( 'NONE', #3244, .T. ) ;
#617 = ORIENTED_EDGE ( 'NONE', *, *, #3091, .F. ) ;
#618 = CARTESIAN_POINT ( 'NONE',  ( -0.6000000000000219602, 6.700000000000000178, -7.929999999999999716 ) ) ;
#619 = DIRECTION ( 'NONE',  ( -1.000000000000000000, 0.000000000000000000, 3.491481338843135327E-15 ) ) ;
#620 = EDGE_CURVE ( 'NONE', #2554, #2254, #1617, .T. ) ;
#621 = FILL_AREA_STYLE_COLOUR ( '', #3486 ) ;
#622 = CARTESIAN_POINT ( 'NONE',  ( 22.00999999999999801, -4.392950033686029607E-15, -7.906905989232479115 ) ) ;
#623 = EDGE_LOOP ( 'NONE', ( #3526, #4583, #3440, #1651 ) ) ;
#624 = CARTESIAN_POINT ( 'NONE',  ( 5.549211327328469778, 12.14999999999999858, -4.400000000000000355 ) ) ;
#625 = AXIS2_PLACEMENT_3D ( 'NONE', #3094, #2790, #1276 ) ;
#626 = VERTEX_POINT ( 'NONE', #3294 ) ;
#627 = DIRECTION ( 'NONE',  ( 0.000000000000000000, 1.000000000000000000, 0.000000000000000000 ) ) ;
#628 = CARTESIAN_POINT ( 'NONE',  ( 12.96424679675904024, 12.86156426583980128, -5.200000000000000178 ) ) ;
#629 = MECHANICAL_DESIGN_GEOMETRIC_PRESENTATION_REPRESENTATION (  '', ( #4642 ), #482 ) ;
#630 = VECTOR ( 'NONE', #4220, 1000.000000000000000 ) ;
#631 = DIRECTION ( 'NONE',  ( 0.000000000000000000, 0.000000000000000000, 1.000000000000000000 ) ) ;
#632 = STYLED_ITEM ( 'NONE', ( #3467 ), #881 ) ;
#633 = ADVANCED_FACE ( 'NONE', ( #1781 ), #2189, .T. ) ;
#634 =( NAMED_UNIT ( * ) SI_UNIT ( $, .STERADIAN. ) SOLID_ANGLE_UNIT ( ) );
#635 = VERTEX_POINT ( 'NONE', #3698 ) ;
#636 = SURFACE_STYLE_USAGE ( .BOTH. , #2269 ) ;
#637 = CARTESIAN_POINT ( 'NONE',  ( 20.04999999999999716, 6.700000000000000178, -1.300000000000050004 ) ) ;
#638 = AXIS2_PLACEMENT_3D ( 'NONE', #4161, #2714, #4559 ) ;
#639 = UNCERTAINTY_MEASURE_WITH_UNIT (LENGTH_MEASURE( 1.000000000000000082E-05 ), #3678, 'distance_accuracy_value', 'NONE');
#640 = CARTESIAN_POINT ( 'NONE',  ( 11.75000000000000000, 0.000000000000000000, -10.20000000000031903 ) ) ;
#641 = VECTOR ( 'NONE', #3111, 1000.000000000000000 ) ;
#642 = ORIENTED_EDGE ( 'NONE', *, *, #824, .F. ) ;
#643 = VECTOR ( 'NONE', #582, 1000.000000000000000 ) ;
#644 = ORIENTED_EDGE ( 'NONE', *, *, #2199, .T. ) ;
#645 = CIRCLE ( 'NONE', #2361, 1.898658176328949843 ) ;
#646 = SURFACE_STYLE_USAGE ( .BOTH. , #670 ) ;
#647 = COLOUR_RGB ( '',0.8313725490196077761, 0.8392156862745098200, 0.8313725490196077761 ) ;
#648 = VERTEX_POINT ( 'NONE', #1066 ) ;
#649 = CARTESIAN_POINT ( 'NONE',  ( 3.750000000000000000, 14.09999999999999964, -4.799999999999999822 ) ) ;
#650 = CARTESIAN_POINT ( 'NONE',  ( 2.060565600584895574, 12.91623869234281941, -5.200004712590711620 ) ) ;
#651 = FACE_OUTER_BOUND ( 'NONE', #4291, .T. ) ;
#652 = AXIS2_PLACEMENT_3D ( 'NONE', #3434, #4563, #2689 ) ;
#653 = CARTESIAN_POINT ( 'NONE',  ( 17.03575320324094733, 12.86156426583989898, -4.400000000000000355 ) ) ;
#654 = AXIS2_PLACEMENT_3D ( 'NONE', #3291, #1779, #2713 ) ;
#655 = VECTOR ( 'NONE', #3835, 1000.000000000000000 ) ;
#656 = VECTOR ( 'NONE', #3670, 1000.000000000000000 ) ;
#657 = DIRECTION ( 'NONE',  ( 1.000000000000000000, 0.000000000000000000, -3.513364001978341695E-15 ) ) ;
#658 = ORIENTED_EDGE ( 'NONE', *, *, #2841, .F. ) ;
#659 = VERTEX_POINT ( 'NONE', #263 ) ;
#660 = AXIS2_PLACEMENT_3D ( 'NONE', #3361, #1841, #311 ) ;
#661 = PLANE ( 'NONE',  #4494 ) ;
#662 = FILL_AREA_STYLE_COLOUR ( '', #4184 ) ;
#663 = PRESENTATION_LAYER_ASSIGNMENT (  '', '', ( #527 ) ) ;
#664 = FILL_AREA_STYLE ('',( #621 ) ) ;
#665 = CARTESIAN_POINT ( 'NONE',  ( -2.341876692568689893E-14, 6.700000000000000178, -8.648756443470160704 ) ) ;
#666 = PRESENTATION_LAYER_ASSIGNMENT (  '', '', ( #752 ) ) ;
#667 = PLANE ( 'NONE',  #4955 ) ;
#668 = ORIENTED_EDGE ( 'NONE', *, *, #1475, .F. ) ;
#669 = DIRECTION ( 'NONE',  ( -3.491481338843135327E-15, 0.000000000000000000, -1.000000000000000000 ) ) ;
#670 = SURFACE_SIDE_STYLE ('',( #695 ) ) ;
#671 = EDGE_LOOP ( 'NONE', ( #2334, #2641, #2565, #2466, #3691, #2237 ) ) ;
#672 = FACE_OUTER_BOUND ( 'NONE', #2014, .T. ) ;
#673 = EDGE_CURVE ( 'NONE', #810, #3204, #4889, .T. ) ;
#674 = FILL_AREA_STYLE ('',( #4802 ) ) ;
#675 = CARTESIAN_POINT ( 'NONE',  ( 0.000000000000000000, 0.000000000000000000, 0.000000000000000000 ) ) ;
#676 = VERTEX_POINT ( 'NONE', #3013 ) ;
#677 =( NAMED_UNIT ( * ) PLANE_ANGLE_UNIT ( ) SI_UNIT ( $, .RADIAN. ) );
#678 = TOROIDAL_SURFACE ( 'NONE', #4524, 1.660966932452119904, 0.1000000000000000056 ) ;
#679 = EDGE_CURVE ( 'NONE', #4960, #2605, #4053, .T. ) ;
#680 = FACE_OUTER_BOUND ( 'NONE', #4138, .T. ) ;
#681 = SURFACE_SIDE_STYLE ('',( #2994 ) ) ;
#682 = VERTEX_POINT ( 'NONE', #4828 ) ;
#683 = EDGE_LOOP ( 'NONE', ( #1713, #4102 ) ) ;
#684 = EDGE_LOOP ( 'NONE', ( #3790, #2896, #4051, #4573 ) ) ;
#685 = ORIENTED_EDGE ( 'NONE', *, *, #4706, .F. ) ;
#686 = DIRECTION ( 'NONE',  ( 0.1961161351381840445, -0.9805806756909201116, -6.847358260810082662E-16 ) ) ;
#687 = SURFACE_SIDE_STYLE ('',( #4210 ) ) ;
#688 = UNCERTAINTY_MEASURE_WITH_UNIT (LENGTH_MEASURE( 1.000000000000000082E-05 ), #862, 'distance_accuracy_value', 'NONE');
#689 = EDGE_CURVE ( 'NONE', #587, #4319, #1374, .T. ) ;
#690 = DIRECTION ( 'NONE',  ( 3.941890354030738221E-15, 9.854725885076845551E-16, 1.000000000000000000 ) ) ;
#691 = ORIENTED_EDGE ( 'NONE', *, *, #144, .F. ) ;
#692 = ORIENTED_EDGE ( 'NONE', *, *, #2052, .F. ) ;
#693 = SURFACE_STYLE_USAGE ( .BOTH. , #3450 ) ;
#694 = EDGE_CURVE ( 'NONE', #2800, #58, #1468, .T. ) ;
#695 = SURFACE_STYLE_FILL_AREA ( #4451 ) ;
#696 = ORIENTED_EDGE ( 'NONE', *, *, #1050, .F. ) ;
#697 = CARTESIAN_POINT ( 'NONE',  ( 2.000000000000000000, 6.700000000000000178, 3.035766082959410049E-15 ) ) ;
#698 = AXIS2_PLACEMENT_3D ( 'NONE', #322, #1492, #3398 ) ;
#699 = DIRECTION ( 'NONE',  ( 0.000000000000000000, 0.000000000000000000, -1.000000000000000000 ) ) ;
#700 = DIRECTION ( 'NONE',  ( 0.000000000000000000, 0.000000000000000000, 1.000000000000000000 ) ) ;
#701 = VERTEX_POINT ( 'NONE', #2193 ) ;
#702 = VECTOR ( 'NONE', #2551, 1000.000000000000000 ) ;
#703 = DIRECTION ( 'NONE',  ( -1.000000000000000000, 0.000000000000000000, 3.491481338843135327E-15 ) ) ;
#704 = ORIENTED_EDGE ( 'NONE', *, *, #4008, .T. ) ;
#705 = DIRECTION ( 'NONE',  ( 1.253368756442005312E-15, 0.9333456062030596190, 0.3589790793088687981 ) ) ;
#706 = CIRCLE ( 'NONE', #4872, 0.1300000000000016420 ) ;
#707 = SURFACE_STYLE_FILL_AREA ( #3342 ) ;
#708 = DIRECTION ( 'NONE',  ( 1.000000000000000000, 0.000000000000000000, -3.336006684570784088E-15 ) ) ;
#709 = FACE_OUTER_BOUND ( 'NONE', #3464, .T. ) ;
#710 = VERTEX_POINT ( 'NONE', #1813 ) ;
#711 = EDGE_LOOP ( 'NONE', ( #1485, #4087, #2671, #1601 ) ) ;
#712 = FILL_AREA_STYLE ('',( #3365 ) ) ;
#713 = VERTEX_POINT ( 'NONE', #2717 ) ;
#714 = AXIS2_PLACEMENT_3D ( 'NONE', #455, #1980, #24 ) ;
#715 = DIRECTION ( 'NONE',  ( -3.491481338843135327E-15, 0.000000000000000000, -1.000000000000000000 ) ) ;
#716 = PLANE ( 'NONE',  #3262 ) ;
#717 = COLOUR_RGB ( '',0.8313725490196077761, 0.8392156862745098200, 0.8313725490196077761 ) ;
#718 = CARTESIAN_POINT ( 'NONE',  ( 20.48943546578865238, 12.65081076366930013, -4.400000000000000355 ) ) ;
#719 =( LENGTH_UNIT ( ) NAMED_UNIT ( * ) SI_UNIT ( .MILLI., .METRE. ) );
#720 = EDGE_LOOP ( 'NONE', ( #1884, #962, #1708, #474 ) ) ;
#721 = DIRECTION ( 'NONE',  ( -1.000000000000000000, 0.000000000000000000, 3.491481338843135327E-15 ) ) ;
#722 = PRESENTATION_LAYER_ASSIGNMENT (  '', '', ( #1143 ) ) ;
#723 = EDGE_CURVE ( 'NONE', #4448, #1184, #1584, .T. ) ;
#724 = CARTESIAN_POINT ( 'NONE',  ( 11.25000000000000000, 12.94999999999999929, -4.799999999999999822 ) ) ;
#725 = EDGE_CURVE ( 'NONE', #1778, #2266, #2746, .T. ) ;
#726 = CARTESIAN_POINT ( 'NONE',  ( 4.049999999999999822, -3.500000000000000000, -5.500000000000000000 ) ) ;
#727 = CIRCLE ( 'NONE', #2854, 1.760296020616589852 ) ;
#728 = ORIENTED_EDGE ( 'NONE', *, *, #226, .T. ) ;
#729 = DIRECTION ( 'NONE',  ( 1.000000000000000000, 0.000000000000000000, 0.000000000000000000 ) ) ;
#730 = EDGE_LOOP ( 'NONE', ( #4126, #4253, #894, #2756 ) ) ;
#731 = DIRECTION ( 'NONE',  ( 3.447839964526936325E-15, 9.850971327219820043E-16, 1.000000000000000000 ) ) ;
#732 = EDGE_CURVE ( 'NONE', #334, #3992, #4560, .T. ) ;
#733 = AXIS2_PLACEMENT_3D ( 'NONE', #4616, #3186, #1138 ) ;
#734 = CARTESIAN_POINT ( 'NONE',  ( 1.950788672671505131, 12.14999999999999858, -4.400000000000000355 ) ) ;
#735 = AXIS2_PLACEMENT_3D ( 'NONE', #4733, #1365, #619 ) ;
#736 =( NAMED_UNIT ( * ) PLANE_ANGLE_UNIT ( ) SI_UNIT ( $, .RADIAN. ) );
#737 = DIRECTION ( 'NONE',  ( -4.336808689942025625E-15, 0.000000000000000000, -1.000000000000000000 ) ) ;
#738 = COLOUR_RGB ( '',0.8313725490196077761, 0.8392156862745098200, 0.8313725490196077761 ) ;
#739 = DIRECTION ( 'NONE',  ( -1.000000000000000000, 0.000000000000000000, 3.491481338843135327E-15 ) ) ;
#740 = ORIENTED_EDGE ( 'NONE', *, *, #2529, .T. ) ;
#741 = ORIENTED_EDGE ( 'NONE', *, *, #1420, .T. ) ;
#742 = PLANE ( 'NONE',  #3554 ) ;
#743 = ORIENTED_EDGE ( 'NONE', *, *, #3413, .F. ) ;
#744 = SURFACE_STYLE_FILL_AREA ( #2752 ) ;
#745 = EDGE_CURVE ( 'NONE', #2800, #4521, #970, .T. ) ;
#746 = ORIENTED_EDGE ( 'NONE', *, *, #277, .F. ) ;
#747 = UNCERTAINTY_MEASURE_WITH_UNIT (LENGTH_MEASURE( 1.000000000000000082E-05 ), #1017, 'distance_accuracy_value', 'NONE');
#748 =( NAMED_UNIT ( * ) SI_UNIT ( $, .STERADIAN. ) SOLID_ANGLE_UNIT ( ) );
#749 = SURFACE_STYLE_USAGE ( .BOTH. , #32 ) ;
#750 = VECTOR ( 'NONE', #2508, 999.9999999999998863 ) ;
#751 = CARTESIAN_POINT ( 'NONE',  ( 10.75000000000000000, -2.500000000000000000, -4.700000000000000178 ) ) ;
#752 = STYLED_ITEM ( 'NONE', ( #4457 ), #4554 ) ;
#753 = CARTESIAN_POINT ( 'NONE',  ( 22.50000000000000000, 14.09999999999999964, -7.900000000000000355 ) ) ;
#754 = EDGE_CURVE ( 'NONE', #3580, #1628, #4943, .T. ) ;
#755 = SURFACE_SIDE_STYLE ('',( #1521 ) ) ;
#756 =( LENGTH_UNIT ( ) NAMED_UNIT ( * ) SI_UNIT ( .MILLI., .METRE. ) );
#757 = VERTEX_POINT ( 'NONE', #3121 ) ;
#758 = DIRECTION ( 'NONE',  ( 3.513364001978343273E-15, 0.000000000000000000, 1.000000000000000000 ) ) ;
#759 = ORIENTED_EDGE ( 'NONE', *, *, #1545, .T. ) ;
#760 = DIRECTION ( 'NONE',  ( -0.8660254037844381525, 0.000000000000000000, 0.5000000000000007772 ) ) ;
#761 = DIRECTION ( 'NONE',  ( -3.764715453509072015E-15, -9.411788633772680037E-16, -1.000000000000000000 ) ) ;
#762 = CYLINDRICAL_SURFACE ( 'NONE', #2507, 0.1299999999999980060 ) ;
#763 = CARTESIAN_POINT ( 'NONE',  ( 4.049999999999999822, -3.500000000000000000, -5.500000000000000000 ) ) ;
#764 = EDGE_CURVE ( 'NONE', #4413, #158, #3061, .T. ) ;
#765 = DIRECTION ( 'NONE',  ( 0.000000000000000000, -1.000000000000000000, 0.000000000000000000 ) ) ;
#766 = EDGE_CURVE ( 'NONE', #2393, #2261, #2740, .T. ) ;
#767 = VERTEX_POINT ( 'NONE', #412 ) ;
#768 = PLANE ( 'NONE',  #3175 ) ;
#769 = FILL_AREA_STYLE_COLOUR ( '', #2348 ) ;
#770 = LINE ( 'NONE', #4579, #3708 ) ;
#771 = MECHANICAL_DESIGN_GEOMETRIC_PRESENTATION_REPRESENTATION (  '', ( #2630 ), #3667 ) ;
#772 = ORIENTED_EDGE ( 'NONE', *, *, #4901, .T. ) ;
#773 = CARTESIAN_POINT ( 'NONE',  ( -0.4699999999999999734, 6.700000000000000178, -0.7799999999999779332 ) ) ;
#774 = CARTESIAN_POINT ( 'NONE',  ( 17.20845974328999972, 2.031621936989490340, -0.6022170361727319232 ) ) ;
#775 = CARTESIAN_POINT ( 'NONE',  ( 18.75000000000000000, 12.86156426583980128, -4.799999999999999822 ) ) ;
#776 = PRESENTATION_STYLE_ASSIGNMENT (( #4215 ) ) ;
#777 = CARTESIAN_POINT ( 'NONE',  ( 18.75000000000000000, 11.49572309693832040, -4.799999999999999822 ) ) ;
#778 = LINE ( 'NONE', #329, #4564 ) ;
#779 =( NAMED_UNIT ( * ) PLANE_ANGLE_UNIT ( ) SI_UNIT ( $, .RADIAN. ) );
#780 = CARTESIAN_POINT ( 'NONE',  ( 9.500000000000000000, 0.000000000000000000, -1.301042606982603901E-14 ) ) ;
#781 = DIRECTION ( 'NONE',  ( 3.491481338843135327E-15, 0.000000000000000000, 1.000000000000000000 ) ) ;
#782 = ORIENTED_EDGE ( 'NONE', *, *, #4792, .F. ) ;
#783 = CARTESIAN_POINT ( 'NONE',  ( 11.24999999999999289, 11.67312853167969777, -6.698658176157541000 ) ) ;
#784 = VERTEX_POINT ( 'NONE', #384 ) ;
#785 = SURFACE_STYLE_USAGE ( .BOTH. , #2290 ) ;
#786 = DIRECTION ( 'NONE',  ( 4.177623147297217048E-15, 1.044405786824304262E-15, 1.000000000000000000 ) ) ;
#787 = CARTESIAN_POINT ( 'NONE',  ( 22.50499999999999901, 66.32999999999999829, -0.8925833024920309944 ) ) ;
#788 = DIRECTION ( 'NONE',  ( -3.491481338843135327E-15, 0.000000000000000000, -1.000000000000000000 ) ) ;
#789 = TOROIDAL_SURFACE ( 'NONE', #3363, 1.699999999999999956, 0.2000000000000000111 ) ;
#790 = LINE ( 'NONE', #3855, #4045 ) ;
#791 = EDGE_CURVE ( 'NONE', #4752, #4413, #3481, .T. ) ;
#792 = ORIENTED_EDGE ( 'NONE', *, *, #2906, .T. ) ;
#793 = CARTESIAN_POINT ( 'NONE',  ( 17.44999999999999929, -1.405218029983279880E-14, -1.500000000000039968 ) ) ;
#794 = CARTESIAN_POINT ( 'NONE',  ( -0.4700000000000220113, 6.700000000000000178, -7.929999999999999716 ) ) ;
#795 = ADVANCED_FACE ( 'NONE', ( #331 ), #4621, .F. ) ;
#796 = CARTESIAN_POINT ( 'NONE',  ( 10.94999999999999929, -3.500000000000000000, -4.700000000000000178 ) ) ;
#797 = UNCERTAINTY_MEASURE_WITH_UNIT (LENGTH_MEASURE( 1.000000000000000082E-05 ), #3082, 'distance_accuracy_value', 'NONE');
#798 = EDGE_LOOP ( 'NONE', ( #522, #346, #1327, #4846 ) ) ;
#799 = CARTESIAN_POINT ( 'NONE',  ( 9.482239702486101152, 12.41362307109989871, -5.200000000000000178 ) ) ;
#800 = CARTESIAN_POINT ( 'NONE',  ( 8.673617379884030542E-16, 6.700000000000000178, -1.498756443470159905 ) ) ;
#801 =( GEOMETRIC_REPRESENTATION_CONTEXT ( 3 ) GLOBAL_UNCERTAINTY_ASSIGNED_CONTEXT ( ( #555 ) ) GLOBAL_UNIT_ASSIGNED_CONTEXT ( ( #287, #1003, #1837 ) ) REPRESENTATION_CONTEXT ( 'NONE', 'WORKASPACE' ) );
#802 = PLANE ( 'NONE',  #554 ) ;
#803 = MECHANICAL_DESIGN_GEOMETRIC_PRESENTATION_REPRESENTATION (  '', ( #174 ), #3929 ) ;
#804 = LINE ( 'NONE', #4940, #1648 ) ;
#805 = CARTESIAN_POINT ( 'NONE',  ( 16.25000000000000000, -3.500000000000000000, -4.700000000000000178 ) ) ;
#806 = CARTESIAN_POINT ( 'NONE',  ( 9.950000000000001066, 5.299999999999999822, -1.300000000000014033 ) ) ;
#807 = ORIENTED_EDGE ( 'NONE', *, *, #2147, .F. ) ;
#808 = FACE_OUTER_BOUND ( 'NONE', #4915, .T. ) ;
#809 = MECHANICAL_DESIGN_GEOMETRIC_PRESENTATION_REPRESENTATION (  '', ( #1228 ), #2759 ) ;
#810 = VERTEX_POINT ( 'NONE', #65 ) ;
#811 = DIRECTION ( 'NONE',  ( -3.439448255846680688E-30, 1.000000000000000000, -9.850971327219820043E-16 ) ) ;
#812 = LINE ( 'NONE', #4949, #989 ) ;
#813 =( NAMED_UNIT ( * ) SI_UNIT ( $, .STERADIAN. ) SOLID_ANGLE_UNIT ( ) );
#814 = DIRECTION ( 'NONE',  ( 5.375817731739150084E-31, 1.000000000000000000, 1.539695392878819727E-16 ) ) ;
#815 = VECTOR ( 'NONE', #2661, 1000.000000000000000 ) ;
#816 = VECTOR ( 'NONE', #3513, 1000.000000000000000 ) ;
#817 = SURFACE_SIDE_STYLE ('',( #473 ) ) ;
#818 = EDGE_LOOP ( 'NONE', ( #3010, #3114, #585, #500 ) ) ;
#819 = PRESENTATION_LAYER_ASSIGNMENT (  '', '', ( #2999 ) ) ;
#820 = AXIS2_PLACEMENT_3D ( 'NONE', #3556, #2950, #2560 ) ;
#821 = LINE ( 'NONE', #53, #114 ) ;
#822 = ADVANCED_FACE ( 'NONE', ( #3774 ), #2632, .T. ) ;
#823 = DIRECTION ( 'NONE',  ( 0.000000000000000000, 1.000000000000000000, 0.000000000000000000 ) ) ;
#824 = EDGE_CURVE ( 'NONE', #11, #4312, #1497, .T. ) ;
#825 = FILL_AREA_STYLE ('',( #1291 ) ) ;
#826 = MECHANICAL_DESIGN_GEOMETRIC_PRESENTATION_REPRESENTATION (  '', ( #4420 ), #110 ) ;
#827 =( NAMED_UNIT ( * ) PLANE_ANGLE_UNIT ( ) SI_UNIT ( $, .RADIAN. ) );
#828 = EDGE_CURVE ( 'NONE', #3577, #3215, #2656, .T. ) ;
#829 = ORIENTED_EDGE ( 'NONE', *, *, #764, .T. ) ;
#830 = CIRCLE ( 'NONE', #1476, 1.760296020616589852 ) ;
#831 =( LENGTH_UNIT ( ) NAMED_UNIT ( * ) SI_UNIT ( .MILLI., .METRE. ) );
#832 = AXIS2_PLACEMENT_3D ( 'NONE', #4958, #2751, #3156 ) ;
#833 = PLANE ( 'NONE',  #735 ) ;
#834 = CIRCLE ( 'NONE', #4758, 1.975000000000000089 ) ;
#835 = EDGE_CURVE ( 'NONE', #2270, #4312, #1913, .T. ) ;
#836 = CARTESIAN_POINT ( 'NONE',  ( 22.50000000000000000, 66.32999999999999829, -8.039696551146089831 ) ) ;
#837 = SURFACE_SIDE_STYLE ('',( #2716 ) ) ;
#838 = DIRECTION ( 'NONE',  ( 0.000000000000000000, 1.000000000000000000, 0.000000000000000000 ) ) ;
#839 = VERTEX_POINT ( 'NONE', #4646 ) ;
#840 = SURFACE_SIDE_STYLE ('',( #1350 ) ) ;
#841 = MECHANICAL_DESIGN_GEOMETRIC_PRESENTATION_REPRESENTATION (  '', ( #3963 ), #2070 ) ;
#842 = ORIENTED_EDGE ( 'NONE', *, *, #4749, .T. ) ;
#843 = DIRECTION ( 'NONE',  ( -3.684596229616635536E-15, -1.171453342316279939E-15, -1.000000000000000000 ) ) ;
#844 = ORIENTED_EDGE ( 'NONE', *, *, #2613, .F. ) ;
#845 = CARTESIAN_POINT ( 'NONE',  ( 11.25000000000000000, 11.67312853167969955, -4.799999999999999822 ) ) ;
#846 = FACE_OUTER_BOUND ( 'NONE', #1151, .T. ) ;
#847 =( NAMED_UNIT ( * ) SI_UNIT ( $, .STERADIAN. ) SOLID_ANGLE_UNIT ( ) );
#848 = AXIS2_PLACEMENT_3D ( 'NONE', #1591, #4571, #708 ) ;
#849 = ORIENTED_EDGE ( 'NONE', *, *, #2780, .T. ) ;
#850 = CARTESIAN_POINT ( 'NONE',  ( 4.049999999999999822, -3.500000000000000000, -4.700000000000000178 ) ) ;
#851 = CARTESIAN_POINT ( 'NONE',  ( 8.750000000000000000, -3.500000000000000000, -4.700000000000000178 ) ) ;
#852 = CARTESIAN_POINT ( 'NONE',  ( 2.449999999999999734, 2.299999999999999822, -1.299999999999988054 ) ) ;
#853 = UNCERTAINTY_MEASURE_WITH_UNIT (LENGTH_MEASURE( 1.000000000000000082E-05 ), #4666, 'distance_accuracy_value', 'NONE');
#854 = ORIENTED_EDGE ( 'NONE', *, *, #4295, .F. ) ;
#855 =( NAMED_UNIT ( * ) PLANE_ANGLE_UNIT ( ) SI_UNIT ( $, .RADIAN. ) );
#856 = EDGE_CURVE ( 'NONE', #4301, #3736, #3618, .T. ) ;
#857 = SURFACE_STYLE_USAGE ( .BOTH. , #2788 ) ;
#858 =( GEOMETRIC_REPRESENTATION_CONTEXT ( 3 ) GLOBAL_UNCERTAINTY_ASSIGNED_CONTEXT ( ( #1931 ) ) GLOBAL_UNIT_ASSIGNED_CONTEXT ( ( #96, #2798, #3585 ) ) REPRESENTATION_CONTEXT ( 'NONE', 'WORKASPACE' ) );
#859 = FILL_AREA_STYLE ('',( #3542 ) ) ;
#860 = ADVANCED_FACE ( 'NONE', ( #1927 ), #4635, .F. ) ;
#861 = DIRECTION ( 'NONE',  ( 1.000000000000000000, 0.000000000000000000, -3.491481338843135327E-15 ) ) ;
#862 =( LENGTH_UNIT ( ) NAMED_UNIT ( * ) SI_UNIT ( .MILLI., .METRE. ) );
#863 = ORIENTED_EDGE ( 'NONE', *, *, #4836, .T. ) ;
#864 =( NAMED_UNIT ( * ) PLANE_ANGLE_UNIT ( ) SI_UNIT ( $, .RADIAN. ) );
#865 = ORIENTED_EDGE ( 'NONE', *, *, #1736, .F. ) ;
#866 =( LENGTH_UNIT ( ) NAMED_UNIT ( * ) SI_UNIT ( .MILLI., .METRE. ) );
#867 = ORIENTED_EDGE ( 'NONE', *, *, #4307, .T. ) ;
#868 = CARTESIAN_POINT ( 'NONE',  ( 2.035753203240995290, 12.86156426584000023, -5.200000000000000178 ) ) ;
#869 = SURFACE_STYLE_FILL_AREA ( #3131 ) ;
#870 = ADVANCED_FACE ( 'NONE', ( #3516 ), #4610, .T. ) ;
#871 = CARTESIAN_POINT ( 'NONE',  ( 26.25000000000000000, 0.000000000000000000, -10.20000000000000107 ) ) ;
#872 = EDGE_LOOP ( 'NONE', ( #3160, #316, #2098, #1233 ) ) ;
#873 = CARTESIAN_POINT ( 'NONE',  ( 9.637917139009488210, 12.94999999999999929, -4.400000000000000355 ) ) ;
#874 = DIRECTION ( 'NONE',  ( -3.190018466692534643E-30, 1.000000000000000000, -9.136576017758440081E-16 ) ) ;
#875 =( NAMED_UNIT ( * ) PLANE_ANGLE_UNIT ( ) SI_UNIT ( $, .RADIAN. ) );
#876 = CARTESIAN_POINT ( 'NONE',  ( 16.98223970248610115, 12.41362307109989871, -4.400000000000000355 ) ) ;
#877 = COLOUR_RGB ( '',0.8313725490196077761, 0.8392156862745098200, 0.8313725490196077761 ) ;
#878 = ORIENTED_EDGE ( 'NONE', *, *, #4263, .T. ) ;
#879 = CARTESIAN_POINT ( 'NONE',  ( 11.75000000000000000, -2.500000000000000000, -5.500000000000000000 ) ) ;
#880 = AXIS2_PLACEMENT_3D ( 'NONE', #1666, #3583, #3608 ) ;
#881 = MANIFOLD_SOLID_BREP ( 'NONE', #2815 ) ;
#882 = SURFACE_STYLE_USAGE ( .BOTH. , #916 ) ;
#883 = VECTOR ( 'NONE', #3200, 1000.000000000000000 ) ;
#884 = PRESENTATION_STYLE_ASSIGNMENT (( #1323 ) ) ;
#885 = DIRECTION ( 'NONE',  ( -3.439448255846680688E-30, 1.000000000000000000, -9.850971327219820043E-16 ) ) ;
#886 = ORIENTED_EDGE ( 'NONE', *, *, #2113, .T. ) ;
#887 = ADVANCED_FACE ( 'NONE', ( #476 ), #3154, .T. ) ;
#888 = EDGE_CURVE ( 'NONE', #1254, #3759, #4809, .T. ) ;
#889 = ORIENTED_EDGE ( 'NONE', *, *, #745, .F. ) ;
#890 =( LENGTH_UNIT ( ) NAMED_UNIT ( * ) SI_UNIT ( .MILLI., .METRE. ) );
#891 = ADVANCED_FACE ( 'NONE', ( #54 ), #2703, .F. ) ;
#892 = CARTESIAN_POINT ( 'NONE',  ( 3.750000000000000000, 12.94999999999999929, -4.799999999999999822 ) ) ;
#893 = ADVANCED_FACE ( 'NONE', ( #1566 ), #3135, .F. ) ;
#894 = ORIENTED_EDGE ( 'NONE', *, *, #3247, .F. ) ;
#895 = CARTESIAN_POINT ( 'NONE',  ( 18.74999999999999289, 11.59999999999999964, -6.774999999999999467 ) ) ;
#896 = COLOUR_RGB ( '',0.8313725490196077761, 0.8392156862745098200, 0.8313725490196077761 ) ;
#897 = EDGE_CURVE ( 'NONE', #4920, #2895, #2033, .T. ) ;
#898 = ORIENTED_EDGE ( 'NONE', *, *, #2406, .F. ) ;
#899 = DIRECTION ( 'NONE',  ( 3.940388530887927228E-15, 9.850971327219820043E-16, 1.000000000000000000 ) ) ;
#900 = CARTESIAN_POINT ( 'NONE',  ( 9.552702967663833533, 12.90637586781572210, -5.200011966170222877 ) ) ;
#901 = DIRECTION ( 'NONE',  ( 0.000000000000000000, 0.000000000000000000, -1.000000000000000000 ) ) ;
#902 = CARTESIAN_POINT ( 'NONE',  ( -0.4049999999999999711, 6.700000000000000178, -1.732583302491960131 ) ) ;
#903 = FILL_AREA_STYLE ('',( #475 ) ) ;
#904 = AXIS2_PLACEMENT_3D ( 'NONE', #2625, #4880, #1516 ) ;
#905 = DIRECTION ( 'NONE',  ( -1.063767053708800029E-15, 1.000000000000000000, -1.644003628459039925E-15 ) ) ;
#906 = DIRECTION ( 'NONE',  ( 1.445393392988216415E-14, 3.334909476821829649E-28, -1.000000000000000000 ) ) ;
#907 = CIRCLE ( 'NONE', #3941, 1.660966932452119682 ) ;
#908 = VECTOR ( 'NONE', #3250, 1000.000000000000000 ) ;
#909 = CARTESIAN_POINT ( 'NONE',  ( 5.407770570087363282, 12.93980888195991774, -5.200048203779038758 ) ) ;
#910 = ORIENTED_EDGE ( 'NONE', *, *, #3031, .T. ) ;
#911 = EDGE_CURVE ( 'NONE', #4206, #2261, #1451, .T. ) ;
#912 = DIRECTION ( 'NONE',  ( 0.000000000000000000, 1.000000000000000000, 0.000000000000000000 ) ) ;
#913 = VECTOR ( 'NONE', #703, 1000.000000000000000 ) ;
#914 = AXIS2_PLACEMENT_3D ( 'NONE', #3394, #2229, #2592 ) ;
#915 = DIRECTION ( 'NONE',  ( -0.8660254037844381525, 0.000000000000000000, 0.5000000000000007772 ) ) ;
#916 = SURFACE_SIDE_STYLE ('',( #3211 ) ) ;
#917 = UNCERTAINTY_MEASURE_WITH_UNIT (LENGTH_MEASURE( 1.000000000000000082E-05 ), #890, 'distance_accuracy_value', 'NONE');
#918 = AXIS2_PLACEMENT_3D ( 'NONE', #2281, #409, #3799 ) ;
#919 = AXIS2_PLACEMENT_3D ( 'NONE', #133, #4700, #2471 ) ;
#920 = CARTESIAN_POINT ( 'NONE',  ( 26.25000000000000000, 14.09999999999999964, -2.154824120534999832 ) ) ;
#921 = EDGE_LOOP ( 'NONE', ( #4537, #1911, #4608, #642 ) ) ;
#922 = VECTOR ( 'NONE', #1908, 999.9999999999998863 ) ;
#923 = ORIENTED_EDGE ( 'NONE', *, *, #2470, .T. ) ;
#924 = SURFACE_SIDE_STYLE ('',( #4273 ) ) ;
#925 = EDGE_CURVE ( 'NONE', #1377, #4796, #4761, .T. ) ;
#926 = ORIENTED_EDGE ( 'NONE', *, *, #1953, .F. ) ;
#927 =( GEOMETRIC_REPRESENTATION_CONTEXT ( 3 ) GLOBAL_UNCERTAINTY_ASSIGNED_CONTEXT ( ( #1169 ) ) GLOBAL_UNIT_ASSIGNED_CONTEXT ( ( #2907, #2564, #4060 ) ) REPRESENTATION_CONTEXT ( 'NONE', 'WORKASPACE' ) );
#928 = ORIENTED_EDGE ( 'NONE', *, *, #3286, .T. ) ;
#929 =( LENGTH_UNIT ( ) NAMED_UNIT ( * ) SI_UNIT ( .MILLI., .METRE. ) );
#930 = CARTESIAN_POINT ( 'NONE',  ( 16.95078867267150002, 12.14999999999999858, -5.200000000000000178 ) ) ;
#931 = DIRECTION ( 'NONE',  ( -3.469446951953614583E-15, -9.912705577010326536E-16, -1.000000000000000000 ) ) ;
#932 = AXIS2_PLACEMENT_3D ( 'NONE', #892, #4070, #1855 ) ;
#933 = FACE_OUTER_BOUND ( 'NONE', #921, .T. ) ;
#934 = ADVANCED_FACE ( 'NONE', ( #1339 ), #3224, .F. ) ;
#935 = MANIFOLD_SOLID_BREP ( 'NONE', #1289 ) ;
#936 = FACE_OUTER_BOUND ( 'NONE', #2032, .T. ) ;
#937 = ADVANCED_FACE ( 'NONE', ( #4058 ), #2197, .T. ) ;
#938 = EDGE_CURVE ( 'NONE', #3075, #2818, #1768, .T. ) ;
#939 = ORIENTED_EDGE ( 'NONE', *, *, #1577, .F. ) ;
#940 = LINE ( 'NONE', #4039, #4341 ) ;
#941 =( NAMED_UNIT ( * ) SI_UNIT ( $, .STERADIAN. ) SOLID_ANGLE_UNIT ( ) );
#942 = ADVANCED_FACE ( 'NONE', ( #1840 ), #4873, .T. ) ;
#943 =( NAMED_UNIT ( * ) SI_UNIT ( $, .STERADIAN. ) SOLID_ANGLE_UNIT ( ) );
#944 = DIRECTION ( 'NONE',  ( 1.000000000000000000, 0.000000000000000000, 0.000000000000000000 ) ) ;
#945 = TOROIDAL_SURFACE ( 'NONE', #3507, 1.699999999999999956, 0.2000000000000000111 ) ;
#946 =( LENGTH_UNIT ( ) NAMED_UNIT ( * ) SI_UNIT ( .MILLI., .METRE. ) );
#947 = ORIENTED_EDGE ( 'NONE', *, *, #4631, .F. ) ;
#948 = EDGE_LOOP ( 'NONE', ( #2812, #1348, #146, #1509 ) ) ;
#949 = DIRECTION ( 'NONE',  ( 5.375817731739150084E-31, 1.000000000000000000, 1.539695392878819727E-16 ) ) ;
#950 = FACE_OUTER_BOUND ( 'NONE', #3603, .T. ) ;
#951 = ORIENTED_EDGE ( 'NONE', *, *, #3091, .T. ) ;
#952 = SURFACE_STYLE_FILL_AREA ( #4375 ) ;
#953 = EDGE_CURVE ( 'NONE', #2889, #2250, #4855, .T. ) ;
#954 = DIRECTION ( 'NONE',  ( -0.8660254037844392627, 0.000000000000000000, -0.4999999999999990563 ) ) ;
#955 = DIRECTION ( 'NONE',  ( -3.491481338843135327E-15, 0.000000000000000000, -1.000000000000000000 ) ) ;
#956 = DIRECTION ( 'NONE',  ( -3.491481338843135327E-15, 0.000000000000000000, -1.000000000000000000 ) ) ;
#957 = CARTESIAN_POINT ( 'NONE',  ( 17.44999999999999929, 5.299999999999999822, -1.600000000000040057 ) ) ;
#958 = CARTESIAN_POINT ( 'NONE',  ( 13.04921132732846090, 12.14999999999999858, -4.400000000000000355 ) ) ;
#959 = FILL_AREA_STYLE ('',( #1693 ) ) ;
#960 = EDGE_CURVE ( 'NONE', #2027, #701, #1450, .T. ) ;
#961 = FACE_OUTER_BOUND ( 'NONE', #2409, .T. ) ;
#962 = ORIENTED_EDGE ( 'NONE', *, *, #4464, .T. ) ;
#963 = LINE ( 'NONE', #4687, #1153 ) ;
#964 =( GEOMETRIC_REPRESENTATION_CONTEXT ( 3 ) GLOBAL_UNCERTAINTY_ASSIGNED_CONTEXT ( ( #1108 ) ) GLOBAL_UNIT_ASSIGNED_CONTEXT ( ( #946, #2941, #3308 ) ) REPRESENTATION_CONTEXT ( 'NONE', 'WORKASPACE' ) );
#965 = FACE_OUTER_BOUND ( 'NONE', #1740, .T. ) ;
#966 = CARTESIAN_POINT ( 'NONE',  ( -0.4049999999999999711, 6.700000000000000178, -1.732583302491960131 ) ) ;
#967 = DIRECTION ( 'NONE',  ( 3.513364001978343273E-15, 0.000000000000000000, 1.000000000000000000 ) ) ;
#968 = ORIENTED_EDGE ( 'NONE', *, *, #2386, .T. ) ;
#969 = ORIENTED_EDGE ( 'NONE', *, *, #4966, .T. ) ;
#970 = CIRCLE ( 'NONE', #1046, 1.660966932452119682 ) ;
#971 = CARTESIAN_POINT ( 'NONE',  ( 20.46424679675905267, 12.86156426583980128, -5.200000000000000178 ) ) ;
#972 = CARTESIAN_POINT ( 'NONE',  ( 22.07499999999999929, 66.32999999999999829, -1.755677313259615069 ) ) ;
#973 = EDGE_LOOP ( 'NONE', ( #1131, #1304, #792, #1845 ) ) ;
#974 = FACE_OUTER_BOUND ( 'NONE', #2353, .T. ) ;
#975 = AXIS2_PLACEMENT_3D ( 'NONE', #3562, #154, #2159 ) ;
#976 = CARTESIAN_POINT ( 'NONE',  ( -0.4699999999999999734, 6.700000000000000178, -1.619999999999999885 ) ) ;
#977 = PLANE ( 'NONE',  #3089 ) ;
#978 = DIRECTION ( 'NONE',  ( 0.000000000000000000, 1.000000000000000000, 0.000000000000000000 ) ) ;
#979 = CARTESIAN_POINT ( 'NONE',  ( 3.749999999999993339, 11.59999999999999964, -6.774999999999999467 ) ) ;
#980 = ADVANCED_FACE ( 'NONE', ( #3383, #2971, #4485, #1073 ), #3751, .T. ) ;
#981 = CIRCLE ( 'NONE', #3073, 1.660966932452119682 ) ;
#982 = LINE ( 'NONE', #4358, #2588 ) ;
#983 = VECTOR ( 'NONE', #2331, 1000.000000000000114 ) ;
#984 = CARTESIAN_POINT ( 'NONE',  ( 22.50000000000000000, -4.392950033686029607E-15, -1.510303448854029895 ) ) ;
#985 = VECTOR ( 'NONE', #1111, 1000.000000000000000 ) ;
#986 = ADVANCED_FACE ( 'NONE', ( #1095 ), #309, .T. ) ;
#987 = ORIENTED_EDGE ( 'NONE', *, *, #2912, .T. ) ;
#988 = DIRECTION ( 'NONE',  ( 3.440759152716020001E-30, -1.000000000000000000, 9.854725885076841607E-16 ) ) ;
#989 = VECTOR ( 'NONE', #2637, 1000.000000000000000 ) ;
#990 = AXIS2_PLACEMENT_3D ( 'NONE', #2128, #526, #3633 ) ;
#991 = DIRECTION ( 'NONE',  ( 0.9805806756909204447, -0.1961161351381831008, -3.423679130405038866E-15 ) ) ;
#992 = CARTESIAN_POINT ( 'NONE',  ( 5.049999999999999822, 5.299999999999999822, -1.500000000000000000 ) ) ;
#993 = AXIS2_PLACEMENT_3D ( 'NONE', #138, #988, #1698 ) ;
#994 = VERTEX_POINT ( 'NONE', #4516 ) ;
#995 =( GEOMETRIC_REPRESENTATION_CONTEXT ( 3 ) GLOBAL_UNCERTAINTY_ASSIGNED_CONTEXT ( ( #853 ) ) GLOBAL_UNIT_ASSIGNED_CONTEXT ( ( #4666, #1598, #943 ) ) REPRESENTATION_CONTEXT ( 'NONE', 'WORKASPACE' ) );
#996 = ORIENTED_EDGE ( 'NONE', *, *, #1038, .F. ) ;
#997 = VECTOR ( 'NONE', #2201, 1000.000000000000000 ) ;
#998 = SURFACE_STYLE_FILL_AREA ( #2945 ) ;
#999 = FACE_OUTER_BOUND ( 'NONE', #4837, .T. ) ;
#1000 = ORIENTED_EDGE ( 'NONE', *, *, #477, .F. ) ;
#1001 = DIRECTION ( 'NONE',  ( -1.794541526872519968E-14, 1.000000000000000000, 0.000000000000000000 ) ) ;
#1002 = AXIS2_PLACEMENT_3D ( 'NONE', #3284, #4042, #2976 ) ;
#1003 =( NAMED_UNIT ( * ) PLANE_ANGLE_UNIT ( ) SI_UNIT ( $, .RADIAN. ) );
#1004 = DIRECTION ( 'NONE',  ( -3.187765602329534805E-30, 1.000000000000000000, -9.130123557772670060E-16 ) ) ;
#1005 = AXIS2_PLACEMENT_3D ( 'NONE', #4763, #2490, #599 ) ;
#1006 = FILL_AREA_STYLE_COLOUR ( '', #504 ) ;
#1007 = SURFACE_STYLE_FILL_AREA ( #572 ) ;
#1008 = VECTOR ( 'NONE', #2857, 1000.000000000000000 ) ;
#1009 = ORIENTED_EDGE ( 'NONE', *, *, #3571, .T. ) ;
#1010 = FACE_OUTER_BOUND ( 'NONE', #388, .T. ) ;
#1011 = SURFACE_STYLE_USAGE ( .BOTH. , #212 ) ;
#1012 = UNCERTAINTY_MEASURE_WITH_UNIT (LENGTH_MEASURE( 1.000000000000000082E-05 ), #2956, 'distance_accuracy_value', 'NONE');
#1013 = CARTESIAN_POINT ( 'NONE',  ( -0.5999999999999999778, 6.700000000000000178, -1.619999999999999885 ) ) ;
#1014 = DIRECTION ( 'NONE',  ( 1.889646980599320192E-14, -1.000000000000000000, -6.045464536109090009E-29 ) ) ;
#1015 = EDGE_LOOP ( 'NONE', ( #4018, #2461, #4865, #2384 ) ) ;
#1016 = CARTESIAN_POINT ( 'NONE',  ( -0.5999999999999999778, 6.700000000000000178, -0.7799999999999779332 ) ) ;
#1017 =( LENGTH_UNIT ( ) NAMED_UNIT ( * ) SI_UNIT ( .MILLI., .METRE. ) );
#1018 = ORIENTED_EDGE ( 'NONE', *, *, #694, .T. ) ;
#1019 = CARTESIAN_POINT ( 'NONE',  ( 12.92504219215919647, 12.92936467594549121, -5.199999637726497426 ) ) ;
#1020 = EDGE_CURVE ( 'NONE', #1419, #376, #229, .T. ) ;
#1021 = CARTESIAN_POINT ( 'NONE',  ( 17.03575320324100062, 12.86156426584000023, -5.200000000000000178 ) ) ;
#1022 = VECTOR ( 'NONE', #289, 1000.000000000000114 ) ;
#1023 = CARTESIAN_POINT ( 'NONE',  ( 11.25000000000000000, 12.84999999999999964, -4.799999999999999822 ) ) ;
#1024 = PRESENTATION_STYLE_ASSIGNMENT (( #3662 ) ) ;
#1025 = FILL_AREA_STYLE ('',( #2952 ) ) ;
#1026 =( LENGTH_UNIT ( ) NAMED_UNIT ( * ) SI_UNIT ( .MILLI., .METRE. ) );
#1027 = ORIENTED_EDGE ( 'NONE', *, *, #3302, .T. ) ;
#1028 = CARTESIAN_POINT ( 'NONE',  ( 2.122877371596242568, 12.95000000000000462, -4.400000000000001243 ) ) ;
#1029 = CARTESIAN_POINT ( 'NONE',  ( 8.750000000000000000, -3.500000000000000000, -5.500000000000000000 ) ) ;
#1030 = SURFACE_STYLE_FILL_AREA ( #2141 ) ;
#1031 = DIRECTION ( 'NONE',  ( -1.000000000000000000, 0.000000000000000000, 3.336006684570784088E-15 ) ) ;
#1032 = ORIENTED_EDGE ( 'NONE', *, *, #64, .T. ) ;
#1033 = VERTEX_POINT ( 'NONE', #2638 ) ;
#1034 = SURFACE_SIDE_STYLE ('',( #2962 ) ) ;
#1035 = AXIS2_PLACEMENT_3D ( 'NONE', #2145, #3268, #1681 ) ;
#1036 = ORIENTED_EDGE ( 'NONE', *, *, #3067, .T. ) ;
#1037 = EDGE_CURVE ( 'NONE', #3813, #1697, #981, .T. ) ;
#1038 = EDGE_CURVE ( 'NONE', #2183, #3602, #2953, .T. ) ;
#1039 = DIRECTION ( 'NONE',  ( 0.000000000000000000, -1.000000000000000000, 0.000000000000000000 ) ) ;
#1040 = CARTESIAN_POINT ( 'NONE',  ( 17.03714203196254928, 12.87318128513611803, -5.199999999999998401 ) ) ;
#1041 = CARTESIAN_POINT ( 'NONE',  ( 17.13791713900950242, 12.94999999999999929, -4.400000000000000355 ) ) ;
#1042 = EDGE_CURVE ( 'NONE', #1778, #4297, #3068, .T. ) ;
#1043 = DIRECTION ( 'NONE',  ( 1.000000000000000000, 0.000000000000000000, -3.513364001978341695E-15 ) ) ;
#1044 = ADVANCED_FACE ( 'NONE', ( #4923 ), #4331, .T. ) ;
#1045 = ADVANCED_FACE ( 'NONE', ( #4199 ), #4276, .T. ) ;
#1046 = AXIS2_PLACEMENT_3D ( 'NONE', #724, #3504, #2256 ) ;
#1047 =( LENGTH_UNIT ( ) NAMED_UNIT ( * ) SI_UNIT ( .MILLI., .METRE. ) );
#1048 = DIRECTION ( 'NONE',  ( 0.8660254037844392627, 0.000000000000000000, 0.4999999999999990563 ) ) ;
#1049 = DIRECTION ( 'NONE',  ( 0.000000000000000000, 1.000000000000000000, 0.000000000000000000 ) ) ;
#1050 = EDGE_CURVE ( 'NONE', #3032, #4224, #2394, .T. ) ;
#1051 = EDGE_LOOP ( 'NONE', ( #1894, #4694, #685, #740 ) ) ;
#1052 = CARTESIAN_POINT ( 'NONE',  ( 18.74999999999999289, 12.86156426583979950, -6.560296020604722500 ) ) ;
#1053 = COLOUR_RGB ( '',0.8313725490196077761, 0.8392156862745098200, 0.8313725490196077761 ) ;
#1054 = CARTESIAN_POINT ( 'NONE',  ( 19.25000000000000000, 0.000000000000000000, -4.700000000000000178 ) ) ;
#1055 = CARTESIAN_POINT ( 'NONE',  ( 22.50000000000000000, 14.09999999999999964, -7.666390328872389581 ) ) ;
#1056 = UNCERTAINTY_MEASURE_WITH_UNIT (LENGTH_MEASURE( 1.000000000000000082E-05 ), #3093, 'distance_accuracy_value', 'NONE');
#1057 = EDGE_CURVE ( 'NONE', #757, #4959, #15, .T. ) ;
#1058 = DIRECTION ( 'NONE',  ( 0.000000000000000000, -1.000000000000000000, 0.000000000000000000 ) ) ;
#1059 = VERTEX_POINT ( 'NONE', #1555 ) ;
#1060 = CIRCLE ( 'NONE', #904, 1.827270781290140089 ) ;
#1061 = ORIENTED_EDGE ( 'NONE', *, *, #2084, .F. ) ;
#1062 = COLOUR_RGB ( '',0.8313725490196077761, 0.8392156862745098200, 0.8313725490196077761 ) ;
#1063 = CIRCLE ( 'NONE', #2205, 1.827270781290140089 ) ;
#1064 = ORIENTED_EDGE ( 'NONE', *, *, #2888, .F. ) ;
#1065 = SURFACE_STYLE_FILL_AREA ( #4508 ) ;
#1066 = CARTESIAN_POINT ( 'NONE',  ( 22.50000000000000000, 13.87351249054139934, -7.957244095797269878 ) ) ;
#1067 = VECTOR ( 'NONE', #4946, 999.9999999999998863 ) ;
#1068 = CIRCLE ( 'NONE', #1973, 1.760296020616589852 ) ;
#1069 = ORIENTED_EDGE ( 'NONE', *, *, #1858, .T. ) ;
#1070 = CARTESIAN_POINT ( 'NONE',  ( 3.750000000000000000, 11.65000000000000036, -4.799999999999999822 ) ) ;
#1071 = COLOUR_RGB ( '',0.8313725490196077761, 0.8392156862745098200, 0.8313725490196077761 ) ;
#1072 = VECTOR ( 'NONE', #3788, 1000.000000000000114 ) ;
#1073 = FACE_OUTER_BOUND ( 'NONE', #720, .T. ) ;
#1074 = EDGE_CURVE ( 'NONE', #1059, #257, #3310, .T. ) ;
#1075 = ORIENTED_EDGE ( 'NONE', *, *, #2019, .T. ) ;
#1076 = ORIENTED_EDGE ( 'NONE', *, *, #3388, .F. ) ;
#1077 = TOROIDAL_SURFACE ( 'NONE', #2611, 1.660966932452119904, 0.1000000000000000056 ) ;
#1078 = PRESENTATION_STYLE_ASSIGNMENT (( #636 ) ) ;
#1079 = ORIENTED_EDGE ( 'NONE', *, *, #2058, .T. ) ;
#1080 = EDGE_LOOP ( 'NONE', ( #4131, #1757, #2426, #4047 ) ) ;
#1081 = ADVANCED_FACE ( 'NONE', ( #3128 ), #1970, .T. ) ;
#1082 = EDGE_CURVE ( 'NONE', #994, #3006, #3974, .T. ) ;
#1083 = CARTESIAN_POINT ( 'NONE',  ( 19.25000000000000000, -5.550000000781570186, -4.700000000000000178 ) ) ;
#1084 = CARTESIAN_POINT ( 'NONE',  ( 20.46424679675910241, 12.86156426583980128, -4.400000000000000355 ) ) ;
#1085 = CARTESIAN_POINT ( 'NONE',  ( -0.4050000000000209543, 6.700000000000000178, -7.817416697508010159 ) ) ;
#1086 = ORIENTED_EDGE ( 'NONE', *, *, #4105, .T. ) ;
#1087 = CARTESIAN_POINT ( 'NONE',  ( 20.36957650809155140, 12.94999999999999929, -4.400000000000000355 ) ) ;
#1088 =( NAMED_UNIT ( * ) PLANE_ANGLE_UNIT ( ) SI_UNIT ( $, .RADIAN. ) );
#1089 = EDGE_LOOP ( 'NONE', ( #2042, #696, #4535, #45 ) ) ;
#1090 = DIRECTION ( 'NONE',  ( 0.8660254037844392627, 0.000000000000000000, 0.4999999999999990563 ) ) ;
#1091 = ORIENTED_EDGE ( 'NONE', *, *, #581, .F. ) ;
#1092 = DIRECTION ( 'NONE',  ( 1.063767053708800029E-15, -1.000000000000000000, 1.898704334069205147E-15 ) ) ;
#1093 = VERTEX_POINT ( 'NONE', #524 ) ;
#1094 = DIRECTION ( 'NONE',  ( 3.440759152716020001E-30, -1.000000000000000000, 9.854725885076841607E-16 ) ) ;
#1095 = FACE_OUTER_BOUND ( 'NONE', #1051, .T. ) ;
#1096 = CONICAL_SURFACE ( 'NONE', #2088, 1.749999999999999778, 0.1159019744065877128 ) ;
#1097 = DIRECTION ( 'NONE',  ( 0.000000000000000000, 1.745740669421575197E-14, -1.000000000000000000 ) ) ;
#1098 =( LENGTH_UNIT ( ) NAMED_UNIT ( * ) SI_UNIT ( .MILLI., .METRE. ) );
#1099 = ORIENTED_EDGE ( 'NONE', *, *, #679, .F. ) ;
#1100 = ORIENTED_EDGE ( 'NONE', *, *, #938, .F. ) ;
#1101 = CARTESIAN_POINT ( 'NONE',  ( 18.74999999999999289, 11.64999999999999858, -6.500000000000000000 ) ) ;
#1102 = VERTEX_POINT ( 'NONE', #1302 ) ;
#1103 = EDGE_CURVE ( 'NONE', #994, #2103, #4322, .T. ) ;
#1104 = ORIENTED_EDGE ( 'NONE', *, *, #2984, .F. ) ;
#1105 = DIRECTION ( 'NONE',  ( -1.000000000000000000, 0.000000000000000000, 3.491481338843135327E-15 ) ) ;
#1106 = ADVANCED_FACE ( 'NONE', ( #1259 ), #542, .T. ) ;
#1107 =( LENGTH_UNIT ( ) NAMED_UNIT ( * ) SI_UNIT ( .MILLI., .METRE. ) );
#1108 = UNCERTAINTY_MEASURE_WITH_UNIT (LENGTH_MEASURE( 1.000000000000000082E-05 ), #946, 'distance_accuracy_value', 'NONE');
#1109 = EDGE_CURVE ( 'NONE', #2270, #3771, #2465, .T. ) ;
#1110 = ADVANCED_FACE ( 'NONE', ( #2482 ), #2102, .F. ) ;
#1111 = DIRECTION ( 'NONE',  ( 1.000000000000000000, 0.000000000000000000, 1.445393392988216415E-14 ) ) ;
#1112 = ORIENTED_EDGE ( 'NONE', *, *, #1886, .F. ) ;
#1113 = ORIENTED_EDGE ( 'NONE', *, *, #77, .T. ) ;
#1114 = CARTESIAN_POINT ( 'NONE',  ( 3.250000000000000000, -2.500000000000000000, -4.700000000000000178 ) ) ;
#1115 = SURFACE_STYLE_USAGE ( .BOTH. , #4914 ) ;
#1116 = ORIENTED_EDGE ( 'NONE', *, *, #2291, .F. ) ;
#1117 = DIRECTION ( 'NONE',  ( 3.491481338843135327E-15, 0.000000000000000000, 1.000000000000000000 ) ) ;
#1118 = SURFACE_SIDE_STYLE ('',( #3453 ) ) ;
#1119 = ORIENTED_EDGE ( 'NONE', *, *, #4458, .F. ) ;
#1120 = AXIS2_PLACEMENT_3D ( 'NONE', #2307, #885, #3896 ) ;
#1121 = CARTESIAN_POINT ( 'NONE',  ( 3.750000000000000000, 14.09999999999999964, -4.799999999999999822 ) ) ;
#1122 = ORIENTED_EDGE ( 'NONE', *, *, #2350, .T. ) ;
#1123 =( NAMED_UNIT ( * ) PLANE_ANGLE_UNIT ( ) SI_UNIT ( $, .RADIAN. ) );
#1124 = DIRECTION ( 'NONE',  ( 3.491481338843135327E-15, 0.000000000000000000, 1.000000000000000000 ) ) ;
#1125 = TOROIDAL_SURFACE ( 'NONE', #3918, 1.660966932452119904, 0.1000000000000000056 ) ;
#1126 = CARTESIAN_POINT ( 'NONE',  ( 168.4869999999999948, 10.75000000000000000, -1.500000000000570211 ) ) ;
#1127 = CARTESIAN_POINT ( 'NONE',  ( 11.74999999999985967, 0.000000000000000000, -4.700000000000000178 ) ) ;
#1128 = CARTESIAN_POINT ( 'NONE',  ( 18.75000000000000000, 14.09999999999999964, -4.799999999999999822 ) ) ;
#1129 = AXIS2_PLACEMENT_3D ( 'NONE', #1859, #222, #1379 ) ;
#1130 = VERTEX_POINT ( 'NONE', #2879 ) ;
#1131 = ORIENTED_EDGE ( 'NONE', *, *, #4192, .F. ) ;
#1132 = FACE_OUTER_BOUND ( 'NONE', #1316, .T. ) ;
#1133 = CARTESIAN_POINT ( 'NONE',  ( -0.6000000000000219602, 6.700000000000000178, -7.929999999999999716 ) ) ;
#1134 = EDGE_LOOP ( 'NONE', ( #4875, #1538, #493, #782 ) ) ;
#1135 = CARTESIAN_POINT ( 'NONE',  ( 11.73076923076921929, -2.596153846153840039, -4.700000000000000178 ) ) ;
#1136 = STYLED_ITEM ( 'NONE', ( #4650 ), #1045 ) ;
#1137 = SURFACE_STYLE_USAGE ( .BOTH. , #3838 ) ;
#1138 = DIRECTION ( 'NONE',  ( 0.000000000000000000, -1.000000000000000000, -3.334909476821829649E-28 ) ) ;
#1139 = ORIENTED_EDGE ( 'NONE', *, *, #3289, .T. ) ;
#1140 = AXIS2_PLACEMENT_3D ( 'NONE', #537, #515, #2430 ) ;
#1141 = CARTESIAN_POINT ( 'NONE',  ( 3.750000000000000000, 12.86156426583980128, -4.799999999999999822 ) ) ;
#1142 = FILL_AREA_STYLE_COLOUR ( '', #2585 ) ;
#1143 = STYLED_ITEM ( 'NONE', ( #2773 ), #1796 ) ;
#1144 = CARTESIAN_POINT ( 'NONE',  ( 22.46373066958904730, -4.392950033686029607E-15, -1.531243556529879868 ) ) ;
#1145 = ADVANCED_FACE ( 'NONE', ( #974 ), #124, .F. ) ;
#1146 =( NAMED_UNIT ( * ) PLANE_ANGLE_UNIT ( ) SI_UNIT ( $, .RADIAN. ) );
#1147 = AXIS2_PLACEMENT_3D ( 'NONE', #228, #1449, #3382 ) ;
#1148 = ORIENTED_EDGE ( 'NONE', *, *, #1635, .F. ) ;
#1149 = VECTOR ( 'NONE', #1838, 1000.000000000000000 ) ;
#1150 = CARTESIAN_POINT ( 'NONE',  ( 5.476844664420629449, 12.75618793725179856, -4.400000000000000355 ) ) ;
#1151 = EDGE_LOOP ( 'NONE', ( #1148, #3754, #4492, #772 ) ) ;
#1152 = B_SPLINE_CURVE_WITH_KNOTS ( 'NONE', 3,
 ( #2659, #1940, #1893, #1183, #1150, #2719 ),
 .UNSPECIFIED., .F., .F.,
 ( 4, 2, 4 ),
 ( 0.000000000000000000, 0.5557190870564419072, 1.000000000000000000 ),
 .UNSPECIFIED. ) ;
#1153 = VECTOR ( 'NONE', #3937, 1000.000000000000000 ) ;
#1154 = DIRECTION ( 'NONE',  ( -3.646523314876840477E-30, 1.000000000000000000, -1.044405786824304065E-15 ) ) ;
#1155 = FACE_OUTER_BOUND ( 'NONE', #2148, .T. ) ;
#1156 = CARTESIAN_POINT ( 'NONE',  ( 22.50000000000000000, -2.602085213965209853E-15, -0.9000000000000579758 ) ) ;
#1157 = CARTESIAN_POINT ( 'NONE',  ( 11.90434782608693887, 3.291304347826089938, -3.165217391304369521 ) ) ;
#1158 = PRESENTATION_LAYER_ASSIGNMENT (  '', '', ( #4423 ) ) ;
#1159 = CYLINDRICAL_SURFACE ( 'NONE', #3647, 1.975000000000000089 ) ;
#1160 = ORIENTED_EDGE ( 'NONE', *, *, #4443, .T. ) ;
#1161 = VERTEX_POINT ( 'NONE', #895 ) ;
#1162 = DIRECTION ( 'NONE',  ( -1.000000000000000000, 0.000000000000000000, 3.491481338843135327E-15 ) ) ;
#1163 = ORIENTED_EDGE ( 'NONE', *, *, #4781, .T. ) ;
#1164 = PRESENTATION_STYLE_ASSIGNMENT (( #2729 ) ) ;
#1165 = ORIENTED_EDGE ( 'NONE', *, *, #3083, .F. ) ;
#1166 = AXIS2_PLACEMENT_3D ( 'NONE', #2731, #2305, #3471 ) ;
#1167 = CARTESIAN_POINT ( 'NONE',  ( 26.25000000000000000, 5.000000000000000000, -10.20000000000000107 ) ) ;
#1168 =( NAMED_UNIT ( * ) PLANE_ANGLE_UNIT ( ) SI_UNIT ( $, .RADIAN. ) );
#1169 = UNCERTAINTY_MEASURE_WITH_UNIT (LENGTH_MEASURE( 1.000000000000000082E-05 ), #2907, 'distance_accuracy_value', 'NONE');
#1170 = MECHANICAL_DESIGN_GEOMETRIC_PRESENTATION_REPRESENTATION (  '', ( #1409 ), #927 ) ;
#1171 = VERTEX_POINT ( 'NONE', #262 ) ;
#1172 = FILL_AREA_STYLE_COLOUR ( '', #1721 ) ;
#1173 = DIRECTION ( 'NONE',  ( -1.000000000000000000, -3.994847236882269991E-30, 0.000000000000000000 ) ) ;
#1174 = LINE ( 'NONE', #1426, #1967 ) ;
#1175 = COLOUR_RGB ( '',0.8313725490196077761, 0.8392156862745098200, 0.8313725490196077761 ) ;
#1176 = CARTESIAN_POINT ( 'NONE',  ( 20.46328140696125431, 12.86963938103290062, -4.400000000000000355 ) ) ;
#1177 = VECTOR ( 'NONE', #2635, 1000.000000000000000 ) ;
#1178 =( NAMED_UNIT ( * ) PLANE_ANGLE_UNIT ( ) SI_UNIT ( $, .RADIAN. ) );
#1179 =( LENGTH_UNIT ( ) NAMED_UNIT ( * ) SI_UNIT ( .MILLI., .METRE. ) );
#1180 = ADVANCED_FACE ( 'NONE', ( #591 ), #2923, .T. ) ;
#1181 = DIRECTION ( 'NONE',  ( 0.8660254037844392627, 0.000000000000000000, 0.4999999999999990563 ) ) ;
#1182 = ORIENTED_EDGE ( 'NONE', *, *, #2531, .T. ) ;
#1183 = CARTESIAN_POINT ( 'NONE',  ( 5.489435465788660373, 12.65081076366930013, -4.400000000000000355 ) ) ;
#1184 = VERTEX_POINT ( 'NONE', #1403 ) ;
#1185 = DIRECTION ( 'NONE',  ( -3.764715453509072015E-15, -9.411788633772680037E-16, -1.000000000000000000 ) ) ;
#1186 = ADVANCED_FACE ( 'NONE', ( #4437 ), #4072, .F. ) ;
#1187 = DIRECTION ( 'NONE',  ( 0.000000000000000000, -1.000000000000000000, 0.000000000000000000 ) ) ;
#1188 = CARTESIAN_POINT ( 'NONE',  ( 3.449999999999999734, -3.500000000000000000, -5.500000000000000000 ) ) ;
#1189 = CARTESIAN_POINT ( 'NONE',  ( 2.137917139009494871, 12.94999999999999929, -5.200000000000000178 ) ) ;
#1190 = EDGE_LOOP ( 'NONE', ( #939, #4947, #4141, #4774 ) ) ;
#1191 = ADVANCED_FACE ( 'NONE', ( #672 ), #3746, .F. ) ;
#1192 = VECTOR ( 'NONE', #594, 1000.000000000000000 ) ;
#1193 = CARTESIAN_POINT ( 'NONE',  ( 13.18903150525087931, 1.589964994165699919, 0.5460910151691700243 ) ) ;
#1194 = SURFACE_SIDE_STYLE ('',( #744 ) ) ;
#1195 = CARTESIAN_POINT ( 'NONE',  ( 2.000000000000000000, 1.800000000000000044, 1.344410693882025971E-14 ) ) ;
#1196 = SURFACE_STYLE_USAGE ( .BOTH. , #687 ) ;
#1197 = ORIENTED_EDGE ( 'NONE', *, *, #3626, .T. ) ;
#1198 = FILL_AREA_STYLE_COLOUR ( '', #1638 ) ;
#1199 = DIRECTION ( 'NONE',  ( 0.000000000000000000, 0.000000000000000000, -1.000000000000000000 ) ) ;
#1200 = FACE_OUTER_BOUND ( 'NONE', #1687, .T. ) ;
#1201 = CARTESIAN_POINT ( 'NONE',  ( 21.87999999999999901, 6.700000000000000178, -7.906905989232479115 ) ) ;
#1202 = LINE ( 'NONE', #63, #4236 ) ;
#1203 = CARTESIAN_POINT ( 'NONE',  ( 20.04999999999999716, 6.700000000000000178, -3.729655473350134622E-14 ) ) ;
#1204 = ORIENTED_EDGE ( 'NONE', *, *, #2621, .F. ) ;
#1205 = DIRECTION ( 'NONE',  ( 0.000000000000000000, 1.000000000000000000, 0.000000000000000000 ) ) ;
#1206 = ORIENTED_EDGE ( 'NONE', *, *, #2529, .F. ) ;
#1207 = SURFACE_STYLE_FILL_AREA ( #4625 ) ;
#1208 = DIRECTION ( 'NONE',  ( 4.177623147297217048E-15, 1.044405786824304262E-15, 1.000000000000000000 ) ) ;
#1209 = CARTESIAN_POINT ( 'NONE',  ( 9.535753203240940223, 12.86156426583989898, -4.400000000000000355 ) ) ;
#1210 = CARTESIAN_POINT ( 'NONE',  ( 2.449999999999999734, 1.230551990228329838E-14, -1.499999999999988010 ) ) ;
#1211 = CIRCLE ( 'NONE', #4638, 0.2000000000000000944 ) ;
#1212 = DIRECTION ( 'NONE',  ( 0.2292668109507029761, 0.7132745229577348578, 0.6623263427464668451 ) ) ;
#1213 = EDGE_CURVE ( 'NONE', #3006, #4717, #1810, .T. ) ;
#1214 = ORIENTED_EDGE ( 'NONE', *, *, #4349, .F. ) ;
#1215 =( GEOMETRIC_REPRESENTATION_CONTEXT ( 3 ) GLOBAL_UNCERTAINTY_ASSIGNED_CONTEXT ( ( #3328 ) ) GLOBAL_UNIT_ASSIGNED_CONTEXT ( ( #4250, #736, #813 ) ) REPRESENTATION_CONTEXT ( 'NONE', 'WORKASPACE' ) );
#1216 = ADVANCED_FACE ( 'NONE', ( #2537 ), #286, .T. ) ;
#1217 = CARTESIAN_POINT ( 'NONE',  ( 11.25000000000000711, 14.09999999999999964, -2.824999999999999289 ) ) ;
#1218 =( NAMED_UNIT ( * ) SI_UNIT ( $, .STERADIAN. ) SOLID_ANGLE_UNIT ( ) );
#1219 = SURFACE_STYLE_USAGE ( .BOTH. , #3566 ) ;
#1220 = ADVANCED_FACE ( 'NONE', ( #4191 ), #4917, .T. ) ;
#1221 = CARTESIAN_POINT ( 'NONE',  ( 5.422221086967871528, 12.93132894077158568, -5.200013179829532817 ) ) ;
#1222 = EDGE_LOOP ( 'NONE', ( #2874, #3026, #119, #3758 ) ) ;
#1223 = CARTESIAN_POINT ( 'NONE',  ( 3.750000000000006661, 11.59999999999999964, -2.824999999999999289 ) ) ;
#1224 = VECTOR ( 'NONE', #838, 1000.000000000000000 ) ;
#1225 = VECTOR ( 'NONE', #1353, 1000.000000000000000 ) ;
#1226 = LINE ( 'NONE', #836, #3629 ) ;
#1227 = DIRECTION ( 'NONE',  ( -0.8660254037844381525, 0.000000000000000000, 0.5000000000000007772 ) ) ;
#1228 = STYLED_ITEM ( 'NONE', ( #2983 ), #1216 ) ;
#1229 = DIRECTION ( 'NONE',  ( -3.495484022111249990E-30, 1.000000000000000000, -9.411788633772680037E-16 ) ) ;
#1230 = ORIENTED_EDGE ( 'NONE', *, *, #38, .F. ) ;
#1231 = CARTESIAN_POINT ( 'NONE',  ( 19.25000000000000000, -5.550000000781570186, -5.500000000000000000 ) ) ;
#1232 = AXIS2_PLACEMENT_3D ( 'NONE', #74, #2797, #4304 ) ;
#1233 = ORIENTED_EDGE ( 'NONE', *, *, #2113, .F. ) ;
#1234 = FACE_OUTER_BOUND ( 'NONE', #52, .T. ) ;
#1235 =( NAMED_UNIT ( * ) PLANE_ANGLE_UNIT ( ) SI_UNIT ( $, .RADIAN. ) );
#1236 = AXIS2_PLACEMENT_3D ( 'NONE', #1942, #418, #1208 ) ;
#1237 = VECTOR ( 'NONE', #1058, 1000.000000000000000 ) ;
#1238 = ORIENTED_EDGE ( 'NONE', *, *, #432, .F. ) ;
#1239 = EDGE_CURVE ( 'NONE', #3535, #334, #4476, .T. ) ;
#1240 = AXIS2_PLACEMENT_3D ( 'NONE', #4746, #2813, #3628 ) ;
#1241 = VECTOR ( 'NONE', #510, 1000.000000000000000 ) ;
#1242 = LINE ( 'NONE', #4284, #2453 ) ;
#1243 = PRESENTATION_STYLE_ASSIGNMENT (( #1219 ) ) ;
#1244 = VERTEX_POINT ( 'NONE', #697 ) ;
#1245 =( GEOMETRIC_REPRESENTATION_CONTEXT ( 3 ) GLOBAL_UNCERTAINTY_ASSIGNED_CONTEXT ( ( #3227 ) ) GLOBAL_UNIT_ASSIGNED_CONTEXT ( ( #1107, #2325, #1847 ) ) REPRESENTATION_CONTEXT ( 'NONE', 'WORKASPACE' ) );
#1246 = LINE ( 'NONE', #436, #4660 ) ;
#1247 = ADVANCED_FACE ( 'NONE', ( #1912 ), #6, .F. ) ;
#1248 = CARTESIAN_POINT ( 'NONE',  ( 23.75000000000000000, -3.500000000000000000, -5.500000000000000000 ) ) ;
#1249 = B_SPLINE_CURVE_WITH_KNOTS ( 'NONE', 3,
 ( #2925, #2154, #3609, #4377, #900, #4353, #3276, #2468, #2881, #3660 ),
 .UNSPECIFIED., .F., .F.,
 ( 4, 2, 2, 2, 4 ),
 ( 0.000000000000000000, 0.2499999999999690803, 0.3749999999999774625, 0.4999999999999859002, 1.000000000000000000 ),
 .UNSPECIFIED. ) ;
#1250 = VECTOR ( 'NONE', #4125, 1000.000000000000000 ) ;
#1251 = PRESENTATION_STYLE_ASSIGNMENT (( #882 ) ) ;
#1252 = COLOUR_RGB ( '',0.8313725490196077761, 0.8392156862745098200, 0.8313725490196077761 ) ;
#1253 = PLANE ( 'NONE',  #3755 ) ;
#1254 = VERTEX_POINT ( 'NONE', #4218 ) ;
#1255 = PRESENTATION_STYLE_ASSIGNMENT (( #192 ) ) ;
#1256 = COLOUR_RGB ( '',0.8313725490196077761, 0.8392156862745098200, 0.8313725490196077761 ) ;
#1257 = PRESENTATION_STYLE_ASSIGNMENT (( #4672 ) ) ;
#1258 = VERTEX_POINT ( 'NONE', #1201 ) ;
#1259 = FACE_OUTER_BOUND ( 'NONE', #3607, .T. ) ;
#1260 = ORIENTED_EDGE ( 'NONE', *, *, #1676, .T. ) ;
#1261 = CARTESIAN_POINT ( 'NONE',  ( 22.50000000000000000, 6.700000000000000178, -0.8896965511460830367 ) ) ;
#1262 = DIRECTION ( 'NONE',  ( 1.000000000000000000, 0.000000000000000000, -3.491481338843135327E-15 ) ) ;
#1263 = CARTESIAN_POINT ( 'NONE',  ( -3.035766082959414308E-14, 7.100000000000000533, -10.20000000000000107 ) ) ;
#1264 = VERTEX_POINT ( 'NONE', #1580 ) ;
#1265 = CARTESIAN_POINT ( 'NONE',  ( 13.01776029751389885, 12.41362307109989871, -5.200000000000000178 ) ) ;
#1266 = FILL_AREA_STYLE_COLOUR ( '', #4902 ) ;
#1267 = DIRECTION ( 'NONE',  ( 3.456627036440165418E-30, -1.000000000000000000, 9.912705577010320619E-16 ) ) ;
#1268 = EDGE_CURVE ( 'NONE', #635, #2432, #778, .T. ) ;
#1269 = EDGE_CURVE ( 'NONE', #648, #3577, #441, .T. ) ;
#1270 = ORIENTED_EDGE ( 'NONE', *, *, #1298, .F. ) ;
#1271 = LINE ( 'NONE', #159, #1644 ) ;
#1272 = DIRECTION ( 'NONE',  ( 0.000000000000000000, 1.000000000000000000, 0.000000000000000000 ) ) ;
#1273 = CIRCLE ( 'NONE', #1505, 1.760296020616589852 ) ;
#1274 = CARTESIAN_POINT ( 'NONE',  ( 1.779999999999999805, 12.14999999999999858, -5.200000000000000178 ) ) ;
#1275 = CARTESIAN_POINT ( 'NONE',  ( 1.950788672671505131, 12.14999999999999858, -4.400000000000000355 ) ) ;
#1276 = DIRECTION ( 'NONE',  ( -1.000000000000000000, 0.000000000000000000, 3.684596229616635536E-15 ) ) ;
#1277 = VERTEX_POINT ( 'NONE', #3431 ) ;
#1278 = ORIENTED_EDGE ( 'NONE', *, *, #4289, .T. ) ;
#1279 = CARTESIAN_POINT ( 'NONE',  ( 17.13791713900950242, 12.94999999999999929, -4.400000000000000355 ) ) ;
#1280 = FILL_AREA_STYLE_COLOUR ( '', #2872 ) ;
#1281 = EDGE_LOOP ( 'NONE', ( #3456, #3444, #94, #1794, #1966, #3744 ) ) ;
#1282 = DIRECTION ( 'NONE',  ( -0.3271105638831638962, 0.000000000000000000, 0.9449860734402588669 ) ) ;
#1283 = ORIENTED_EDGE ( 'NONE', *, *, #2984, .T. ) ;
#1284 = FILL_AREA_STYLE ('',( #2415 ) ) ;
#1285 = CARTESIAN_POINT ( 'NONE',  ( 16.98223970248610115, 12.41362307109989871, -5.200000000000000178 ) ) ;
#1286 = FACE_OUTER_BOUND ( 'NONE', #4465, .T. ) ;
#1287 = CARTESIAN_POINT ( 'NONE',  ( 22.07499999999999929, 6.700000000000000178, -1.755677313259615069 ) ) ;
#1288 = LINE ( 'NONE', #2826, #3796 ) ;
#1289 = CLOSED_SHELL ( 'NONE', ( #4963, #4107, #3988, #4290, #1679, #937, #1357, #2985, #1081, #4814, #3916, #187, #934 ) ) ;
#1290 =( LENGTH_UNIT ( ) NAMED_UNIT ( * ) SI_UNIT ( .MILLI., .METRE. ) );
#1291 = FILL_AREA_STYLE_COLOUR ( '', #4266 ) ;
#1292 = CARTESIAN_POINT ( 'NONE',  ( 5.461468528227780617, 12.88480341595011325, -5.200000000000011724 ) ) ;
#1293 = ORIENTED_EDGE ( 'NONE', *, *, #2970, .T. ) ;
#1294 = CARTESIAN_POINT ( 'NONE',  ( 5.448660975592949818, 12.90509132938449888, -4.400000000000000355 ) ) ;
#1295 = LINE ( 'NONE', #2871, #13 ) ;
#1296 = VERTEX_POINT ( 'NONE', #3772 ) ;
#1297 =( GEOMETRIC_REPRESENTATION_CONTEXT ( 3 ) GLOBAL_UNCERTAINTY_ASSIGNED_CONTEXT ( ( #1416 ) ) GLOBAL_UNIT_ASSIGNED_CONTEXT ( ( #3860, #79, #1218 ) ) REPRESENTATION_CONTEXT ( 'NONE', 'WORKASPACE' ) );
#1298 = EDGE_CURVE ( 'NONE', #2934, #2046, #2655, .T. ) ;
#1299 = VERTEX_POINT ( 'NONE', #2738 ) ;
#1300 = ORIENTED_EDGE ( 'NONE', *, *, #326, .F. ) ;
#1301 = EDGE_CURVE ( 'NONE', #1481, #3906, #1496, .T. ) ;
#1302 = CARTESIAN_POINT ( 'NONE',  ( -8.673617379884030542E-16, 14.09999999999999964, -2.154824120534909682 ) ) ;
#1303 = COLOUR_RGB ( '',0.8313725490196077761, 0.8392156862745098200, 0.8313725490196077761 ) ;
#1304 = ORIENTED_EDGE ( 'NONE', *, *, #1676, .F. ) ;
#1305 = EDGE_CURVE ( 'NONE', #1277, #2161, #4887, .T. ) ;
#1306 = DIRECTION ( 'NONE',  ( -3.491481338843135327E-15, 0.000000000000000000, -1.000000000000000000 ) ) ;
#1307 = CARTESIAN_POINT ( 'NONE',  ( 18.75000000000000000, 11.49572309693832040, -4.799999999999999822 ) ) ;
#1308 = DIRECTION ( 'NONE',  ( 1.000000000000000000, 0.000000000000000000, -3.513364001978343273E-15 ) ) ;
#1309 = AXIS2_PLACEMENT_3D ( 'NONE', #1720, #3958, #3931 ) ;
#1310 = CARTESIAN_POINT ( 'NONE',  ( 13.04921132732846090, 12.14999999999999858, -5.200000000000000178 ) ) ;
#1311 = AXIS2_PLACEMENT_3D ( 'NONE', #1369, #3330, #1776 ) ;
#1312 = SURFACE_SIDE_STYLE ('',( #3051 ) ) ;
#1313 = VECTOR ( 'NONE', #2371, 1000.000000000000000 ) ;
#1314 = FILL_AREA_STYLE_COLOUR ( '', #2525 ) ;
#1315 = UNCERTAINTY_MEASURE_WITH_UNIT (LENGTH_MEASURE( 1.000000000000000082E-05 ), #2253, 'distance_accuracy_value', 'NONE');
#1316 = EDGE_LOOP ( 'NONE', ( #1998, #3109, #3485, #1853 ) ) ;
#1317 = CARTESIAN_POINT ( 'NONE',  ( 5.377112286192909707, 12.94919804410899999, -4.400000000000000355 ) ) ;
#1318 = VECTOR ( 'NONE', #4921, 1000.000000000000114 ) ;
#1319 =( GEOMETRIC_REPRESENTATION_CONTEXT ( 3 ) GLOBAL_UNCERTAINTY_ASSIGNED_CONTEXT ( ( #512 ) ) GLOBAL_UNIT_ASSIGNED_CONTEXT ( ( #1415, #3283, #4767 ) ) REPRESENTATION_CONTEXT ( 'NONE', 'WORKASPACE' ) );
#1320 = SURFACE_STYLE_USAGE ( .BOTH. , #1701 ) ;
#1321 = VECTOR ( 'NONE', #218, 1000.000000000000000 ) ;
#1322 = VECTOR ( 'NONE', #4657, 1000.000000000000000 ) ;
#1323 = SURFACE_STYLE_USAGE ( .BOTH. , #4316 ) ;
#1324 = PLANE ( 'NONE',  #1035 ) ;
#1325 = ORIENTED_EDGE ( 'NONE', *, *, #1387, .T. ) ;
#1326 = STYLED_ITEM ( 'NONE', ( #3761 ), #3811 ) ;
#1327 = ORIENTED_EDGE ( 'NONE', *, *, #723, .F. ) ;
#1328 = DIRECTION ( 'NONE',  ( -1.794541526872519968E-14, 1.000000000000000000, 0.000000000000000000 ) ) ;
#1329 = ORIENTED_EDGE ( 'NONE', *, *, #400, .T. ) ;
#1330 = COLOUR_RGB ( '',0.8313725490196077761, 0.8392156862745098200, 0.8313725490196077761 ) ;
#1331 = DIRECTION ( 'NONE',  ( -0.9449860734402589779, 0.000000000000000000, -0.3271105638831639517 ) ) ;
#1332 = ORIENTED_EDGE ( 'NONE', *, *, #4741, .T. ) ;
#1333 = DIRECTION ( 'NONE',  ( -3.439448255846680688E-30, 1.000000000000000000, -9.850971327219820043E-16 ) ) ;
#1334 = CARTESIAN_POINT ( 'NONE',  ( 17.44999999999999929, -1.403678334590400015E-14, -1.300000000000039790 ) ) ;
#1335 = PRESENTATION_STYLE_ASSIGNMENT (( #4756 ) ) ;
#1336 = CARTESIAN_POINT ( 'NONE',  ( 8.673617379884030542E-16, 6.700000000000000178, -1.498756443470159905 ) ) ;
#1337 = VECTOR ( 'NONE', #2486, 1000.000000000000000 ) ;
#1338 = CARTESIAN_POINT ( 'NONE',  ( 12.98943546578865949, 12.65081076366930013, -4.400000000000000355 ) ) ;
#1339 = FACE_OUTER_BOUND ( 'NONE', #2750, .T. ) ;
#1340 = EDGE_CURVE ( 'NONE', #3032, #3971, #1885, .T. ) ;
#1341 = CARTESIAN_POINT ( 'NONE',  ( 3.750000000000000000, 12.94999999999999929, -4.799999999999999822 ) ) ;
#1342 = ORIENTED_EDGE ( 'NONE', *, *, #2933, .T. ) ;
#1343 = LINE ( 'NONE', #2066, #4027 ) ;
#1344 = CARTESIAN_POINT ( 'NONE',  ( 20.51776029751389885, 12.41362307109989871, -5.200000000000000178 ) ) ;
#1345 = DIRECTION ( 'NONE',  ( 0.000000000000000000, 1.000000000000000000, 0.000000000000000000 ) ) ;
#1346 = CARTESIAN_POINT ( 'NONE',  ( 18.75000000000000711, 14.09999999999999964, -2.824999999999999289 ) ) ;
#1347 = SURFACE_SIDE_STYLE ('',( #4369 ) ) ;
#1348 = ORIENTED_EDGE ( 'NONE', *, *, #4099, .T. ) ;
#1349 = VERTEX_POINT ( 'NONE', #3503 ) ;
#1350 = SURFACE_STYLE_FILL_AREA ( #561 ) ;
#1351 = DIRECTION ( 'NONE',  ( 0.000000000000000000, -1.171453342316279939E-15, -1.000000000000000000 ) ) ;
#1352 = ORIENTED_EDGE ( 'NONE', *, *, #835, .F. ) ;
#1353 = DIRECTION ( 'NONE',  ( 0.000000000000000000, -1.000000000000000000, 0.000000000000000000 ) ) ;
#1354 = CARTESIAN_POINT ( 'NONE',  ( 2.449999999999999734, 2.299999999999999822, -1.299999999999988054 ) ) ;
#1355 = PLANE ( 'NONE',  #4339 ) ;
#1356 = DIRECTION ( 'NONE',  ( 2.955291398165945421E-15, 9.850971327219820043E-16, 1.000000000000000000 ) ) ;
#1357 = ADVANCED_FACE ( 'NONE', ( #62 ), #1520, .T. ) ;
#1358 = CARTESIAN_POINT ( 'NONE',  ( 22.50000000000000000, 7.100000000000000533, -0.9000000000000579758 ) ) ;
#1359 = DIRECTION ( 'NONE',  ( 3.491481338843135327E-15, 0.000000000000000000, 1.000000000000000000 ) ) ;
#1360 = SURFACE_STYLE_FILL_AREA ( #4786 ) ;
#1361 = COLOUR_RGB ( '',0.8313725490196077761, 0.8392156862745098200, 0.8313725490196077761 ) ;
#1362 = ORIENTED_EDGE ( 'NONE', *, *, #3097, .F. ) ;
#1363 = LINE ( 'NONE', #3987, #3707 ) ;
#1364 = EDGE_CURVE ( 'NONE', #1102, #4340, #140, .T. ) ;
#1365 = DIRECTION ( 'NONE',  ( -3.491481338843135327E-15, 1.539695392878819727E-16, -1.000000000000000000 ) ) ;
#1366 = COLOUR_RGB ( '',0.8313725490196077761, 0.8392156862745098200, 0.8313725490196077761 ) ;
#1367 =( NAMED_UNIT ( * ) SI_UNIT ( $, .STERADIAN. ) SOLID_ANGLE_UNIT ( ) );
#1368 = UNCERTAINTY_MEASURE_WITH_UNIT (LENGTH_MEASURE( 1.000000000000000082E-05 ), #1290, 'distance_accuracy_value', 'NONE');
#1369 = CARTESIAN_POINT ( 'NONE',  ( 18.75000000000000000, 14.09999999999999964, -4.799999999999999822 ) ) ;
#1370 = AXIS2_PLACEMENT_3D ( 'NONE', #4201, #4278, #2001 ) ;
#1371 = FACE_OUTER_BOUND ( 'NONE', #1664, .T. ) ;
#1372 = VERTEX_POINT ( 'NONE', #2069 ) ;
#1373 = ORIENTED_EDGE ( 'NONE', *, *, #326, .T. ) ;
#1374 = CIRCLE ( 'NONE', #2424, 0.1299999999999999489 ) ;
#1375 = DIRECTION ( 'NONE',  ( -0.3074341435583239912, 0.3415934928425771178, -0.8881430813907001953 ) ) ;
#1376 = PRESENTATION_STYLE_ASSIGNMENT (( #219 ) ) ;
#1377 = VERTEX_POINT ( 'NONE', #4709 ) ;
#1378 =( NAMED_UNIT ( * ) PLANE_ANGLE_UNIT ( ) SI_UNIT ( $, .RADIAN. ) );
#1379 = DIRECTION ( 'NONE',  ( 1.000000000000000000, 0.000000000000000000, -3.513364001978341695E-15 ) ) ;
#1380 = CARTESIAN_POINT ( 'NONE',  ( 3.750000000000000000, 11.49572309693832040, -4.799999999999999822 ) ) ;
#1381 = CARTESIAN_POINT ( 'NONE',  ( 22.00999999999999801, 66.32999999999999829, -0.7569059892324699890 ) ) ;
#1382 = FACE_OUTER_BOUND ( 'NONE', #403, .T. ) ;
#1383 = AXIS2_PLACEMENT_3D ( 'NONE', #649, #627, #611 ) ;
#1384 = EDGE_CURVE ( 'NONE', #4528, #2963, #162, .T. ) ;
#1385 = EDGE_LOOP ( 'NONE', ( #2910, #910, #2188, #4245 ) ) ;
#1386 = DIRECTION ( 'NONE',  ( -3.529420737664755113E-15, -9.411788633772680037E-16, -1.000000000000000000 ) ) ;
#1387 = EDGE_CURVE ( 'NONE', #2504, #1860, #1295, .T. ) ;
#1388 = EDGE_CURVE ( 'NONE', #3016, #994, #3574, .T. ) ;
#1389 = DIRECTION ( 'NONE',  ( 3.941890354030738221E-15, 9.854725885076845551E-16, 1.000000000000000000 ) ) ;
#1390 = STYLED_ITEM ( 'NONE', ( #1621 ), #2985 ) ;
#1391 = VECTOR ( 'NONE', #788, 1000.000000000000000 ) ;
#1392 = DIRECTION ( 'NONE',  ( 0.000000000000000000, 1.745740669421575197E-14, -1.000000000000000000 ) ) ;
#1393 = ADVANCED_FACE ( 'NONE', ( #3234 ), #2012, .F. ) ;
#1394 = DIRECTION ( 'NONE',  ( -0.8660254037844381525, 0.000000000000000000, 0.5000000000000007772 ) ) ;
#1395 = VECTOR ( 'NONE', #377, 1000.000000000000114 ) ;
#1396 = FILL_AREA_STYLE_COLOUR ( '', #306 ) ;
#1397 = VECTOR ( 'NONE', #949, 1000.000000000000000 ) ;
#1398 = EDGE_LOOP ( 'NONE', ( #4274, #179, #2838, #3422 ) ) ;
#1399 = CIRCLE ( 'NONE', #1977, 0.1999999999999996503 ) ;
#1400 = LINE ( 'NONE', #2555, #4667 ) ;
#1401 = ADVANCED_FACE ( 'NONE', ( #464 ), #2810, .T. ) ;
#1402 = ORIENTED_EDGE ( 'NONE', *, *, #2960, .F. ) ;
#1403 = CARTESIAN_POINT ( 'NONE',  ( 22.50000000000000000, 6.700000000000000178, -1.510303448854029895 ) ) ;
#1404 = MECHANICAL_DESIGN_GEOMETRIC_PRESENTATION_REPRESENTATION (  '', ( #3957 ), #1812 ) ;
#1405 = CARTESIAN_POINT ( 'NONE',  ( 12.86208286099052067, 12.94999999999999929, -5.200000000000000178 ) ) ;
#1406 = LINE ( 'NONE', #2539, #2855 ) ;
#1407 = CARTESIAN_POINT ( 'NONE',  ( 17.07777891304759876, 12.93132894078255823, -4.399986820169311308 ) ) ;
#1408 =( LENGTH_UNIT ( ) NAMED_UNIT ( * ) SI_UNIT ( .MILLI., .METRE. ) );
#1409 = STYLED_ITEM ( 'NONE', ( #4403 ), #3988 ) ;
#1410 = DIRECTION ( 'NONE',  ( 3.447839964526936325E-15, 9.850971327219820043E-16, 1.000000000000000000 ) ) ;
#1411 = DIRECTION ( 'NONE',  ( -1.000000000000000000, 0.000000000000000000, 0.000000000000000000 ) ) ;
#1412 = VECTOR ( 'NONE', #3222, 999.9999999999998863 ) ;
#1413 = ORIENTED_EDGE ( 'NONE', *, *, #1704, .F. ) ;
#1414 = DIRECTION ( 'NONE',  ( -0.9805806756909202226, -0.1961161351381840445, 3.423679130405040838E-15 ) ) ;
#1415 =( LENGTH_UNIT ( ) NAMED_UNIT ( * ) SI_UNIT ( .MILLI., .METRE. ) );
#1416 = UNCERTAINTY_MEASURE_WITH_UNIT (LENGTH_MEASURE( 1.000000000000000082E-05 ), #3860, 'distance_accuracy_value', 'NONE');
#1417 = CARTESIAN_POINT ( 'NONE',  ( -0.4050000000000245071, 6.700000000000000178, -8.882583302491958932 ) ) ;
#1418 = EDGE_CURVE ( 'NONE', #1892, #2895, #4028, .T. ) ;
#1419 = VERTEX_POINT ( 'NONE', #183 ) ;
#1420 = EDGE_CURVE ( 'NONE', #1454, #2366, #1226, .T. ) ;
#1421 = EDGE_CURVE ( 'NONE', #481, #2297, #4044, .T. ) ;
#1422 = ORIENTED_EDGE ( 'NONE', *, *, #1995, .F. ) ;
#1423 = ORIENTED_EDGE ( 'NONE', *, *, #2196, .F. ) ;
#1424 = FILL_AREA_STYLE_COLOUR ( '', #4333 ) ;
#1425 = DIRECTION ( 'NONE',  ( 3.491481338843135327E-15, 0.000000000000000000, 1.000000000000000000 ) ) ;
#1426 = CARTESIAN_POINT ( 'NONE',  ( 5.500000000000000000, 1.800000000000000044, 8.673617379884030542E-16 ) ) ;
#1427 = B_SPLINE_CURVE_WITH_KNOTS ( 'NONE', 3,
 ( #3782, #4926, #394, #4898, #2241, #3810 ),
 .UNSPECIFIED., .F., .F.,
 ( 4, 2, 4 ),
 ( 0.000000000000000000, 0.4442809022260499896, 1.000000000000000000 ),
 .UNSPECIFIED. ) ;
#1428 = AXIS2_PLACEMENT_3D ( 'NONE', #3532, #3221, #128 ) ;
#1429 = CARTESIAN_POINT ( 'NONE',  ( 12.86208286099054021, 12.94999999999999929, -4.400000000000000355 ) ) ;
#1430 =( LENGTH_UNIT ( ) NAMED_UNIT ( * ) SI_UNIT ( .MILLI., .METRE. ) );
#1431 = DIRECTION ( 'NONE',  ( -3.491481338843135327E-15, 0.000000000000000000, -1.000000000000000000 ) ) ;
#1432 = ORIENTED_EDGE ( 'NONE', *, *, #1387, .F. ) ;
#1433 = LINE ( 'NONE', #3757, #1072 ) ;
#1434 = CARTESIAN_POINT ( 'NONE',  ( 11.24999999999999289, 14.09999999999999964, -6.774999999999999467 ) ) ;
#1435 =( LENGTH_UNIT ( ) NAMED_UNIT ( * ) SI_UNIT ( .MILLI., .METRE. ) );
#1436 = DIRECTION ( 'NONE',  ( 0.000000000000000000, -1.000000000000000000, 0.000000000000000000 ) ) ;
#1437 = ORIENTED_EDGE ( 'NONE', *, *, #2152, .F. ) ;
#1438 = ADVANCED_FACE ( 'NONE', ( #254 ), #2144, .F. ) ;
#1439 = VERTEX_POINT ( 'NONE', #4016 ) ;
#1440 =( NAMED_UNIT ( * ) PLANE_ANGLE_UNIT ( ) SI_UNIT ( $, .RADIAN. ) );
#1441 = EDGE_CURVE ( 'NONE', #20, #376, #3307, .T. ) ;
#1442 = VERTEX_POINT ( 'NONE', #992 ) ;
#1443 = EDGE_CURVE ( 'NONE', #4613, #4647, #1462, .T. ) ;
#1444 = DIRECTION ( 'NONE',  ( 3.456627036440165418E-30, -1.000000000000000000, 9.912705577010320619E-16 ) ) ;
#1445 = LINE ( 'NONE', #4829, #4416 ) ;
#1446 = FACE_BOUND ( 'NONE', #3146, .T. ) ;
#1447 = DIRECTION ( 'NONE',  ( 0.000000000000000000, 1.000000000000000000, 0.000000000000000000 ) ) ;
#1448 = EDGE_CURVE ( 'NONE', #300, #2816, #282, .T. ) ;
#1449 = DIRECTION ( 'NONE',  ( -3.187765602329534805E-30, 1.000000000000000000, -9.130123557772670060E-16 ) ) ;
#1450 = LINE ( 'NONE', #2240, #3232 ) ;
#1451 = CIRCLE ( 'NONE', #4469, 1.898658176328949843 ) ;
#1452 = DIRECTION ( 'NONE',  ( 0.000000000000000000, -1.171453342316279939E-15, -1.000000000000000000 ) ) ;
#1453 = EDGE_LOOP ( 'NONE', ( #2438, #3354, #1113, #2499, #314, #3766 ) ) ;
#1454 = VERTEX_POINT ( 'NONE', #4447 ) ;
#1455 = DIRECTION ( 'NONE',  ( 0.000000000000000000, -1.000000000000000000, 0.000000000000000000 ) ) ;
#1456 = VECTOR ( 'NONE', #516, 1000.000000000000000 ) ;
#1457 = ORIENTED_EDGE ( 'NONE', *, *, #2434, .F. ) ;
#1458 = LINE ( 'NONE', #2672, #2599 ) ;
#1459 = CARTESIAN_POINT ( 'NONE',  ( 18.75000000000000711, 12.95000000000000107, -3.139033067547879696 ) ) ;
#1460 = UNCERTAINTY_MEASURE_WITH_UNIT (LENGTH_MEASURE( 1.000000000000000082E-05 ), #408, 'distance_accuracy_value', 'NONE');
#1461 =( NAMED_UNIT ( * ) PLANE_ANGLE_UNIT ( ) SI_UNIT ( $, .RADIAN. ) );
#1462 = CIRCLE ( 'NONE', #2673, 0.1300000000000016420 ) ;
#1463 = ORIENTED_EDGE ( 'NONE', *, *, #4593, .F. ) ;
#1464 = FILL_AREA_STYLE ('',( #4216 ) ) ;
#1465 = MECHANICAL_DESIGN_GEOMETRIC_PRESENTATION_REPRESENTATION (  '', ( #2999 ), #3395 ) ;
#1466 = CARTESIAN_POINT ( 'NONE',  ( 10.24999999999979927, 4.984159143999969288, -5.500000000000000000 ) ) ;
#1467 = CIRCLE ( 'NONE', #820, 0.1300000000000016420 ) ;
#1468 = B_SPLINE_CURVE_WITH_KNOTS ( 'NONE', 3,
 ( #1405, #4025, #592, #612, #2153, #2949, #1019, #2559, #4073, #628 ),
 .UNSPECIFIED., .F., .F.,
 ( 4, 2, 2, 2, 4 ),
 ( 0.000000000000000000, 0.2500000000000208167, 0.3750000000000245359, 0.5000000000000283107, 1.000000000000000000 ),
 .UNSPECIFIED. ) ;
#1469 = ORIENTED_EDGE ( 'NONE', *, *, #1661, .T. ) ;
#1470 = DIRECTION ( 'NONE',  ( 0.000000000000000000, -1.000000000000000000, -3.334909476821829649E-28 ) ) ;
#1471 = VECTOR ( 'NONE', #4702, 1000.000000000000000 ) ;
#1472 = DIRECTION ( 'NONE',  ( 1.000000000000000000, 0.000000000000000000, -3.491481338843135327E-15 ) ) ;
#1473 = ORIENTED_EDGE ( 'NONE', *, *, #3388, .T. ) ;
#1474 = FILL_AREA_STYLE ('',( #3750 ) ) ;
#1475 = EDGE_CURVE ( 'NONE', #2312, #2245, #2549, .T. ) ;
#1476 = AXIS2_PLACEMENT_3D ( 'NONE', #3054, #4937, #156 ) ;
#1477 = VECTOR ( 'NONE', #2347, 1000.000000000000114 ) ;
#1478 = DIRECTION ( 'NONE',  ( 1.253368756442005312E-15, 0.9333456062030596190, 0.3589790793088687981 ) ) ;
#1479 = LINE ( 'NONE', #1157, #530 ) ;
#1480 = DIRECTION ( 'NONE',  ( 0.000000000000000000, 1.000000000000000000, 0.000000000000000000 ) ) ;
#1481 = VERTEX_POINT ( 'NONE', #1801 ) ;
#1482 = ORIENTED_EDGE ( 'NONE', *, *, #2583, .T. ) ;
#1483 = VECTOR ( 'NONE', #4332, 1000.000000000000000 ) ;
#1484 = PLANE ( 'NONE',  #1806 ) ;
#1485 = ORIENTED_EDGE ( 'NONE', *, *, #2044, .F. ) ;
#1486 = DIRECTION ( 'NONE',  ( 0.000000000000000000, 1.000000000000000000, 0.000000000000000000 ) ) ;
#1487 = EDGE_CURVE ( 'NONE', #4676, #1130, #2893, .T. ) ;
#1488 = PRESENTATION_LAYER_ASSIGNMENT (  '', '', ( #3650 ) ) ;
#1489 = DIRECTION ( 'NONE',  ( 0.000000000000000000, 1.000000000000000000, 0.000000000000000000 ) ) ;
#1490 =( NAMED_UNIT ( * ) PLANE_ANGLE_UNIT ( ) SI_UNIT ( $, .RADIAN. ) );
#1491 = AXIS2_PLACEMENT_3D ( 'NONE', #3020, #2319, #737 ) ;
#1492 = DIRECTION ( 'NONE',  ( -0.000000000000000000, 1.000000000000000000, 0.000000000000000000 ) ) ;
#1493 = ORIENTED_EDGE ( 'NONE', *, *, #4387, .F. ) ;
#1494 = DIRECTION ( 'NONE',  ( 3.440759152716020001E-30, -1.000000000000000000, 9.854725885076841607E-16 ) ) ;
#1495 = ORIENTED_EDGE ( 'NONE', *, *, #1832, .T. ) ;
#1496 = LINE ( 'NONE', #805, #1959 ) ;
#1497 = LINE ( 'NONE', #3038, #3 ) ;
#1498 = FACE_BOUND ( 'NONE', #2644, .T. ) ;
#1499 = VERTEX_POINT ( 'NONE', #4082 ) ;
#1500 = FACE_OUTER_BOUND ( 'NONE', #217, .T. ) ;
#1501 = VERTEX_POINT ( 'NONE', #1754 ) ;
#1502 =( NAMED_UNIT ( * ) PLANE_ANGLE_UNIT ( ) SI_UNIT ( $, .RADIAN. ) );
#1503 = CARTESIAN_POINT ( 'NONE',  ( 17.44999999999999929, 5.299999999999999822, -1.300000000000039790 ) ) ;
#1504 = SURFACE_STYLE_FILL_AREA ( #3152 ) ;
#1505 = AXIS2_PLACEMENT_3D ( 'NONE', #2882, #566, #360 ) ;
#1506 = EDGE_CURVE ( 'NONE', #3582, #1093, #2497, .T. ) ;
#1507 = CARTESIAN_POINT ( 'NONE',  ( 21.87999999999999901, -4.392950033686029607E-15, -7.906905989232471121 ) ) ;
#1508 = CARTESIAN_POINT ( 'NONE',  ( 11.25000000000000000, 12.94999999999999929, -4.799999999999999822 ) ) ;
#1509 = ORIENTED_EDGE ( 'NONE', *, *, #1766, .F. ) ;
#1510 = ORIENTED_EDGE ( 'NONE', *, *, #3840, .F. ) ;
#1511 = DIRECTION ( 'NONE',  ( 0.000000000000000000, -1.000000000000000000, 0.000000000000000000 ) ) ;
#1512 = ORIENTED_EDGE ( 'NONE', *, *, #1050, .T. ) ;
#1513 = ORIENTED_EDGE ( 'NONE', *, *, #3347, .F. ) ;
#1514 = CARTESIAN_POINT ( 'NONE',  ( 20.71000000000000085, 12.94999999999999929, -4.400000000000000355 ) ) ;
#1515 = UNCERTAINTY_MEASURE_WITH_UNIT (LENGTH_MEASURE( 1.000000000000000082E-05 ), #4033, 'distance_accuracy_value', 'NONE');
#1516 = DIRECTION ( 'NONE',  ( 3.797408668138413450E-15, 1.898704334069206725E-15, 1.000000000000000000 ) ) ;
#1517 =( LENGTH_UNIT ( ) NAMED_UNIT ( * ) SI_UNIT ( .MILLI., .METRE. ) );
#1518 = CARTESIAN_POINT ( 'NONE',  ( 22.50000000000000000, 66.32999999999999829, -8.660303448854030250 ) ) ;
#1519 = ORIENTED_EDGE ( 'NONE', *, *, #1765, .T. ) ;
#1520 = PLANE ( 'NONE',  #1140 ) ;
#1521 = SURFACE_STYLE_FILL_AREA ( #1936 ) ;
#1522 = EDGE_LOOP ( 'NONE', ( #2699, #1873, #2669, #372 ) ) ;
#1523 = LINE ( 'NONE', #3065, #2447 ) ;
#1524 = ORIENTED_EDGE ( 'NONE', *, *, #2967, .T. ) ;
#1525 =( LENGTH_UNIT ( ) NAMED_UNIT ( * ) SI_UNIT ( .MILLI., .METRE. ) );
#1526 = DIRECTION ( 'NONE',  ( 0.000000000000000000, 1.000000000000000000, 0.000000000000000000 ) ) ;
#1527 = CARTESIAN_POINT ( 'NONE',  ( 26.25000000000000000, 7.100000000000000533, -0.9000000000000709655 ) ) ;
#1528 = CARTESIAN_POINT ( 'NONE',  ( 12.55000000000000071, 1.800000000000000044, -1.908195823574490013E-14 ) ) ;
#1529 = STYLED_ITEM ( 'NONE', ( #2173 ), #633 ) ;
#1530 = EDGE_LOOP ( 'NONE', ( #4503, #2767, #445, #1238 ) ) ;
#1531 = ORIENTED_EDGE ( 'NONE', *, *, #1645, .T. ) ;
#1532 = DIRECTION ( 'NONE',  ( 3.491481338843135327E-15, 0.000000000000000000, 1.000000000000000000 ) ) ;
#1533 = ORIENTED_EDGE ( 'NONE', *, *, #1951, .F. ) ;
#1534 = EDGE_LOOP ( 'NONE', ( #1925, #328, #4750, #3139 ) ) ;
#1535 = PLANE ( 'NONE',  #343 ) ;
#1536 = FACE_OUTER_BOUND ( 'NONE', #1534, .T. ) ;
#1537 = PRESENTATION_LAYER_ASSIGNMENT (  '', '', ( #2835 ) ) ;
#1538 = ORIENTED_EDGE ( 'NONE', *, *, #4075, .F. ) ;
#1539 = DIRECTION ( 'NONE',  ( 0.000000000000000000, 1.000000000000000000, 0.000000000000000000 ) ) ;
#1540 = LINE ( 'NONE', #774, #3165 ) ;
#1541 = FACE_OUTER_BOUND ( 'NONE', #4480, .T. ) ;
#1542 = SURFACE_SIDE_STYLE ('',( #1574 ) ) ;
#1543 = PRESENTATION_LAYER_ASSIGNMENT (  '', '', ( #497 ) ) ;
#1544 = DIRECTION ( 'NONE',  ( 1.063767053708800029E-15, -1.000000000000000000, 1.898704334069205147E-15 ) ) ;
#1545 = EDGE_CURVE ( 'NONE', #2065, #4933, #3672, .T. ) ;
#1546 = ADVANCED_FACE ( 'NONE', ( #2207 ), #2164, .T. ) ;
#1547 = DIRECTION ( 'NONE',  ( 3.491481338843135327E-15, 0.000000000000000000, 1.000000000000000000 ) ) ;
#1548 = STYLED_ITEM ( 'NONE', ( #404 ), #1679 ) ;
#1549 = FILL_AREA_STYLE ('',( #4242 ) ) ;
#1550 = CIRCLE ( 'NONE', #1236, 1.660966932452119682 ) ;
#1551 = ORIENTED_EDGE ( 'NONE', *, *, #1269, .F. ) ;
#1552 = AXIS2_PLACEMENT_3D ( 'NONE', #2853, #4326, #4395 ) ;
#1553 = CARTESIAN_POINT ( 'NONE',  ( 20.04999999999999716, 2.299999999999999822, -1.500000000000050182 ) ) ;
#1554 = VERTEX_POINT ( 'NONE', #3287 ) ;
#1555 = CARTESIAN_POINT ( 'NONE',  ( 9.450788672671510682, 12.14999999999999858, -5.200000000000000178 ) ) ;
#1556 = VECTOR ( 'NONE', #4766, 1000.000000000000000 ) ;
#1557 = LINE ( 'NONE', #1918, #2278 ) ;
#1558 = MECHANICAL_DESIGN_GEOMETRIC_PRESENTATION_REPRESENTATION (  '', ( #4581 ), #2372 ) ;
#1559 = DIRECTION ( 'NONE',  ( -3.646523314876840477E-30, 1.000000000000000000, -1.044405786824304065E-15 ) ) ;
#1560 = DIRECTION ( 'NONE',  ( -3.491481338843135327E-15, 0.000000000000000000, -1.000000000000000000 ) ) ;
#1561 = CARTESIAN_POINT ( 'NONE',  ( 26.25000000000000000, 0.000000000000000000, -4.699999999999810107 ) ) ;
#1562 = CIRCLE ( 'NONE', #4265, 1.760296020616589852 ) ;
#1563 = VECTOR ( 'NONE', #548, 1000.000000000000000 ) ;
#1564 = ORIENTED_EDGE ( 'NONE', *, *, #4631, .T. ) ;
#1565 = CARTESIAN_POINT ( 'NONE',  ( 18.25000000000000000, 0.1499999992184100073, -4.700000000000000178 ) ) ;
#1566 = FACE_OUTER_BOUND ( 'NONE', #1080, .T. ) ;
#1567 = VECTOR ( 'NONE', #1345, 1000.000000000000000 ) ;
#1568 =( NAMED_UNIT ( * ) SI_UNIT ( $, .STERADIAN. ) SOLID_ANGLE_UNIT ( ) );
#1569 = COLOUR_RGB ( '',0.8313725490196077761, 0.8392156862745098200, 0.8313725490196077761 ) ;
#1570 = ORIENTED_EDGE ( 'NONE', *, *, #2112, .T. ) ;
#1571 = CARTESIAN_POINT ( 'NONE',  ( 9.450788672671510682, 12.14999999999999858, -5.200000000000000178 ) ) ;
#1572 = FACE_OUTER_BOUND ( 'NONE', #4527, .T. ) ;
#1573 = LINE ( 'NONE', #437, #3056 ) ;
#1574 = SURFACE_STYLE_FILL_AREA ( #288 ) ;
#1575 =( GEOMETRIC_REPRESENTATION_CONTEXT ( 3 ) GLOBAL_UNCERTAINTY_ASSIGNED_CONTEXT ( ( #747 ) ) GLOBAL_UNIT_ASSIGNED_CONTEXT ( ( #1017, #3693, #4474 ) ) REPRESENTATION_CONTEXT ( 'NONE', 'WORKASPACE' ) );
#1576 = ADVANCED_FACE ( 'NONE', ( #3350 ), #4818, .T. ) ;
#1577 = EDGE_CURVE ( 'NONE', #4319, #1254, #3720, .T. ) ;
#1578 = CARTESIAN_POINT ( 'NONE',  ( 20.39557420835814838, 12.94521071640309984, -4.400000000000000355 ) ) ;
#1579 = VECTOR ( 'NONE', #4894, 1000.000000000000000 ) ;
#1580 = CARTESIAN_POINT ( 'NONE',  ( 20.54921132732845024, 12.14999999999999858, -4.400000000000000355 ) ) ;
#1581 = EDGE_CURVE ( 'NONE', #1184, #3992, #2915, .T. ) ;
#1582 = SURFACE_STYLE_USAGE ( .BOTH. , #3943 ) ;
#1583 = EDGE_CURVE ( 'NONE', #3580, #810, #3742, .T. ) ;
#1584 = LINE ( 'NONE', #1993, #4158 ) ;
#1585 = ORIENTED_EDGE ( 'NONE', *, *, #3231, .F. ) ;
#1586 = DIRECTION ( 'NONE',  ( 0.000000000000000000, 1.000000000000000000, 0.000000000000000000 ) ) ;
#1587 = ORIENTED_EDGE ( 'NONE', *, *, #1082, .F. ) ;
#1588 = LINE ( 'NONE', #339, #4096 ) ;
#1589 = EDGE_CURVE ( 'NONE', #3393, #4576, #4067, .T. ) ;
#1590 = CARTESIAN_POINT ( 'NONE',  ( 11.25000000000000533, 12.86156426583980306, -3.039703979383406196 ) ) ;
#1591 = CARTESIAN_POINT ( 'NONE',  ( -0.4699999999999999734, 1.464316677895339915E-15, -0.7799999999999779332 ) ) ;
#1592 = EDGE_LOOP ( 'NONE', ( #2622, #4020, #1329, #2660, #4663, #3877, #4541, #1283 ) ) ;
#1593 = CARTESIAN_POINT ( 'NONE',  ( -2.341876692568689893E-14, 6.700000000000000178, -8.648756443470160704 ) ) ;
#1594 = ORIENTED_EDGE ( 'NONE', *, *, #1832, .F. ) ;
#1595 = LINE ( 'NONE', #1985, #3315 ) ;
#1596 = CARTESIAN_POINT ( 'NONE',  ( 1.779999999999999805, 12.14999999999999858, -5.200000000000000178 ) ) ;
#1597 = DIRECTION ( 'NONE',  ( 3.652049423109068024E-15, 9.130123557772670060E-16, 1.000000000000000000 ) ) ;
#1598 =( NAMED_UNIT ( * ) PLANE_ANGLE_UNIT ( ) SI_UNIT ( $, .RADIAN. ) );
#1599 = SURFACE_SIDE_STYLE ('',( #2309 ) ) ;
#1600 = CARTESIAN_POINT ( 'NONE',  ( 11.15384615384614087, -4.519230769230760281, -4.700000000000000178 ) ) ;
#1601 = ORIENTED_EDGE ( 'NONE', *, *, #226, .F. ) ;
#1602 = CARTESIAN_POINT ( 'NONE',  ( 26.25000000000000000, 0.000000000000000000, -4.699999999999670663 ) ) ;
#1603 = CLOSED_SHELL ( 'NONE', ( #4496, #4747, #2843, #4015, #199, #887, #3663, #431, #91, #1044, #4229, #2839, #3511 ) ) ;
#1604 = EDGE_LOOP ( 'NONE', ( #148, #4148, #4450, #3022 ) ) ;
#1605 = EDGE_CURVE ( 'NONE', #587, #3759, #2940, .T. ) ;
#1606 = CARTESIAN_POINT ( 'NONE',  ( 22.03000000000000114, 6.700000000000000178, -1.620000000000054952 ) ) ;
#1607 = FACE_OUTER_BOUND ( 'NONE', #4907, .T. ) ;
#1608 = FILL_AREA_STYLE_COLOUR ( '', #4658 ) ;
#1609 = CIRCLE ( 'NONE', #1696, 1.975000000000000089 ) ;
#1610 = CARTESIAN_POINT ( 'NONE',  ( 18.31670992861799974, 2.603569110966890143, -3.803828682673624950 ) ) ;
#1611 = B_SPLINE_CURVE_WITH_KNOTS ( 'NONE', 3,
 ( #4780, #3201, #545, #4697, #4722, #4026 ),
 .UNSPECIFIED., .F., .F.,
 ( 4, 2, 4 ),
 ( 0.000000000000000000, 0.5557190870556969475, 1.000000000000000000 ),
 .UNSPECIFIED. ) ;
#1612 = EDGE_CURVE ( 'NONE', #3606, #3215, #4112, .T. ) ;
#1613 = ORIENTED_EDGE ( 'NONE', *, *, #1612, .T. ) ;
#1614 = CIRCLE ( 'NONE', #4550, 1.660966932452119682 ) ;
#1615 = FACE_OUTER_BOUND ( 'NONE', #1522, .T. ) ;
#1616 = CARTESIAN_POINT ( 'NONE',  ( 22.00999999999999801, 66.32999999999999829, -7.906905989232479115 ) ) ;
#1617 = CIRCLE ( 'NONE', #1129, 1.975000000000000977 ) ;
#1618 = LINE ( 'NONE', #3567, #2142 ) ;
#1619 = UNCERTAINTY_MEASURE_WITH_UNIT (LENGTH_MEASURE( 1.000000000000000082E-05 ), #4831, 'distance_accuracy_value', 'NONE');
#1620 = ORIENTED_EDGE ( 'NONE', *, *, #1268, .F. ) ;
#1621 = PRESENTATION_STYLE_ASSIGNMENT (( #2676 ) ) ;
#1622 = AXIS2_PLACEMENT_3D ( 'NONE', #4005, #905, #3983 ) ;
#1623 = CARTESIAN_POINT ( 'NONE',  ( 19.05000000000000071, -3.500000000000000000, -4.700000000000000178 ) ) ;
#1624 = PRESENTATION_LAYER_ASSIGNMENT (  '', '', ( #3157 ) ) ;
#1625 = FILL_AREA_STYLE_COLOUR ( '', #435 ) ;
#1626 = LINE ( 'NONE', #3480, #3448 ) ;
#1627 = AXIS2_PLACEMENT_3D ( 'NONE', #470, #93, #1633 ) ;
#1628 = VERTEX_POINT ( 'NONE', #4157 ) ;
#1629 = SURFACE_STYLE_USAGE ( .BOTH. , #924 ) ;
#1630 = FILL_AREA_STYLE ('',( #1280 ) ) ;
#1631 = AXIS2_PLACEMENT_3D ( 'NONE', #3820, #380, #1932 ) ;
#1632 = VERTEX_POINT ( 'NONE', #3030 ) ;
#1633 = DIRECTION ( 'NONE',  ( -1.000000000000000000, -3.994847236882269991E-30, 0.000000000000000000 ) ) ;
#1634 = ORIENTED_EDGE ( 'NONE', *, *, #1826, .T. ) ;
#1635 = EDGE_CURVE ( 'NONE', #2136, #364, #3243, .T. ) ;
#1636 = CARTESIAN_POINT ( 'NONE',  ( 1.779999999999999805, 12.14999999999999858, -4.400000000000000355 ) ) ;
#1637 = CARTESIAN_POINT ( 'NONE',  ( -0.4700000000000220113, 6.700000000000000178, -7.929999999999999716 ) ) ;
#1638 = COLOUR_RGB ( '',0.8313725490196077761, 0.8392156862745098200, 0.8313725490196077761 ) ;
#1639 = PRESENTATION_LAYER_ASSIGNMENT (  '', '', ( #583 ) ) ;
#1640 = EDGE_CURVE ( 'NONE', #1978, #2875, #2249, .T. ) ;
#1641 = CARTESIAN_POINT ( 'NONE',  ( 9.609307042928984188, 12.94680792429968186, -4.399947261701676382 ) ) ;
#1642 = EDGE_CURVE ( 'NONE', #2270, #3216, #3055, .T. ) ;
#1643 = VERTEX_POINT ( 'NONE', #4238 ) ;
#1644 = VECTOR ( 'NONE', #2890, 1000.000000000000000 ) ;
#1645 = EDGE_CURVE ( 'NONE', #1264, #1439, #4052, .T. ) ;
#1646 = CIRCLE ( 'NONE', #914, 0.2999999999999999334 ) ;
#1647 = LINE ( 'NONE', #3933, #3793 ) ;
#1648 = VECTOR ( 'NONE', #4189, 1000.000000000000000 ) ;
#1649 = PRESENTATION_LAYER_ASSIGNMENT (  '', '', ( #3482 ) ) ;
#1650 = CARTESIAN_POINT ( 'NONE',  ( 5.377122628425337503, 12.94999999999999574, -5.200000000000001954 ) ) ;
#1651 = ORIENTED_EDGE ( 'NONE', *, *, #3501, .F. ) ;
#1652 = COLOUR_RGB ( '',0.8313725490196077761, 0.8392156862745098200, 0.8313725490196077761 ) ;
#1653 = PLANE ( 'NONE',  #733 ) ;
#1654 = CARTESIAN_POINT ( 'NONE',  ( 21.87999999999999901, -4.392950033686029607E-15, -0.7569059892324689898 ) ) ;
#1655 = AXIS2_PLACEMENT_3D ( 'NONE', #4006, #4788, #3709 ) ;
#1656 = FACE_OUTER_BOUND ( 'NONE', #2666, .T. ) ;
#1657 = CARTESIAN_POINT ( 'NONE',  ( 2.010564534211304988, 12.65081076366930013, -4.400000000000000355 ) ) ;
#1658 =( GEOMETRIC_REPRESENTATION_CONTEXT ( 3 ) GLOBAL_UNCERTAINTY_ASSIGNED_CONTEXT ( ( #1673 ) ) GLOBAL_UNIT_ASSIGNED_CONTEXT ( ( #719, #152, #1691 ) ) REPRESENTATION_CONTEXT ( 'NONE', 'WORKASPACE' ) );
#1659 = DIRECTION ( 'NONE',  ( 4.153782093684445500E-16, -0.9932908816600525270, 0.1156426582667301473 ) ) ;
#1660 = ORIENTED_EDGE ( 'NONE', *, *, #1384, .F. ) ;
#1661 = EDGE_CURVE ( 'NONE', #3185, #4956, #1060, .T. ) ;
#1662 = ORIENTED_EDGE ( 'NONE', *, *, #2023, .T. ) ;
#1663 = COLOUR_RGB ( '',0.8313725490196077761, 0.8392156862745098200, 0.8313725490196077761 ) ;
#1664 = EDGE_LOOP ( 'NONE', ( #2899, #3400, #4181, #2336 ) ) ;
#1665 = ORIENTED_EDGE ( 'NONE', *, *, #2094, .F. ) ;
#1666 = CARTESIAN_POINT ( 'NONE',  ( 17.44999999999999929, -1.403678334590400015E-14, -1.600000000000040057 ) ) ;
#1667 = DIRECTION ( 'NONE',  ( 0.000000000000000000, 1.000000000000000000, 0.000000000000000000 ) ) ;
#1668 = CARTESIAN_POINT ( 'NONE',  ( 5.049999999999999822, 5.299999999999999822, -1.600000000000000089 ) ) ;
#1669 = VERTEX_POINT ( 'NONE', #4938 ) ;
#1670 = DIRECTION ( 'NONE',  ( 3.426216006659417643E-15, 9.136576017758445997E-16, 1.000000000000000000 ) ) ;
#1671 = PRESENTATION_STYLE_ASSIGNMENT (( #3589 ) ) ;
#1672 = CARTESIAN_POINT ( 'NONE',  ( 17.75000000000000000, 4.984159143999969288, -5.500000000000000000 ) ) ;
#1673 = UNCERTAINTY_MEASURE_WITH_UNIT (LENGTH_MEASURE( 1.000000000000000082E-05 ), #719, 'distance_accuracy_value', 'NONE');
#1674 = ORIENTED_EDGE ( 'NONE', *, *, #1640, .F. ) ;
#1675 = DIRECTION ( 'NONE',  ( 0.1961161351381840445, -0.9805806756909201116, -6.847358260810082662E-16 ) ) ;
#1676 = EDGE_CURVE ( 'NONE', #3552, #3016, #3862, .T. ) ;
#1677 =( NAMED_UNIT ( * ) SI_UNIT ( $, .STERADIAN. ) SOLID_ANGLE_UNIT ( ) );
#1678 = DIRECTION ( 'NONE',  ( 0.000000000000000000, 1.745740669421575197E-14, -1.000000000000000000 ) ) ;
#1679 = ADVANCED_FACE ( 'NONE', ( #4555 ), #2734, .T. ) ;
#1680 =( NAMED_UNIT ( * ) SI_UNIT ( $, .STERADIAN. ) SOLID_ANGLE_UNIT ( ) );
#1681 = DIRECTION ( 'NONE',  ( 0.000000000000000000, -1.171453342316279939E-15, -1.000000000000000000 ) ) ;
#1682 = ORIENTED_EDGE ( 'NONE', *, *, #938, .T. ) ;
#1683 = ORIENTED_EDGE ( 'NONE', *, *, #925, .T. ) ;
#1684 = PLANE ( 'NONE',  #1240 ) ;
#1685 = ORIENTED_EDGE ( 'NONE', *, *, #1487, .F. ) ;
#1686 =( NAMED_UNIT ( * ) PLANE_ANGLE_UNIT ( ) SI_UNIT ( $, .RADIAN. ) );
#1687 = EDGE_LOOP ( 'NONE', ( #506, #1112, #692, #1473 ) ) ;
#1688 = LINE ( 'NONE', #3925, #4324 ) ;
#1689 = DIRECTION ( 'NONE',  ( 3.560070626379762067E-15, 1.898704334069206725E-15, 1.000000000000000000 ) ) ;
#1690 = DIRECTION ( 'NONE',  ( 0.000000000000000000, 1.000000000000000000, 0.000000000000000000 ) ) ;
#1691 =( NAMED_UNIT ( * ) SI_UNIT ( $, .STERADIAN. ) SOLID_ANGLE_UNIT ( ) );
#1692 = DIRECTION ( 'NONE',  ( 3.513364001978343273E-15, 0.000000000000000000, 1.000000000000000000 ) ) ;
#1693 = FILL_AREA_STYLE_COLOUR ( '', #2428 ) ;
#1694 = DIRECTION ( 'NONE',  ( 0.000000000000000000, 0.000000000000000000, 1.000000000000000000 ) ) ;
#1695 = LINE ( 'NONE', #457, #1483 ) ;
#1696 = AXIS2_PLACEMENT_3D ( 'NONE', #1705, #2873, #967 ) ;
#1697 = VERTEX_POINT ( 'NONE', #4968 ) ;
#1698 = DIRECTION ( 'NONE',  ( 3.941890354030738221E-15, 9.854725885076845551E-16, 1.000000000000000000 ) ) ;
#1699 = CIRCLE ( 'NONE', #4000, 1.843139007342379898 ) ;
#1700 = CARTESIAN_POINT ( 'NONE',  ( 18.75000000000000000, 11.65000000000000036, -4.799999999999999822 ) ) ;
#1701 = SURFACE_SIDE_STYLE ('',( #2387 ) ) ;
#1702 = EDGE_CURVE ( 'NONE', #3048, #29, #502, .T. ) ;
#1703 = STYLED_ITEM ( 'NONE', ( #4533 ), #822 ) ;
#1704 = EDGE_CURVE ( 'NONE', #4530, #4558, #101, .T. ) ;
#1705 = CARTESIAN_POINT ( 'NONE',  ( 18.75000000000000000, 11.59999999999999964, -4.799999999999999822 ) ) ;
#1706 = EDGE_LOOP ( 'NONE', ( #3879, #2478, #4656, #4967 ) ) ;
#1707 = PRESENTATION_LAYER_ASSIGNMENT (  '', '', ( #632 ) ) ;
#1708 = ORIENTED_EDGE ( 'NONE', *, *, #2851, .T. ) ;
#1709 = SURFACE_SIDE_STYLE ('',( #468 ) ) ;
#1710 = SURFACE_STYLE_USAGE ( .BOTH. , #3920 ) ;
#1711 = VERTEX_POINT ( 'NONE', #30 ) ;
#1712 = CARTESIAN_POINT ( 'NONE',  ( 2.602085213965209853E-15, 6.700000000000000178, -0.9012435565298020368 ) ) ;
#1713 = ORIENTED_EDGE ( 'NONE', *, *, #4347, .T. ) ;
#1714 = EDGE_CURVE ( 'NONE', #1059, #1033, #2268, .T. ) ;
#1715 = CARTESIAN_POINT ( 'NONE',  ( -0.4050000000000245071, 6.700000000000000178, -8.882583302491958932 ) ) ;
#1716 = CARTESIAN_POINT ( 'NONE',  ( 5.500000000000000000, 6.700000000000000178, -9.107298248878238823E-15 ) ) ;
#1717 = SURFACE_STYLE_FILL_AREA ( #172 ) ;
#1718 = DIRECTION ( 'NONE',  ( -1.000000000000000000, 0.000000000000000000, 3.491481338843135327E-15 ) ) ;
#1719 = VECTOR ( 'NONE', #1124, 1000.000000000000000 ) ;
#1720 = CARTESIAN_POINT ( 'NONE',  ( 11.25000000000000000, 12.94999999999999929, -4.799999999999999822 ) ) ;
#1721 = COLOUR_RGB ( '',0.8313725490196077761, 0.8392156862745098200, 0.8313725490196077761 ) ;
#1722 = CARTESIAN_POINT ( 'NONE',  ( 18.75000000000000000, 11.67312853167969955, -4.799999999999999822 ) ) ;
#1723 = PRESENTATION_LAYER_ASSIGNMENT (  '', '', ( #4896 ) ) ;
#1724 = DIRECTION ( 'NONE',  ( 1.000000000000000000, 0.000000000000000000, 0.000000000000000000 ) ) ;
#1725 = VERTEX_POINT ( 'NONE', #4500 ) ;
#1726 = LINE ( 'NONE', #507, #1556 ) ;
#1727 = MECHANICAL_DESIGN_GEOMETRIC_PRESENTATION_REPRESENTATION (  '', ( #1881 ), #2365 ) ;
#1728 = VECTOR ( 'NONE', #55, 1000.000000000000000 ) ;
#1729 = CARTESIAN_POINT ( 'NONE',  ( 2.602085213965209853E-15, 1.464316677895339915E-15, -0.9012435565298020368 ) ) ;
#1730 = SURFACE_SIDE_STYLE ('',( #182 ) ) ;
#1731 = UNCERTAINTY_MEASURE_WITH_UNIT (LENGTH_MEASURE( 1.000000000000000082E-05 ), #366, 'distance_accuracy_value', 'NONE');
#1732 = PRESENTATION_LAYER_ASSIGNMENT (  '', '', ( #3259 ) ) ;
#1733 = AXIS2_PLACEMENT_3D ( 'NONE', #1795, #1414, #1872 ) ;
#1734 = CARTESIAN_POINT ( 'NONE',  ( 3.750000000000006661, 14.09999999999999964, -2.824999999999999289 ) ) ;
#1735 = ORIENTED_EDGE ( 'NONE', *, *, #1991, .T. ) ;
#1736 = EDGE_CURVE ( 'NONE', #3971, #2297, #1595, .T. ) ;
#1737 = PRESENTATION_LAYER_ASSIGNMENT (  '', '', ( #3957 ) ) ;
#1738 = ORIENTED_EDGE ( 'NONE', *, *, #888, .F. ) ;
#1739 = DIRECTION ( 'NONE',  ( -3.190018466692534643E-30, 1.000000000000000000, -9.136576017758440081E-16 ) ) ;
#1740 = EDGE_LOOP ( 'NONE', ( #125, #1915, #607, #3950 ) ) ;
#1741 = STYLED_ITEM ( 'NONE', ( #4077 ), #4015 ) ;
#1742 = LINE ( 'NONE', #1354, #4720 ) ;
#1743 = FACE_OUTER_BOUND ( 'NONE', #3816, .T. ) ;
#1744 = CARTESIAN_POINT ( 'NONE',  ( 17.08706354427186724, 12.93710584028640298, -4.399962453438477361 ) ) ;
#1745 = AXIS2_PLACEMENT_3D ( 'NONE', #609, #2535, #3356 ) ;
#1746 = DIRECTION ( 'NONE',  ( -4.090107484022710339E-30, 1.000000000000000000, -1.171453342316279939E-15 ) ) ;
#1747 = CIRCLE ( 'NONE', #50, 0.1300000000000016420 ) ;
#1748 = CARTESIAN_POINT ( 'NONE',  ( 20.04999999999999716, 5.299999999999999822, -1.500000000000050182 ) ) ;
#1749 = FILL_AREA_STYLE_COLOUR ( '', #2262 ) ;
#1750 = VERTEX_POINT ( 'NONE', #3499 ) ;
#1751 = CARTESIAN_POINT ( 'NONE',  ( 3.449999999999999734, -3.500000000000000000, -5.500000000000000000 ) ) ;
#1752 = FILL_AREA_STYLE_COLOUR ( '', #3479 ) ;
#1753 =( NAMED_UNIT ( * ) PLANE_ANGLE_UNIT ( ) SI_UNIT ( $, .RADIAN. ) );
#1754 = CARTESIAN_POINT ( 'NONE',  ( -0.4049999999999949751, 1.464316677895339915E-15, -0.6674166975080020325 ) ) ;
#1755 = FILL_AREA_STYLE ('',( #584 ) ) ;
#1756 = ORIENTED_EDGE ( 'NONE', *, *, #2147, .T. ) ;
#1757 = ORIENTED_EDGE ( 'NONE', *, *, #2993, .T. ) ;
#1758 = CARTESIAN_POINT ( 'NONE',  ( 2.449999999999999734, 5.299999999999999822, -1.499999999999988010 ) ) ;
#1759 =( NAMED_UNIT ( * ) SI_UNIT ( $, .STERADIAN. ) SOLID_ANGLE_UNIT ( ) );
#1760 = VERTEX_POINT ( 'NONE', #4640 ) ;
#1761 = CARTESIAN_POINT ( 'NONE',  ( 2.066284938126278448, 12.92195020623058888, -5.200000211584069554 ) ) ;
#1762 = CARTESIAN_POINT ( 'NONE',  ( 2.035753203240944664, 12.86156426583989898, -4.400000000000000355 ) ) ;
#1763 = DIRECTION ( 'NONE',  ( 0.2292668109507038920, 0.7132745229577347468, 0.6623263427464667341 ) ) ;
#1764 = SURFACE_STYLE_USAGE ( .BOTH. , #2238 ) ;
#1765 = EDGE_CURVE ( 'NONE', #158, #3771, #59, .T. ) ;
#1766 = EDGE_CURVE ( 'NONE', #4922, #3519, #4227, .T. ) ;
#1767 = FACE_OUTER_BOUND ( 'NONE', #1385, .T. ) ;
#1768 = LINE ( 'NONE', #4076, #2036 ) ;
#1769 = ADVANCED_FACE ( 'NONE', ( #2724 ), #367, .F. ) ;
#1770 = FILL_AREA_STYLE_COLOUR ( '', #1330 ) ;
#1771 = ORIENTED_EDGE ( 'NONE', *, *, #2061, .F. ) ;
#1772 = CARTESIAN_POINT ( 'NONE',  ( 5.369576508091560285, 12.94999999999999929, -4.400000000000000355 ) ) ;
#1773 = STYLED_ITEM ( 'NONE', ( #4586 ), #69 ) ;
#1774 = LINE ( 'NONE', #4860, #1567 ) ;
#1775 = UNCERTAINTY_MEASURE_WITH_UNIT (LENGTH_MEASURE( 1.000000000000000082E-05 ), #4368, 'distance_accuracy_value', 'NONE');
#1776 = DIRECTION ( 'NONE',  ( 3.513364001978343273E-15, 0.000000000000000000, 1.000000000000000000 ) ) ;
#1777 = ORIENTED_EDGE ( 'NONE', *, *, #3981, .F. ) ;
#1778 = VERTEX_POINT ( 'NONE', #1590 ) ;
#1779 = DIRECTION ( 'NONE',  ( 0.000000000000000000, -1.000000000000000000, 0.000000000000000000 ) ) ;
#1780 = ORIENTED_EDGE ( 'NONE', *, *, #3596, .T. ) ;
#1781 = FACE_OUTER_BOUND ( 'NONE', #3169, .T. ) ;
#1782 = CARTESIAN_POINT ( 'NONE',  ( 17.44999999999999929, 2.299999999999999822, -1.300000000000039790 ) ) ;
#1783 = CARTESIAN_POINT ( 'NONE',  ( -0.6000000000000219602, 1.464316677895339915E-15, -7.929999999999999716 ) ) ;
#1784 = FILL_AREA_STYLE ('',( #2610 ) ) ;
#1785 = COLOUR_RGB ( '',0.8313725490196077761, 0.8392156862745098200, 0.8313725490196077761 ) ;
#1786 = DIRECTION ( 'NONE',  ( 3.449154059776895647E-15, 9.854725885076845551E-16, 1.000000000000000000 ) ) ;
#1787 = DIRECTION ( 'NONE',  ( -3.646523314876840477E-30, 1.000000000000000000, -1.044405786824304065E-15 ) ) ;
#1788 = ADVANCED_FACE ( 'NONE', ( #4677 ), #2024, .T. ) ;
#1789 = STYLED_ITEM ( 'NONE', ( #3824 ), #1357 ) ;
#1790 = ADVANCED_FACE ( 'NONE', ( #3531 ), #95, .T. ) ;
#1791 = FACE_OUTER_BOUND ( 'NONE', #237, .T. ) ;
#1792 = MECHANICAL_DESIGN_GEOMETRIC_PRESENTATION_REPRESENTATION (  '', ( #1143 ), #4570 ) ;
#1793 = ADVANCED_FACE ( 'NONE', ( #451 ), #762, .T. ) ;
#1794 = ORIENTED_EDGE ( 'NONE', *, *, #1645, .F. ) ;
#1795 = CARTESIAN_POINT ( 'NONE',  ( 3.250000000000000000, -2.500000000000000000, -10.69999999999999929 ) ) ;
#1796 = ADVANCED_FACE ( 'NONE', ( #49 ), #4569, .F. ) ;
#1797 = PRESENTATION_STYLE_ASSIGNMENT (( #2184 ) ) ;
#1798 = AXIS2_PLACEMENT_3D ( 'NONE', #1606, #2000, #2338 ) ;
#1799 = AXIS2_PLACEMENT_3D ( 'NONE', #2341, #420, #127 ) ;
#1800 =( NAMED_UNIT ( * ) SI_UNIT ( $, .STERADIAN. ) SOLID_ANGLE_UNIT ( ) );
#1801 = CARTESIAN_POINT ( 'NONE',  ( 11.54999999999999893, -3.500000000000000000, -4.700000000000000178 ) ) ;
#1802 = VECTOR ( 'NONE', #336, 1000.000000000000000 ) ;
#1803 = ORIENTED_EDGE ( 'NONE', *, *, #1506, .T. ) ;
#1804 = AXIS2_PLACEMENT_3D ( 'NONE', #2604, #4069, #4798 ) ;
#1805 = ORIENTED_EDGE ( 'NONE', *, *, #2175, .T. ) ;
#1806 = AXIS2_PLACEMENT_3D ( 'NONE', #3324, #2955, #3712 ) ;
#1807 = CARTESIAN_POINT ( 'NONE',  ( 2.137917139009494871, 12.94999999999999929, -4.400000000000000355 ) ) ;
#1808 = CARTESIAN_POINT ( 'NONE',  ( 11.54999999999999893, -3.500000000000000000, -4.700000000000000178 ) ) ;
#1809 = ORIENTED_EDGE ( 'NONE', *, *, #2214, .T. ) ;
#1810 = LINE ( 'NONE', #221, #4654 ) ;
#1811 = EDGE_CURVE ( 'NONE', #2366, #3992, #4951, .T. ) ;
#1812 =( GEOMETRIC_REPRESENTATION_CONTEXT ( 3 ) GLOBAL_UNCERTAINTY_ASSIGNED_CONTEXT ( ( #4260 ) ) GLOBAL_UNIT_ASSIGNED_CONTEXT ( ( #1435, #1753, #1367 ) ) REPRESENTATION_CONTEXT ( 'NONE', 'WORKASPACE' ) );
#1813 = CARTESIAN_POINT ( 'NONE',  ( 5.464246796759109515, 12.86156426583980128, -4.400000000000000355 ) ) ;
#1814 = DIRECTION ( 'NONE',  ( -3.491481338843135327E-15, 0.000000000000000000, -1.000000000000000000 ) ) ;
#1815 = CARTESIAN_POINT ( 'NONE',  ( 12.92574669292316081, 12.92932356421409956, -4.400000000000000355 ) ) ;
#1816 =( NAMED_UNIT ( * ) SI_UNIT ( $, .STERADIAN. ) SOLID_ANGLE_UNIT ( ) );
#1817 = MECHANICAL_DESIGN_GEOMETRIC_PRESENTATION_REPRESENTATION (  '', ( #4038 ), #2295 ) ;
#1818 = PRESENTATION_STYLE_ASSIGNMENT (( #2544 ) ) ;
#1819 = CARTESIAN_POINT ( 'NONE',  ( 11.25000000000000000, 12.84999999999999964, -4.799999999999999822 ) ) ;
#1820 =( GEOMETRIC_REPRESENTATION_CONTEXT ( 3 ) GLOBAL_UNCERTAINTY_ASSIGNED_CONTEXT ( ( #458 ) ) GLOBAL_UNIT_ASSIGNED_CONTEXT ( ( #1408, #2562, #1816 ) ) REPRESENTATION_CONTEXT ( 'NONE', 'WORKASPACE' ) );
#1821 = VERTEX_POINT ( 'NONE', #2695 ) ;
#1822 = CARTESIAN_POINT ( 'NONE',  ( 2.087063544271867688, 12.93710584028640298, -4.399962453438477361 ) ) ;
#1823 = CARTESIAN_POINT ( 'NONE',  ( -2.168404344971009815E-14, 1.464316677895339915E-15, -8.051243556529810164 ) ) ;
#1824 = DIRECTION ( 'NONE',  ( 0.000000000000000000, -1.000000000000000000, 0.000000000000000000 ) ) ;
#1825 = UNCERTAINTY_MEASURE_WITH_UNIT (LENGTH_MEASURE( 1.000000000000000082E-05 ), #929, 'distance_accuracy_value', 'NONE');
#1826 = EDGE_CURVE ( 'NONE', #3674, #3550, #2317, .T. ) ;
#1827 = EDGE_CURVE ( 'NONE', #1349, #83, #3461, .T. ) ;
#1828 = DIRECTION ( 'NONE',  ( -1.000000000000000000, 0.000000000000000000, 3.491481338843135327E-15 ) ) ;
#1829 = ORIENTED_EDGE ( 'NONE', *, *, #71, .F. ) ;
#1830 = ORIENTED_EDGE ( 'NONE', *, *, #4553, .F. ) ;
#1831 = CARTESIAN_POINT ( 'NONE',  ( 20.39069295710243424, 12.94680792429095284, -5.200052738297834765 ) ) ;
#1832 = EDGE_CURVE ( 'NONE', #1299, #3075, #4605, .T. ) ;
#1833 =( NAMED_UNIT ( * ) PLANE_ANGLE_UNIT ( ) SI_UNIT ( $, .RADIAN. ) );
#1834 = COLOUR_RGB ( '',0.8313725490196077761, 0.8392156862745098200, 0.8313725490196077761 ) ;
#1835 = ORIENTED_EDGE ( 'NONE', *, *, #3588, .T. ) ;
#1836 = CARTESIAN_POINT ( 'NONE',  ( 2.749999999999789946, 4.984159143999969288, -5.500000000000000000 ) ) ;
#1837 =( NAMED_UNIT ( * ) SI_UNIT ( $, .STERADIAN. ) SOLID_ANGLE_UNIT ( ) );
#1838 = DIRECTION ( 'NONE',  ( -3.491481338843135327E-15, 0.000000000000000000, -1.000000000000000000 ) ) ;
#1839 = CARTESIAN_POINT ( 'NONE',  ( 17.12287737159624612, 12.95000000000000639, -4.400000000000001243 ) ) ;
#1840 = FACE_OUTER_BOUND ( 'NONE', #313, .T. ) ;
#1841 = DIRECTION ( 'NONE',  ( 0.000000000000000000, 1.000000000000000000, 0.000000000000000000 ) ) ;
#1842 = ORIENTED_EDGE ( 'NONE', *, *, #1583, .F. ) ;
#1843 = ORIENTED_EDGE ( 'NONE', *, *, #620, .T. ) ;
#1844 = DIRECTION ( 'NONE',  ( 0.000000000000000000, 0.000000000000000000, -1.000000000000000000 ) ) ;
#1845 = ORIENTED_EDGE ( 'NONE', *, *, #4588, .T. ) ;
#1846 = FACE_OUTER_BOUND ( 'NONE', #2573, .T. ) ;
#1847 =( NAMED_UNIT ( * ) SI_UNIT ( $, .STERADIAN. ) SOLID_ANGLE_UNIT ( ) );
#1848 = CLOSED_SHELL ( 'NONE', ( #2965, #4098, #3351, #2704, #5, #2489, #4783, #299, #870, #1793, #134, #368, #4659, #942, #2614, #860, #1790, #1576, #1186, #2228, #27, #1546, #2785, #2383, #2908, #4787, #3894, #1987, #1863, #1769, #1988, #3212, #2518, #4810, #4934, #2558, #980, #3438, #3811, #4554, #2172, #2446, #2016, #3682, #1180, #2091, #3652, #2039, #2821, #4007, #2909, #2494, #1949, #462, #1401, #399, #4847, #3611, #4013, #795, #4130, #891, #1788, #4048, #1247, #2342, #3416, #3057, #893, #1438, #4433, #66, #2343, #1110, #2846, #281, #3713, #822, #36, #4402, #1106, #1220, #3353, #4267, #1191, #1796, #3595, #3248, #3050, #2681, #986, #2726 ) ) ;
#1849 = CARTESIAN_POINT ( 'NONE',  ( -2.515349040166369971E-14, 9.183314415436999667, -9.142678774120300389 ) ) ;
#1850 = APPLICATION_CONTEXT ( 'automotive_design' ) ;
#1851 = VECTOR ( 'NONE', #3846, 1000.000000000000114 ) ;
#1852 = EDGE_CURVE ( 'NONE', #2627, #1372, #3000, .T. ) ;
#1853 = ORIENTED_EDGE ( 'NONE', *, *, #38, .T. ) ;
#1854 = CARTESIAN_POINT ( 'NONE',  ( 20.42222108696786975, 12.93132894077159101, -5.200013179829533705 ) ) ;
#1855 = DIRECTION ( 'NONE',  ( -3.469446951953614583E-15, -9.912705577010326536E-16, -1.000000000000000000 ) ) ;
#1856 = VERTEX_POINT ( 'NONE', #1716 ) ;
#1857 = SURFACE_STYLE_FILL_AREA ( #2964 ) ;
#1858 = EDGE_CURVE ( 'NONE', #117, #3789, #1063, .T. ) ;
#1859 = CARTESIAN_POINT ( 'NONE',  ( 11.25000000000000000, 14.09999999999999964, -4.799999999999999822 ) ) ;
#1860 = VERTEX_POINT ( 'NONE', #2079 ) ;
#1861 =( LENGTH_UNIT ( ) NAMED_UNIT ( * ) SI_UNIT ( .MILLI., .METRE. ) );
#1862 = PRESENTATION_LAYER_ASSIGNMENT (  '', '', ( #174 ) ) ;
#1863 = ADVANCED_FACE ( 'NONE', ( #3219 ), #977, .T. ) ;
#1864 = EDGE_CURVE ( 'NONE', #4920, #3687, #1611, .T. ) ;
#1865 = SURFACE_STYLE_USAGE ( .BOTH. , #308 ) ;
#1866 =( NAMED_UNIT ( * ) SI_UNIT ( $, .STERADIAN. ) SOLID_ANGLE_UNIT ( ) );
#1867 = FILL_AREA_STYLE_COLOUR ( '', #1907 ) ;
#1868 = VECTOR ( 'NONE', #2848, 1000.000000000000000 ) ;
#1869 = DIRECTION ( 'NONE',  ( 5.375817731739150084E-31, 1.000000000000000000, 1.539695392878819727E-16 ) ) ;
#1870 = ORIENTED_EDGE ( 'NONE', *, *, #2021, .F. ) ;
#1871 = ORIENTED_EDGE ( 'NONE', *, *, #1605, .T. ) ;
#1872 = DIRECTION ( 'NONE',  ( -0.1961161351381840445, 0.9805806756909202226, 0.000000000000000000 ) ) ;
#1873 = ORIENTED_EDGE ( 'NONE', *, *, #1340, .F. ) ;
#1874 = MECHANICAL_DESIGN_GEOMETRIC_PRESENTATION_REPRESENTATION (  '', ( #2357 ), #3081 ) ;
#1875 = ORIENTED_EDGE ( 'NONE', *, *, #2199, .F. ) ;
#1876 = UNCERTAINTY_MEASURE_WITH_UNIT (LENGTH_MEASURE( 1.000000000000000082E-05 ), #2451, 'distance_accuracy_value', 'NONE');
#1877 = CARTESIAN_POINT ( 'NONE',  ( 22.00999999999999801, 6.700000000000000178, -0.7569059892324699890 ) ) ;
#1878 = FACE_OUTER_BOUND ( 'NONE', #143, .T. ) ;
#1879 = EDGE_LOOP ( 'NONE', ( #2326, #867, #2741, #2954, #540, #142, #1300, #1531 ) ) ;
#1880 = CARTESIAN_POINT ( 'NONE',  ( 21.87999999999999901, -4.392950033686029607E-15, -8.769999999999999574 ) ) ;
#1881 = STYLED_ITEM ( 'NONE', ( #4344 ), #3416 ) ;
#1882 = PRESENTATION_STYLE_ASSIGNMENT (( #1115 ) ) ;
#1883 = VECTOR ( 'NONE', #1560, 1000.000000000000000 ) ;
#1884 = ORIENTED_EDGE ( 'NONE', *, *, #1364, .T. ) ;
#1885 = LINE ( 'NONE', #4942, #571 ) ;
#1886 = EDGE_CURVE ( 'NONE', #3048, #3776, #565, .T. ) ;
#1887 = EDGE_CURVE ( 'NONE', #2963, #1499, #3999, .T. ) ;
#1888 = DIRECTION ( 'NONE',  ( 0.000000000000000000, -1.000000000000000000, 0.000000000000000000 ) ) ;
#1889 = AXIS2_PLACEMENT_3D ( 'NONE', #2015, #1739, #3578 ) ;
#1890 = VECTOR ( 'NONE', #2116, 1000.000000000000000 ) ;
#1891 = LINE ( 'NONE', #3039, #4856 ) ;
#1892 = VERTEX_POINT ( 'NONE', #1762 ) ;
#1893 = CARTESIAN_POINT ( 'NONE',  ( 5.517760297513909507, 12.41362307109989871, -4.400000000000000355 ) ) ;
#1894 = ORIENTED_EDGE ( 'NONE', *, *, #1109, .T. ) ;
#1895 = TOROIDAL_SURFACE ( 'NONE', #1166, 1.699999999999999956, 0.2000000000000000111 ) ;
#1896 = CARTESIAN_POINT ( 'NONE',  ( -0.4049999999999949751, 6.700000000000000178, -0.6674166975080020325 ) ) ;
#1897 = CYLINDRICAL_SURFACE ( 'NONE', #3610, 0.9000000000000000222 ) ;
#1898 = LINE ( 'NONE', #1561, #2463 ) ;
#1899 = CIRCLE ( 'NONE', #3802, 1.975000000000000977 ) ;
#1900 = CARTESIAN_POINT ( 'NONE',  ( 11.25000000000000000, 12.86156426583980128, -4.799999999999999822 ) ) ;
#1901 = ORIENTED_EDGE ( 'NONE', *, *, #2493, .F. ) ;
#1902 = ORIENTED_EDGE ( 'NONE', *, *, #2157, .T. ) ;
#1903 = PRESENTATION_LAYER_ASSIGNMENT (  '', '', ( #4041 ) ) ;
#1904 = CARTESIAN_POINT ( 'NONE',  ( -2.168404344971009815E-14, 6.700000000000000178, -8.051243556529810164 ) ) ;
#1905 = ORIENTED_EDGE ( 'NONE', *, *, #3897, .T. ) ;
#1906 = SURFACE_STYLE_USAGE ( .BOTH. , #3739 ) ;
#1907 = COLOUR_RGB ( '',0.8313725490196077761, 0.8392156862745098200, 0.8313725490196077761 ) ;
#1908 = DIRECTION ( 'NONE',  ( -4.012160682393135454E-16, -0.9932908816600527491, -0.1156426582667281766 ) ) ;
#1909 = ORIENTED_EDGE ( 'NONE', *, *, #3297, .T. ) ;
#1910 = CARTESIAN_POINT ( 'NONE',  ( 20.45440465159135002, 12.89543644674719935, -4.400000000000000355 ) ) ;
#1911 = ORIENTED_EDGE ( 'NONE', *, *, #1642, .F. ) ;
#1912 = FACE_OUTER_BOUND ( 'NONE', #730, .T. ) ;
#1913 = LINE ( 'NONE', #4268, #1224 ) ;
#1914 =( NAMED_UNIT ( * ) SI_UNIT ( $, .STERADIAN. ) SOLID_ANGLE_UNIT ( ) );
#1915 = ORIENTED_EDGE ( 'NONE', *, *, #1994, .F. ) ;
#1916 = DIRECTION ( 'NONE',  ( -0.9449860734402568685, 0.000000000000000000, 0.3271105638831699469 ) ) ;
#1917 = EDGE_LOOP ( 'NONE', ( #3890, #2072, #3657, #2412, #2472 ) ) ;
#1918 = CARTESIAN_POINT ( 'NONE',  ( 19.25000000000000000, 0.000000000000000000, -10.20000000000000107 ) ) ;
#1919 =( NAMED_UNIT ( * ) PLANE_ANGLE_UNIT ( ) SI_UNIT ( $, .RADIAN. ) );
#1920 = SURFACE_STYLE_USAGE ( .BOTH. , #4279 ) ;
#1921 = FACE_OUTER_BOUND ( 'NONE', #2516, .T. ) ;
#1922 = EDGE_CURVE ( 'NONE', #3033, #2191, #3318, .T. ) ;
#1923 =( NAMED_UNIT ( * ) PLANE_ANGLE_UNIT ( ) SI_UNIT ( $, .RADIAN. ) );
#1924 = EDGE_LOOP ( 'NONE', ( #1230, #3218, #14, #4221 ) ) ;
#1925 = ORIENTED_EDGE ( 'NONE', *, *, #4742, .F. ) ;
#1926 = DIRECTION ( 'NONE',  ( 1.000000000000000000, 0.000000000000000000, -3.491481338843135327E-15 ) ) ;
#1927 = FACE_OUTER_BOUND ( 'NONE', #2150, .T. ) ;
#1928 = ORIENTED_EDGE ( 'NONE', *, *, #2439, .F. ) ;
#1929 = EDGE_CURVE ( 'NONE', #1377, #3076, #4513, .T. ) ;
#1930 = LINE ( 'NONE', #1514, #2691 ) ;
#1931 = UNCERTAINTY_MEASURE_WITH_UNIT (LENGTH_MEASURE( 1.000000000000000082E-05 ), #96, 'distance_accuracy_value', 'NONE');
#1932 = DIRECTION ( 'NONE',  ( 0.000000000000000000, -1.171453342316279939E-15, -1.000000000000000000 ) ) ;
#1933 = CARTESIAN_POINT ( 'NONE',  ( 9.279999999999999361, 12.14999999999999858, -4.400000000000000355 ) ) ;
#1934 = SURFACE_SIDE_STYLE ('',( #3116 ) ) ;
#1935 = DIRECTION ( 'NONE',  ( 0.000000000000000000, -1.000000000000000000, 0.000000000000000000 ) ) ;
#1936 = FILL_AREA_STYLE ('',( #3095 ) ) ;
#1937 = FACE_OUTER_BOUND ( 'NONE', #4639, .T. ) ;
#1938 = ORIENTED_EDGE ( 'NONE', *, *, #2178, .T. ) ;
#1939 = VECTOR ( 'NONE', #2736, 1000.000000000000114 ) ;
#1940 = CARTESIAN_POINT ( 'NONE',  ( 5.533490592976050060, 12.28181210550289926, -4.400000000000000355 ) ) ;
#1941 = ORIENTED_EDGE ( 'NONE', *, *, #579, .F. ) ;
#1942 = CARTESIAN_POINT ( 'NONE',  ( 18.75000000000000000, 12.94999999999999929, -4.799999999999999822 ) ) ;
#1943 = FILL_AREA_STYLE_COLOUR ( '', #4463 ) ;
#1944 = CARTESIAN_POINT ( 'NONE',  ( 9.950000000000001066, 6.463650144630769706E-15, -1.300000000000014033 ) ) ;
#1945 = DIRECTION ( 'NONE',  ( 1.000000000000000000, 0.000000000000000000, 1.445393392988216415E-14 ) ) ;
#1946 = ORIENTED_EDGE ( 'NONE', *, *, #2175, .F. ) ;
#1947 = DIRECTION ( 'NONE',  ( -1.000000000000000000, 0.000000000000000000, 3.684596229616635536E-15 ) ) ;
#1948 = SURFACE_SIDE_STYLE ('',( #4546 ) ) ;
#1949 = ADVANCED_FACE ( 'NONE', ( #593 ), #2506, .T. ) ;
#1950 = MECHANICAL_DESIGN_GEOMETRIC_PRESENTATION_REPRESENTATION (  '', ( #2495 ), #2749 ) ;
#1951 = EDGE_CURVE ( 'NONE', #1033, #4521, #1249, .T. ) ;
#1952 =( GEOMETRIC_REPRESENTATION_CONTEXT ( 3 ) GLOBAL_UNCERTAINTY_ASSIGNED_CONTEXT ( ( #4066 ) ) GLOBAL_UNIT_ASSIGNED_CONTEXT ( ( #3509, #1123, #3150 ) ) REPRESENTATION_CONTEXT ( 'NONE', 'WORKASPACE' ) );
#1953 = EDGE_CURVE ( 'NONE', #1669, #1750, #171, .T. ) ;
#1954 = ORIENTED_EDGE ( 'NONE', *, *, #1642, .T. ) ;
#1955 = DIRECTION ( 'NONE',  ( -3.646523314876840477E-30, 1.000000000000000000, -1.044405786824304065E-15 ) ) ;
#1956 = CARTESIAN_POINT ( 'NONE',  ( -0.4049999999999949751, 6.700000000000000178, -0.6674166975080020325 ) ) ;
#1957 = LINE ( 'NONE', #4617, #1939 ) ;
#1958 = PLANE ( 'NONE',  #105 ) ;
#1959 = VECTOR ( 'NONE', #721, 1000.000000000000000 ) ;
#1960 = CARTESIAN_POINT ( 'NONE',  ( 20.46128179129835090, 12.87765322036949911, -4.400000000000000355 ) ) ;
#1961 = DIRECTION ( 'NONE',  ( -1.000000000000000000, 0.000000000000000000, 3.336006684570740700E-15 ) ) ;
#1962 = AXIS2_PLACEMENT_3D ( 'NONE', #4399, #4785, #3614 ) ;
#1963 = FACE_OUTER_BOUND ( 'NONE', #4945, .T. ) ;
#1964 = CARTESIAN_POINT ( 'NONE',  ( 18.74999999999999289, 12.94999999999999751, -6.549999999999999822 ) ) ;
#1965 = VECTOR ( 'NONE', #3151, 1000.000000000000000 ) ;
#1966 = ORIENTED_EDGE ( 'NONE', *, *, #4927, .T. ) ;
#1967 = VECTOR ( 'NONE', #2712, 1000.000000000000000 ) ;
#1968 = FACE_OUTER_BOUND ( 'NONE', #3768, .T. ) ;
#1969 = VERTEX_POINT ( 'NONE', #3977 ) ;
#1970 = PLANE ( 'NONE',  #568 ) ;
#1971 = AXIS2_PLACEMENT_3D ( 'NONE', #2742, #4599, #2335 ) ;
#1972 = PLANE ( 'NONE',  #4574 ) ;
#1973 = AXIS2_PLACEMENT_3D ( 'NONE', #3989, #2548, #1389 ) ;
#1974 = CARTESIAN_POINT ( 'NONE',  ( 3.750000000000000000, 12.94999999999999929, -4.799999999999999822 ) ) ;
#1975 = DIRECTION ( 'NONE',  ( -1.000000000000000000, 0.000000000000000000, 3.491481338843135327E-15 ) ) ;
#1976 = AXIS2_PLACEMENT_3D ( 'NONE', #2407, #4736, #1678 ) ;
#1977 = AXIS2_PLACEMENT_3D ( 'NONE', #1101, #3737, #1844 ) ;
#1978 = VERTEX_POINT ( 'NONE', #223 ) ;
#1979 = LINE ( 'NONE', #4609, #4585 ) ;
#1980 = DIRECTION ( 'NONE',  ( 0.000000000000000000, 1.000000000000000000, 0.000000000000000000 ) ) ;
#1981 = CIRCLE ( 'NONE', #4834, 1.660966932452119682 ) ;
#1982 = FACE_OUTER_BOUND ( 'NONE', #1879, .T. ) ;
#1983 = VECTOR ( 'NONE', #1869, 1000.000000000000000 ) ;
#1984 = ORIENTED_EDGE ( 'NONE', *, *, #4784, .F. ) ;
#1985 = CARTESIAN_POINT ( 'NONE',  ( 2.208459743290505095, 2.031621936989510324, -0.6022170361726850718 ) ) ;
#1986 =( NAMED_UNIT ( * ) SI_UNIT ( $, .STERADIAN. ) SOLID_ANGLE_UNIT ( ) );
#1987 = ADVANCED_FACE ( 'NONE', ( #2484 ), #4418, .T. ) ;
#1988 = ADVANCED_FACE ( 'NONE', ( #1743 ), #1355, .F. ) ;
#1989 = CIRCLE ( 'NONE', #2876, 0.1999999999999996503 ) ;
#1990 = CARTESIAN_POINT ( 'NONE',  ( 3.750000000000005329, 12.85000000000000142, -3.139033067547879696 ) ) ;
#1991 = EDGE_CURVE ( 'NONE', #2727, #3357, #1467, .T. ) ;
#1992 = PRESENTATION_STYLE_ASSIGNMENT (( #1582 ) ) ;
#1993 = CARTESIAN_POINT ( 'NONE',  ( 22.10000000000000142, 6.700000000000000178, -1.741243556529874947 ) ) ;
#1994 = EDGE_CURVE ( 'NONE', #659, #3199, #1406, .T. ) ;
#1995 = EDGE_CURVE ( 'NONE', #3771, #4752, #1445, .T. ) ;
#1996 = ORIENTED_EDGE ( 'NONE', *, *, #3126, .T. ) ;
#1997 = LINE ( 'NONE', #2260, #338 ) ;
#1998 = ORIENTED_EDGE ( 'NONE', *, *, #157, .F. ) ;
#1999 = SURFACE_STYLE_FILL_AREA ( #3902 ) ;
#2000 = DIRECTION ( 'NONE',  ( -0.000000000000000000, 1.000000000000000000, 0.000000000000000000 ) ) ;
#2001 = DIRECTION ( 'NONE',  ( -1.000000000000000000, 0.000000000000000000, 0.000000000000000000 ) ) ;
#2002 = DIRECTION ( 'NONE',  ( -1.000000000000000000, 0.000000000000000000, 0.000000000000000000 ) ) ;
#2003 = DIRECTION ( 'NONE',  ( 1.000000000000000000, 0.000000000000000000, 1.445393392988216415E-14 ) ) ;
#2004 = ORIENTED_EDGE ( 'NONE', *, *, #188, .F. ) ;
#2005 = AXIS2_PLACEMENT_3D ( 'NONE', #1668, #4723, #4354 ) ;
#2006 = DIRECTION ( 'NONE',  ( 5.375817731739150084E-31, 1.000000000000000000, 1.539695392878819727E-16 ) ) ;
#2007 = DIRECTION ( 'NONE',  ( 1.000000000000000000, 0.000000000000000000, 0.000000000000000000 ) ) ;
#2008 = CARTESIAN_POINT ( 'NONE',  ( 18.75000000000000000, 12.94999999999999929, -4.799999999999999822 ) ) ;
#2009 = CARTESIAN_POINT ( 'NONE',  ( 12.55000000000000071, 6.700000000000000178, -2.862293735361729181E-14 ) ) ;
#2010 = ORIENTED_EDGE ( 'NONE', *, *, #925, .F. ) ;
#2011 = SURFACE_STYLE_FILL_AREA ( #461 ) ;
#2012 = PLANE ( 'NONE',  #4172 ) ;
#2013 = DIRECTION ( 'NONE',  ( -1.000000000000000000, 0.000000000000000000, 3.491481338843135327E-15 ) ) ;
#2014 = EDGE_LOOP ( 'NONE', ( #1685, #2022, #4913, #2917 ) ) ;
#2015 = CARTESIAN_POINT ( 'NONE',  ( 18.75000000000000000, 11.67312853167969955, -4.799999999999999822 ) ) ;
#2016 = ADVANCED_FACE ( 'NONE', ( #3748 ), #2174, .F. ) ;
#2017 = CARTESIAN_POINT ( 'NONE',  ( 22.50499999999999901, 66.32999999999999829, -8.042583302492039010 ) ) ;
#2018 = PRESENTATION_LAYER_ASSIGNMENT (  '', '', ( #4707 ) ) ;
#2019 = EDGE_CURVE ( 'NONE', #1499, #4777, #3449, .T. ) ;
#2020 = ORIENTED_EDGE ( 'NONE', *, *, #4464, .F. ) ;
#2021 = EDGE_CURVE ( 'NONE', #3076, #2705, #465, .T. ) ;
#2022 = ORIENTED_EDGE ( 'NONE', *, *, #2686, .F. ) ;
#2023 = EDGE_CURVE ( 'NONE', #1856, #481, #1174, .T. ) ;
#2024 = PLANE ( 'NONE',  #4023 ) ;
#2025 = VECTOR ( 'NONE', #2279, 1000.000000000000000 ) ;
#2026 = LINE ( 'NONE', #2050, #2399 ) ;
#2027 = VERTEX_POINT ( 'NONE', #4091 ) ;
#2028 = SURFACE_STYLE_FILL_AREA ( #903 ) ;
#2029 = LINE ( 'NONE', #851, #4487 ) ;
#2030 = VECTOR ( 'NONE', #2685, 1000.000000000000000 ) ;
#2031 = FACE_OUTER_BOUND ( 'NONE', #1592, .T. ) ;
#2032 = EDGE_LOOP ( 'NONE', ( #4115, #1585, #3208, #1843 ) ) ;
#2033 = CIRCLE ( 'NONE', #975, 1.843139007342379898 ) ;
#2034 = CARTESIAN_POINT ( 'NONE',  ( 10.39423076923075939, -0.7211538461538389289, -5.500000000000000000 ) ) ;
#2035 = EDGE_CURVE ( 'NONE', #3771, #543, #3699, .T. ) ;
#2036 = VECTOR ( 'NONE', #3360, 1000.000000000000114 ) ;
#2037 =( NAMED_UNIT ( * ) SI_UNIT ( $, .STERADIAN. ) SOLID_ANGLE_UNIT ( ) );
#2038 = DIRECTION ( 'NONE',  ( 0.000000000000000000, -1.644003628459039925E-15, -1.000000000000000000 ) ) ;
#2039 = ADVANCED_FACE ( 'NONE', ( #651 ), #1958, .T. ) ;
#2040 = PLANE ( 'NONE',  #625 ) ;
#2041 = SHAPE_DEFINITION_REPRESENTATION ( #3741, #3205 ) ;
#2042 = ORIENTED_EDGE ( 'NONE', *, *, #4836, .F. ) ;
#2043 = SURFACE_STYLE_FILL_AREA ( #2437 ) ;
#2044 = EDGE_CURVE ( 'NONE', #1978, #1643, #139, .T. ) ;
#2045 = EDGE_LOOP ( 'NONE', ( #4511, #2321 ) ) ;
#2046 = VERTEX_POINT ( 'NONE', #1623 ) ;
#2047 = DIRECTION ( 'NONE',  ( -3.491481338843135327E-15, 0.000000000000000000, -1.000000000000000000 ) ) ;
#2048 =( GEOMETRIC_REPRESENTATION_CONTEXT ( 3 ) GLOBAL_UNCERTAINTY_ASSIGNED_CONTEXT ( ( #4708 ) ) GLOBAL_UNIT_ASSIGNED_CONTEXT ( ( #831, #3821, #1986 ) ) REPRESENTATION_CONTEXT ( 'NONE', 'WORKASPACE' ) );
#2049 =( GEOMETRIC_REPRESENTATION_CONTEXT ( 3 ) GLOBAL_UNCERTAINTY_ASSIGNED_CONTEXT ( ( #4498 ) ) GLOBAL_UNIT_ASSIGNED_CONTEXT ( ( #3870, #2092, #3892 ) ) REPRESENTATION_CONTEXT ( 'NONE', 'WORKASPACE' ) );
#2050 = CARTESIAN_POINT ( 'NONE',  ( 18.75000000000000000, 0.000000000000000000, -4.700000000000000178 ) ) ;
#2051 = CARTESIAN_POINT ( 'NONE',  ( 9.535753203240940223, 12.86156426583989898, -4.400000000000000355 ) ) ;
#2052 = EDGE_CURVE ( 'NONE', #3745, #3048, #4336, .T. ) ;
#2053 = ORIENTED_EDGE ( 'NONE', *, *, #1020, .F. ) ;
#2054 = AXIS2_PLACEMENT_3D ( 'NONE', #4405, #4705, #4313 ) ;
#2055 = VECTOR ( 'NONE', #2349, 1000.000000000000000 ) ;
#2056 = DIRECTION ( 'NONE',  ( 0.000000000000000000, 1.000000000000000000, 0.000000000000000000 ) ) ;
#2057 =( NAMED_UNIT ( * ) SI_UNIT ( $, .STERADIAN. ) SOLID_ANGLE_UNIT ( ) );
#2058 = EDGE_CURVE ( 'NONE', #1860, #4037, #425, .T. ) ;
#2059 =( NAMED_UNIT ( * ) PLANE_ANGLE_UNIT ( ) SI_UNIT ( $, .RADIAN. ) );
#2060 = B_SPLINE_CURVE_WITH_KNOTS ( 'NONE', 3,
 ( #3636, #2485, #2155, #2194, #266, #3700, #1815, #2129, #3661, #3296, #3680, #1429 ),
 .UNSPECIFIED., .F., .F.,
 ( 4, 2, 2, 2, 2, 4 ),
 ( 0.000000000000000000, 0.1656850625120299958, 0.3885890814077059829, 0.6150867865062989992, 0.8474117590107780318, 1.000000000000000000 ),
 .UNSPECIFIED. ) ;
#2061 = EDGE_CURVE ( 'NONE', #1454, #3944, #4314, .T. ) ;
#2062 = VECTOR ( 'NONE', #4151, 1000.000000000000000 ) ;
#2063 = EDGE_CURVE ( 'NONE', #1184, #559, #3188, .T. ) ;
#2064 = DIRECTION ( 'NONE',  ( -1.000000000000000000, -3.760056826446450213E-15, 0.000000000000000000 ) ) ;
#2065 = VERTEX_POINT ( 'NONE', #85 ) ;
#2066 = CARTESIAN_POINT ( 'NONE',  ( 2.449999999999999734, 5.299999999999999822, -1.600000000000000089 ) ) ;
#2067 = LINE ( 'NONE', #2758, #3942 ) ;
#2068 = CARTESIAN_POINT ( 'NONE',  ( 4.250000000000000000, -5.550000000781570186, -4.700000000000000178 ) ) ;
#2069 = CARTESIAN_POINT ( 'NONE',  ( 11.25000000000000711, 11.59999999999999964, -2.824999999999999289 ) ) ;
#2070 =( GEOMETRIC_REPRESENTATION_CONTEXT ( 3 ) GLOBAL_UNCERTAINTY_ASSIGNED_CONTEXT ( ( #3138 ) ) GLOBAL_UNIT_ASSIGNED_CONTEXT ( ( #2844, #193, #4716 ) ) REPRESENTATION_CONTEXT ( 'NONE', 'WORKASPACE' ) );
#2071 = SURFACE_STYLE_FILL_AREA ( #1755 ) ;
#2072 = ORIENTED_EDGE ( 'NONE', *, *, #579, .T. ) ;
#2073 = ORIENTED_EDGE ( 'NONE', *, *, #2035, .T. ) ;
#2074 = FILL_AREA_STYLE_COLOUR ( '', #3792 ) ;
#2075 = EDGE_LOOP ( 'NONE', ( #1683, #4078, #4789, #3964, #1870, #4811 ) ) ;
#2076 = DIRECTION ( 'NONE',  ( -3.491481338843135327E-15, 0.000000000000000000, -1.000000000000000000 ) ) ;
#2077 = ORIENTED_EDGE ( 'NONE', *, *, #529, .F. ) ;
#2078 = DIRECTION ( 'NONE',  ( 3.994847236882269991E-30, -1.000000000000000000, 1.084202172485509956E-15 ) ) ;
#2079 = CARTESIAN_POINT ( 'NONE',  ( 6.071532165918820097E-15, 7.100000000000000533, 2.038300084272749914E-14 ) ) ;
#2080 = CARTESIAN_POINT ( 'NONE',  ( 6.071532165918820097E-15, 0.000000000000000000, 2.038300084272749914E-14 ) ) ;
#2081 = ADVANCED_FACE ( 'NONE', ( #483 ), #2512, .T. ) ;
#2082 = DIRECTION ( 'NONE',  ( -3.190018466692534643E-30, 1.000000000000000000, -9.136576017758440081E-16 ) ) ;
#2083 =( NAMED_UNIT ( * ) PLANE_ANGLE_UNIT ( ) SI_UNIT ( $, .RADIAN. ) );
#2084 = EDGE_CURVE ( 'NONE', #4933, #122, #60, .T. ) ;
#2085 = DIRECTION ( 'NONE',  ( 3.456627036440165418E-30, -1.000000000000000000, 9.912705577010320619E-16 ) ) ;
#2086 = EDGE_CURVE ( 'NONE', #559, #29, #2067, .T. ) ;
#2087 =( LENGTH_UNIT ( ) NAMED_UNIT ( * ) SI_UNIT ( .MILLI., .METRE. ) );
#2088 = AXIS2_PLACEMENT_3D ( 'NONE', #310, #4678, #931 ) ;
#2089 = ORIENTED_EDGE ( 'NONE', *, *, #4620, .F. ) ;
#2090 = DIRECTION ( 'NONE',  ( -1.000000000000000000, -4.299099270693659241E-32, 3.447839964526935536E-15 ) ) ;
#2091 = ADVANCED_FACE ( 'NONE', ( #2458 ), #833, .F. ) ;
#2092 =( NAMED_UNIT ( * ) PLANE_ANGLE_UNIT ( ) SI_UNIT ( $, .RADIAN. ) );
#2093 = PLANE ( 'NONE',  #1002 ) ;
#2094 = EDGE_CURVE ( 'NONE', #2245, #1760, #2521, .T. ) ;
#2095 = DIRECTION ( 'NONE',  ( -1.000000000000000000, 0.000000000000000000, 3.491481338843135327E-15 ) ) ;
#2096 = LINE ( 'NONE', #4410, #3842 ) ;
#2097 = ORIENTED_EDGE ( 'NONE', *, *, #1037, .F. ) ;
#2098 = ORIENTED_EDGE ( 'NONE', *, *, #3238, .T. ) ;
#2099 = B_SPLINE_CURVE_WITH_KNOTS ( 'NONE', 3,
 ( #4445, #1028, #3025, #276, #1822, #4466, #3345, #4858, #2974, #2591 ),
 .UNSPECIFIED., .F., .F.,
 ( 4, 2, 2, 2, 4 ),
 ( 0.000000000000000000, 0.2499999999999945599, 0.3749999999999959477, 0.4999999999999973355, 1.000000000000000000 ),
 .UNSPECIFIED. ) ;
#2100 = CARTESIAN_POINT ( 'NONE',  ( 2.000000000000000000, 0.000000000000000000, 1.344410693882025971E-14 ) ) ;
#2101 = ORIENTED_EDGE ( 'NONE', *, *, #3563, .T. ) ;
#2102 = PLANE ( 'NONE',  #4651 ) ;
#2103 = VERTEX_POINT ( 'NONE', #1729 ) ;
#2104 =( NAMED_UNIT ( * ) SI_UNIT ( $, .STERADIAN. ) SOLID_ANGLE_UNIT ( ) );
#2105 = CARTESIAN_POINT ( 'NONE',  ( 17.03575320324100062, 12.86156426584000023, -5.200000000000000178 ) ) ;
#2106 = PLANE ( 'NONE',  #3978 ) ;
#2107 = DIRECTION ( 'NONE',  ( 1.000000000000000000, 0.000000000000000000, -3.491481338843135327E-15 ) ) ;
#2108 = CARTESIAN_POINT ( 'NONE',  ( 13.03349059297604029, 12.28181210550289926, -4.400000000000000355 ) ) ;
#2109 = TOROIDAL_SURFACE ( 'NONE', #1120, 1.660966932452119904, 0.1000000000000000056 ) ;
#2110 =( LENGTH_UNIT ( ) NAMED_UNIT ( * ) SI_UNIT ( .MILLI., .METRE. ) );
#2111 = CYLINDRICAL_SURFACE ( 'NONE', #1005, 0.1300000000000016420 ) ;
#2112 = EDGE_CURVE ( 'NONE', #543, #3040, #234, .T. ) ;
#2113 = EDGE_CURVE ( 'NONE', #2161, #3674, #191, .T. ) ;
#2114 = ORIENTED_EDGE ( 'NONE', *, *, #2648, .F. ) ;
#2115 = CARTESIAN_POINT ( 'NONE',  ( 22.10000000000000142, 6.700000000000000178, -8.891243556529881076 ) ) ;
#2116 = DIRECTION ( 'NONE',  ( 5.375817731739150084E-31, 1.000000000000000000, 1.539695392878819727E-16 ) ) ;
#2117 = EDGE_CURVE ( 'NONE', #2404, #4796, #4759, .T. ) ;
#2118 = MECHANICAL_DESIGN_GEOMETRIC_PRESENTATION_REPRESENTATION (  '', ( #632 ), #1297 ) ;
#2119 = CARTESIAN_POINT ( 'NONE',  ( 2.023155335579304825, 12.75618793725189981, -4.400000000000000355 ) ) ;
#2120 = CARTESIAN_POINT ( 'NONE',  ( 9.450788672671510682, 12.14999999999999858, -4.400000000000000355 ) ) ;
#2121 = EDGE_LOOP ( 'NONE', ( #168, #2460, #4303, #3724, #3331, #3850 ) ) ;
#2122 = ORIENTED_EDGE ( 'NONE', *, *, #4966, .F. ) ;
#2123 = CARTESIAN_POINT ( 'NONE',  ( 20.04999999999999716, -1.405218029983279880E-14, -1.500000000000050182 ) ) ;
#2124 = LINE ( 'NONE', #2100, #208 ) ;
#2125 = EDGE_LOOP ( 'NONE', ( #1928, #1064, #1493, #2420 ) ) ;
#2126 = AXIS2_PLACEMENT_3D ( 'NONE', #448, #811, #731 ) ;
#2127 = DIRECTION ( 'NONE',  ( -0.8660254037844392627, 0.000000000000000000, -0.4999999999999990563 ) ) ;
#2128 = CARTESIAN_POINT ( 'NONE',  ( 5.049999999999999822, 1.800000000000000044, -7.372574772901430151E-15 ) ) ;
#2129 = CARTESIAN_POINT ( 'NONE',  ( 12.90646071174239928, 12.94092135887180106, -4.400000000000000355 ) ) ;
#2130 = AXIS2_PLACEMENT_3D ( 'NONE', #1836, #3011, #1470 ) ;
#2131 = DIRECTION ( 'NONE',  ( -3.491481338843135327E-15, 0.000000000000000000, -1.000000000000000000 ) ) ;
#2132 = AXIS2_PLACEMENT_3D ( 'NONE', #845, #2396, #3904 ) ;
#2133 = CYLINDRICAL_SURFACE ( 'NONE', #3716, 1.975000000000000089 ) ;
#2134 = VECTOR ( 'NONE', #1394, 1000.000000000000114 ) ;
#2135 = AXIS2_PLACEMENT_3D ( 'NONE', #2218, #304, #2236 ) ;
#2136 = VERTEX_POINT ( 'NONE', #4040 ) ;
#2137 = CARTESIAN_POINT ( 'NONE',  ( 5.464246796759109515, 12.86156426583980128, -4.400000000000000355 ) ) ;
#2138 =( GEOMETRIC_REPRESENTATION_CONTEXT ( 3 ) GLOBAL_UNCERTAINTY_ASSIGNED_CONTEXT ( ( #3962 ) ) GLOBAL_UNIT_ASSIGNED_CONTEXT ( ( #484, #4315, #2037 ) ) REPRESENTATION_CONTEXT ( 'NONE', 'WORKASPACE' ) );
#2139 = PRESENTATION_LAYER_ASSIGNMENT (  '', '', ( #3092 ) ) ;
#2140 = DIRECTION ( 'NONE',  ( 0.000000000000000000, -1.000000000000000000, 0.000000000000000000 ) ) ;
#2141 = FILL_AREA_STYLE ('',( #3648 ) ) ;
#2142 = VECTOR ( 'NONE', #4729, 1000.000000000000000 ) ;
#2143 = CIRCLE ( 'NONE', #269, 1.898658176328949843 ) ;
#2144 = CYLINDRICAL_SURFACE ( 'NONE', #1311, 1.975000000000000089 ) ;
#2145 = CARTESIAN_POINT ( 'NONE',  ( 3.750000000000000000, 12.94999999999999929, -4.799999999999999822 ) ) ;
#2146 = ORIENTED_EDGE ( 'NONE', *, *, #3187, .F. ) ;
#2147 = EDGE_CURVE ( 'NONE', #3204, #4528, #3619, .T. ) ;
#2148 = EDGE_LOOP ( 'NONE', ( #1432, #164, #969, #4884 ) ) ;
#2149 =( LENGTH_UNIT ( ) NAMED_UNIT ( * ) SI_UNIT ( .MILLI., .METRE. ) );
#2150 = EDGE_LOOP ( 'NONE', ( #4491, #4673, #1086, #3269, #3472, #844 ) ) ;
#2151 =( NAMED_UNIT ( * ) PLANE_ANGLE_UNIT ( ) SI_UNIT ( $, .RADIAN. ) );
#2152 = EDGE_CURVE ( 'NONE', #2393, #2404, #1068, .T. ) ;
#2153 = CARTESIAN_POINT ( 'NONE',  ( 12.91293645575411375, 12.93710584027192922, -5.200037546560199786 ) ) ;
#2154 = CARTESIAN_POINT ( 'NONE',  ( 9.537142031962551059, 12.87318128513611626, -5.199999999999998401 ) ) ;
#2155 = CARTESIAN_POINT ( 'NONE',  ( 12.96128179129833846, 12.87765322036949911, -4.400000000000000355 ) ) ;
#2156 = DIRECTION ( 'NONE',  ( -1.000000000000000000, 0.000000000000000000, 3.491481338843135327E-15 ) ) ;
#2157 = EDGE_CURVE ( 'NONE', #1856, #1244, #553, .T. ) ;
#2158 = VECTOR ( 'NONE', #3462, 1000.000000000000000 ) ;
#2159 = DIRECTION ( 'NONE',  ( -3.529420737664755113E-15, -9.411788633772680037E-16, -1.000000000000000000 ) ) ;
#2160 = DIRECTION ( 'NONE',  ( -1.000000000000000000, 0.000000000000000000, 3.684596229616635536E-15 ) ) ;
#2161 = VERTEX_POINT ( 'NONE', #3230 ) ;
#2162 = CARTESIAN_POINT ( 'NONE',  ( 5.463281406961259634, 12.86963938103290062, -4.400000000000000355 ) ) ;
#2163 = CARTESIAN_POINT ( 'NONE',  ( 20.48943546578865238, 12.65081076366930013, -5.200000000000000178 ) ) ;
#2164 = CYLINDRICAL_SURFACE ( 'NONE', #4735, 0.1299999999999999489 ) ;
#2165 = CIRCLE ( 'NONE', #1428, 1.975000000000000089 ) ;
#2166 = SURFACE_STYLE_USAGE ( .BOTH. , #1347 ) ;
#2167 = ORIENTED_EDGE ( 'NONE', *, *, #694, .F. ) ;
#2168 = ORIENTED_EDGE ( 'NONE', *, *, #745, .T. ) ;
#2169 = CARTESIAN_POINT ( 'NONE',  ( 20.37712262842533306, 12.94999999999999574, -5.200000000000003730 ) ) ;
#2170 = ORIENTED_EDGE ( 'NONE', *, *, #4347, .F. ) ;
#2171 = DIRECTION ( 'NONE',  ( 0.000000000000000000, -1.000000000000000000, 0.000000000000000000 ) ) ;
#2172 = ADVANCED_FACE ( 'NONE', ( #2936 ), #576, .T. ) ;
#2173 = PRESENTATION_STYLE_ASSIGNMENT (( #3339 ) ) ;
#2174 = PLANE ( 'NONE',  #2135 ) ;
#2175 = EDGE_CURVE ( 'NONE', #1821, #3606, #1646, .T. ) ;
#2176 = CARTESIAN_POINT ( 'NONE',  ( 17.05027344362168762, 12.90828216482546154, -4.399997778231291790 ) ) ;
#2177 = CARTESIAN_POINT ( 'NONE',  ( 9.637917139009488210, 12.94999999999999929, -5.200000000000000178 ) ) ;
#2178 = EDGE_CURVE ( 'NONE', #784, #2504, #2324, .T. ) ;
#2179 = EDGE_CURVE ( 'NONE', #1481, #659, #3819, .T. ) ;
#2180 =( NAMED_UNIT ( * ) SI_UNIT ( $, .STERADIAN. ) SOLID_ANGLE_UNIT ( ) );
#2181 = DIRECTION ( 'NONE',  ( 2.955291398165945421E-15, 9.850971327219820043E-16, 1.000000000000000000 ) ) ;
#2182 = SURFACE_STYLE_USAGE ( .BOTH. , #3666 ) ;
#2183 = VERTEX_POINT ( 'NONE', #3791 ) ;
#2184 = SURFACE_STYLE_USAGE ( .BOTH. , #603 ) ;
#2185 = CARTESIAN_POINT ( 'NONE',  ( 19.23076923076899902, -2.596153846153840039, -4.700000000000000178 ) ) ;
#2186 = DIRECTION ( 'NONE',  ( 0.000000000000000000, -1.000000000000000000, 0.000000000000000000 ) ) ;
#2187 = ORIENTED_EDGE ( 'NONE', *, *, #3981, .T. ) ;
#2188 = ORIENTED_EDGE ( 'NONE', *, *, #196, .F. ) ;
#2189 = CONICAL_SURFACE ( 'NONE', #4003, 1.749999999999999778, 0.1159019744065877128 ) ;
#2190 = LINE ( 'NONE', #2629, #3409 ) ;
#2191 = VERTEX_POINT ( 'NONE', #318 ) ;
#2192 = COLOUR_RGB ( '',0.8313725490196077761, 0.8392156862745098200, 0.8313725490196077761 ) ;
#2193 = CARTESIAN_POINT ( 'NONE',  ( 18.45000000000000284, -3.500000000000000000, -5.500000000000000000 ) ) ;
#2194 = CARTESIAN_POINT ( 'NONE',  ( 12.95440465159133936, 12.89543644674719935, -4.400000000000000355 ) ) ;
#2195 = CARTESIAN_POINT ( 'NONE',  ( 2.602085213965209853E-15, 14.09999999999999964, -0.8999999999999800382 ) ) ;
#2196 = EDGE_CURVE ( 'NONE', #3577, #20, #770, .T. ) ;
#2197 = TOROIDAL_SURFACE ( 'NONE', #250, 1.660966932452119904, 0.1000000000000000056 ) ;
#2198 = CARTESIAN_POINT ( 'NONE',  ( 11.25000000000000000, 12.84999999999999964, -4.799999999999999822 ) ) ;
#2199 = EDGE_CURVE ( 'NONE', #3040, #158, #1458, .T. ) ;
#2200 = VERTEX_POINT ( 'NONE', #4909 ) ;
#2201 = DIRECTION ( 'NONE',  ( 0.000000000000000000, -1.000000000000000000, 0.000000000000000000 ) ) ;
#2202 = ADVANCED_FACE ( 'NONE', ( #1846 ), #2932, .T. ) ;
#2203 = DIRECTION ( 'NONE',  ( 0.000000000000000000, 1.000000000000000000, 0.000000000000000000 ) ) ;
#2204 = TOROIDAL_SURFACE ( 'NONE', #1147, 1.699999999999999956, 0.2000000000000000111 ) ;
#2205 = AXIS2_PLACEMENT_3D ( 'NONE', #1380, #3926, #1689 ) ;
#2206 = PLANE ( 'NONE',  #4188 ) ;
#2207 = FACE_OUTER_BOUND ( 'NONE', #684, .T. ) ;
#2208 = CIRCLE ( 'NONE', #3945, 0.09999999999999982514 ) ;
#2209 = SURFACE_SIDE_STYLE ('',( #353 ) ) ;
#2210 = AXIS2_PLACEMENT_3D ( 'NONE', #777, #1544, #2682 ) ;
#2211 = EDGE_LOOP ( 'NONE', ( #4160, #2590, #2167, #4826, #1533, #2811 ) ) ;
#2212 = AXIS2_PLACEMENT_3D ( 'NONE', #4522, #1455, #2566 ) ;
#2213 = LINE ( 'NONE', #4114, #2376 ) ;
#2214 = EDGE_CURVE ( 'NONE', #1669, #2246, #2304, .T. ) ;
#2215 = ORIENTED_EDGE ( 'NONE', *, *, #723, .T. ) ;
#2216 = SURFACE_STYLE_FILL_AREA ( #4827 ) ;
#2217 = DIRECTION ( 'NONE',  ( 1.000000000000000000, 0.000000000000000000, -4.043238169624559932E-15 ) ) ;
#2218 = CARTESIAN_POINT ( 'NONE',  ( 3.250000000000000000, 0.1499999992184100073, -4.700000000000000178 ) ) ;
#2219 = LINE ( 'NONE', #1783, #3429 ) ;
#2220 = CARTESIAN_POINT ( 'NONE',  ( 20.04999999999999716, 5.299999999999999822, -1.300000000000050004 ) ) ;
#2221 = MECHANICAL_DESIGN_GEOMETRIC_PRESENTATION_REPRESENTATION (  '', ( #1741 ), #4762 ) ;
#2222 = SURFACE_STYLE_FILL_AREA ( #1025 ) ;
#2223 = DIRECTION ( 'NONE',  ( -1.000000000000000000, 0.000000000000000000, 3.684596229616635536E-15 ) ) ;
#2224 = ORIENTED_EDGE ( 'NONE', *, *, #196, .T. ) ;
#2225 = CIRCLE ( 'NONE', #848, 0.1299999999999999489 ) ;
#2226 = EDGE_LOOP ( 'NONE', ( #2634, #4068 ) ) ;
#2227 = CARTESIAN_POINT ( 'NONE',  ( 20.04999999999999716, -1.403678334590400015E-14, -1.600000000000050271 ) ) ;
#2228 = ADVANCED_FACE ( 'NONE', ( #3080 ), #1535, .T. ) ;
#2229 = DIRECTION ( 'NONE',  ( -1.000000000000000000, 0.000000000000000000, 3.491481338843130200E-15 ) ) ;
#2230 = EDGE_CURVE ( 'NONE', #83, #4960, #2645, .T. ) ;
#2231 = CARTESIAN_POINT ( 'NONE',  ( 22.50000000000000000, 66.32999999999999829, -1.510303448854029895 ) ) ;
#2232 = DIRECTION ( 'NONE',  ( -0.4999999999999990008, 0.000000000000000000, 0.8660254037844392627 ) ) ;
#2233 = ORIENTED_EDGE ( 'NONE', *, *, #1581, .T. ) ;
#2234 =( NAMED_UNIT ( * ) SI_UNIT ( $, .STERADIAN. ) SOLID_ANGLE_UNIT ( ) );
#2235 = ORIENTED_EDGE ( 'NONE', *, *, #4307, .F. ) ;
#2236 = DIRECTION ( 'NONE',  ( -1.889646980599320192E-14, 1.000000000000000000, 0.000000000000000000 ) ) ;
#2237 = ORIENTED_EDGE ( 'NONE', *, *, #1991, .F. ) ;
#2238 = SURFACE_SIDE_STYLE ('',( #227 ) ) ;
#2239 = DIRECTION ( 'NONE',  ( -0.1961161351381840445, 0.9805806756909202226, 0.000000000000000000 ) ) ;
#2240 = CARTESIAN_POINT ( 'NONE',  ( 18.45000000000000284, -3.500000000000000000, -5.500000000000000000 ) ) ;
#2241 = CARTESIAN_POINT ( 'NONE',  ( 5.533490592976040290, 12.28181210550289926, -5.200000000000000178 ) ) ;
#2242 = ORIENTED_EDGE ( 'NONE', *, *, #4589, .T. ) ;
#2243 = ORIENTED_EDGE ( 'NONE', *, *, #3714, .T. ) ;
#2244 = LINE ( 'NONE', #4079, #2062 ) ;
#2245 = VERTEX_POINT ( 'NONE', #3836 ) ;
#2246 = VERTEX_POINT ( 'NONE', #1054 ) ;
#2247 = CARTESIAN_POINT ( 'NONE',  ( 18.74999999999999289, 11.67312853167969777, -6.698658176157541000 ) ) ;
#2248 = CARTESIAN_POINT ( 'NONE',  ( 3.750000000000006217, 11.49572309693832217, -2.972729218709859733 ) ) ;
#2249 = LINE ( 'NONE', #3445, #985 ) ;
#2250 = VERTEX_POINT ( 'NONE', #1823 ) ;
#2251 = AXIS2_PLACEMENT_3D ( 'NONE', #3546, #410, #4595 ) ;
#2252 = ORIENTED_EDGE ( 'NONE', *, *, #689, .F. ) ;
#2253 =( LENGTH_UNIT ( ) NAMED_UNIT ( * ) SI_UNIT ( .MILLI., .METRE. ) );
#2254 = VERTEX_POINT ( 'NONE', #1434 ) ;
#2255 = DIRECTION ( 'NONE',  ( 0.4999999999999990008, 0.000000000000000000, -0.8660254037844392627 ) ) ;
#2256 = DIRECTION ( 'NONE',  ( 3.133217360472912786E-15, 1.044405786824304262E-15, 1.000000000000000000 ) ) ;
#2257 = EDGE_CURVE ( 'NONE', #2533, #2027, #4153, .T. ) ;
#2258 = CARTESIAN_POINT ( 'NONE',  ( 26.25000000000000000, 0.000000000000000000, -7.155734338404330527E-14 ) ) ;
#2259 = ORIENTED_EDGE ( 'NONE', *, *, #897, .F. ) ;
#2260 = CARTESIAN_POINT ( 'NONE',  ( 21.87999999999999901, -4.392950033686029607E-15, -10.20000000000000107 ) ) ;
#2261 = VERTEX_POINT ( 'NONE', #2247 ) ;
#2262 = COLOUR_RGB ( '',0.8313725490196077761, 0.8392156862745098200, 0.8313725490196077761 ) ;
#2263 = CARTESIAN_POINT ( 'NONE',  ( 19.05000000000000071, -3.500000000000000000, -5.500000000000000000 ) ) ;
#2264 = CARTESIAN_POINT ( 'NONE',  ( 26.25000000000000000, 14.09999999999999964, -1.900000000000070077 ) ) ;
#2265 = DIRECTION ( 'NONE',  ( -1.000000000000000000, 0.000000000000000000, 3.491481338843135327E-15 ) ) ;
#2266 = VERTEX_POINT ( 'NONE', #2273 ) ;
#2267 = ORIENTED_EDGE ( 'NONE', *, *, #4886, .F. ) ;
#2268 = B_SPLINE_CURVE_WITH_KNOTS ( 'NONE', 3,
 ( #1571, #4615, #799, #3867, #434, #3002 ),
 .UNSPECIFIED., .F., .F.,
 ( 4, 2, 4 ),
 ( 0.000000000000000000, 0.5557190870556969475, 1.000000000000000000 ),
 .UNSPECIFIED. ) ;
#2269 = SURFACE_SIDE_STYLE ('',( #4490 ) ) ;
#2270 = VERTEX_POINT ( 'NONE', #2975 ) ;
#2271 = COLOUR_RGB ( '',0.8313725490196077761, 0.8392156862745098200, 0.8313725490196077761 ) ;
#2272 = ORIENTED_EDGE ( 'NONE', *, *, #1213, .F. ) ;
#2273 = CARTESIAN_POINT ( 'NONE',  ( 9.535753203240940223, 12.86156426583989898, -4.400000000000000355 ) ) ;
#2274 = VECTOR ( 'NONE', #3426, 1000.000000000000000 ) ;
#2275 = DIRECTION ( 'NONE',  ( 3.513364001978343273E-15, 0.000000000000000000, 1.000000000000000000 ) ) ;
#2276 = UNCERTAINTY_MEASURE_WITH_UNIT (LENGTH_MEASURE( 1.000000000000000082E-05 ), #347, 'distance_accuracy_value', 'NONE');
#2277 = CARTESIAN_POINT ( 'NONE',  ( 20.47684466442064988, 12.75618793725179856, -4.400000000000000355 ) ) ;
#2278 = VECTOR ( 'NONE', #3808, 1000.000000000000000 ) ;
#2279 = DIRECTION ( 'NONE',  ( 0.000000000000000000, -1.000000000000000000, 0.000000000000000000 ) ) ;
#2280 = VECTOR ( 'NONE', #392, 1000.000000000000000 ) ;
#2281 = CARTESIAN_POINT ( 'NONE',  ( 10.74999999999985967, 0.1499999992184100073, -4.700000000000000178 ) ) ;
#2282 = CIRCLE ( 'NONE', #508, 1.975000000000000089 ) ;
#2283 = ORIENTED_EDGE ( 'NONE', *, *, #754, .F. ) ;
#2284 = DIRECTION ( 'NONE',  ( -1.000000000000000000, 0.000000000000000000, 3.491481338843135327E-15 ) ) ;
#2285 = EDGE_CURVE ( 'NONE', #4521, #2800, #3760, .T. ) ;
#2286 = COLOUR_RGB ( '',0.8313725490196077761, 0.8392156862745098200, 0.8313725490196077761 ) ;
#2287 = EDGE_LOOP ( 'NONE', ( #1332, #2476, #3133, #1204 ) ) ;
#2288 = CARTESIAN_POINT ( 'NONE',  ( 21.87999999999999901, 6.700000000000000178, -8.793094010767639190 ) ) ;
#2289 = ORIENTED_EDGE ( 'NONE', *, *, #3239, .F. ) ;
#2290 = SURFACE_SIDE_STYLE ('',( #1999 ) ) ;
#2291 = EDGE_CURVE ( 'NONE', #3606, #648, #456, .T. ) ;
#2292 = LINE ( 'NONE', #4924, #1965 ) ;
#2293 = CYLINDRICAL_SURFACE ( 'NONE', #1370, 0.1300000000000000044 ) ;
#2294 = DIRECTION ( 'NONE',  ( 0.000000000000000000, -1.000000000000000000, 0.000000000000000000 ) ) ;
#2295 =( GEOMETRIC_REPRESENTATION_CONTEXT ( 3 ) GLOBAL_UNCERTAINTY_ASSIGNED_CONTEXT ( ( #2784 ) ) GLOBAL_UNIT_ASSIGNED_CONTEXT ( ( #1098, #1923, #4953 ) ) REPRESENTATION_CONTEXT ( 'NONE', 'WORKASPACE' ) );
#2296 = DIRECTION ( 'NONE',  ( 0.000000000000000000, 1.000000000000000000, 0.000000000000000000 ) ) ;
#2297 = VERTEX_POINT ( 'NONE', #1195 ) ;
#2298 = EDGE_LOOP ( 'NONE', ( #4681, #4473, #4049, #2243 ) ) ;
#2299 = COLOUR_RGB ( '',0.8313725490196077761, 0.8392156862745098200, 0.8313725490196077761 ) ;
#2300 = LINE ( 'NONE', #1904, #4734 ) ;
#2301 = ORIENTED_EDGE ( 'NONE', *, *, #1448, .F. ) ;
#2302 =( LENGTH_UNIT ( ) NAMED_UNIT ( * ) SI_UNIT ( .MILLI., .METRE. ) );
#2303 = ORIENTED_EDGE ( 'NONE', *, *, #911, .F. ) ;
#2304 = LINE ( 'NONE', #1083, #3256 ) ;
#2305 = DIRECTION ( 'NONE',  ( -3.187765602329534805E-30, 1.000000000000000000, -9.130123557772670060E-16 ) ) ;
#2306 = CARTESIAN_POINT ( 'NONE',  ( 20.51776029751389885, 12.41362307109989871, -4.400000000000000355 ) ) ;
#2307 = CARTESIAN_POINT ( 'NONE',  ( 18.75000000000000000, 12.84999999999999964, -4.799999999999999822 ) ) ;
#2308 = LINE ( 'NONE', #4, #4104 ) ;
#2309 = SURFACE_STYLE_FILL_AREA ( #2684 ) ;
#2310 = SURFACE_STYLE_USAGE ( .BOTH. , #755 ) ;
#2311 =( NAMED_UNIT ( * ) PLANE_ANGLE_UNIT ( ) SI_UNIT ( $, .RADIAN. ) );
#2312 = VERTEX_POINT ( 'NONE', #4636 ) ;
#2313 = CARTESIAN_POINT ( 'NONE',  ( 13.00000000000000000, 0.000000000000000000, -2.515349040166369971E-14 ) ) ;
#2314 = ORIENTED_EDGE ( 'NONE', *, *, #3381, .F. ) ;
#2315 = DIRECTION ( 'NONE',  ( -4.012160682393135454E-16, -0.9932908816600527491, -0.1156426582667281766 ) ) ;
#2316 = DIRECTION ( 'NONE',  ( -1.000000000000000000, 0.000000000000000000, 3.854941057726240267E-15 ) ) ;
#2317 = LINE ( 'NONE', #3831, #2280 ) ;
#2318 = EDGE_CURVE ( 'NONE', #2605, #1299, #2029, .T. ) ;
#2319 = DIRECTION ( 'NONE',  ( 1.000000000000000000, 1.736090114806663165E-31, -3.301331654250015385E-15 ) ) ;
#2320 = DIRECTION ( 'NONE',  ( 1.000000000000000000, 0.000000000000000000, 0.000000000000000000 ) ) ;
#2321 = ORIENTED_EDGE ( 'NONE', *, *, #1852, .T. ) ;
#2322 = CARTESIAN_POINT ( 'NONE',  ( -8.673617379884030542E-16, 13.79999999999999893, -2.154824120534909682 ) ) ;
#2323 = CARTESIAN_POINT ( 'NONE',  ( 3.750000000000000000, 12.84999999999999964, -4.799999999999999822 ) ) ;
#2324 = LINE ( 'NONE', #4859, #26 ) ;
#2325 =( NAMED_UNIT ( * ) PLANE_ANGLE_UNIT ( ) SI_UNIT ( $, .RADIAN. ) );
#2326 = ORIENTED_EDGE ( 'NONE', *, *, #71, .T. ) ;
#2327 = CARTESIAN_POINT ( 'NONE',  ( 11.25000000000000000, 12.94999999999999929, -4.799999999999999822 ) ) ;
#2328 = SURFACE_SIDE_STYLE ('',( #381 ) ) ;
#2329 = DIRECTION ( 'NONE',  ( -3.491481338843135327E-15, 0.000000000000000000, -1.000000000000000000 ) ) ;
#2330 = LINE ( 'NONE', #1518, #3715 ) ;
#2331 = DIRECTION ( 'NONE',  ( -8.555582963245562832E-16, -0.9695125564162683229, -0.2450416351381780877 ) ) ;
#2332 = CARTESIAN_POINT ( 'NONE',  ( 10.81670992861775993, 2.603569110966910127, -3.803828682673609851 ) ) ;
#2333 = DIRECTION ( 'NONE',  ( 3.652049423109068024E-15, 9.130123557772670060E-16, 1.000000000000000000 ) ) ;
#2334 = ORIENTED_EDGE ( 'NONE', *, *, #3247, .T. ) ;
#2335 = DIRECTION ( 'NONE',  ( 1.000000000000000000, 0.000000000000000000, 0.000000000000000000 ) ) ;
#2336 = ORIENTED_EDGE ( 'NONE', *, *, #2112, .F. ) ;
#2337 = DIRECTION ( 'NONE',  ( -1.000000000000000000, 0.000000000000000000, 3.684596229616635536E-15 ) ) ;
#2338 = DIRECTION ( 'NONE',  ( 1.000000000000000000, 0.000000000000000000, 0.000000000000000000 ) ) ;
#2339 = COLOUR_RGB ( '',0.8313725490196077761, 0.8392156862745098200, 0.8313725490196077761 ) ;
#2340 = FACE_OUTER_BOUND ( 'NONE', #2791, .T. ) ;
#2341 = CARTESIAN_POINT ( 'NONE',  ( 11.25000000000000000, 11.59999999999999964, -4.799999999999999822 ) ) ;
#2342 = ADVANCED_FACE ( 'NONE', ( #2782 ), #4256, .T. ) ;
#2343 = ADVANCED_FACE ( 'NONE', ( #3537 ), #3158, .T. ) ;
#2344 = DIRECTION ( 'NONE',  ( 1.000000000000000000, -2.129803616694310085E-14, 0.000000000000000000 ) ) ;
#2345 = MECHANICAL_DESIGN_GEOMETRIC_PRESENTATION_REPRESENTATION (  '', ( #1703 ), #4244 ) ;
#2346 = ORIENTED_EDGE ( 'NONE', *, *, #1661, .F. ) ;
#2347 = DIRECTION ( 'NONE',  ( -0.3074341435583229365, 0.3415934928425768957, -0.8881430813907006394 ) ) ;
#2348 = COLOUR_RGB ( '',0.8313725490196077761, 0.8392156862745098200, 0.8313725490196077761 ) ;
#2349 = DIRECTION ( 'NONE',  ( 1.000000000000000000, 0.000000000000000000, -4.043238169624559932E-15 ) ) ;
#2350 = EDGE_CURVE ( 'NONE', #2627, #2254, #478, .T. ) ;
#2351 = CARTESIAN_POINT ( 'NONE',  ( 16.95078867267150002, 12.14999999999999858, -4.400000000000000355 ) ) ;
#2352 = MECHANICAL_DESIGN_GEOMETRIC_PRESENTATION_REPRESENTATION (  '', ( #2664 ), #4406 ) ;
#2353 = EDGE_LOOP ( 'NONE', ( #4501, #2721, #1373, #2010 ) ) ;
#2354 = SURFACE_STYLE_FILL_AREA ( #2675 ) ;
#2355 = EDGE_CURVE ( 'NONE', #2944, #2533, #1647, .T. ) ;
#2356 = DIRECTION ( 'NONE',  ( -1.000000000000000000, 0.000000000000000000, 3.491481338843135327E-15 ) ) ;
#2357 = STYLED_ITEM ( 'NONE', ( #884 ), #1393 ) ;
#2358 = CARTESIAN_POINT ( 'NONE',  ( 20.46424679675910241, 12.86156426583980128, -4.400000000000000355 ) ) ;
#2359 = ADVANCED_FACE ( 'NONE', ( #1982 ), #4832, .T. ) ;
#2360 = DIRECTION ( 'NONE',  ( -1.000000000000000000, 0.000000000000000000, 3.491481338843135327E-15 ) ) ;
#2361 = AXIS2_PLACEMENT_3D ( 'NONE', #3780, #3043, #4538 ) ;
#2362 = VECTOR ( 'NONE', #3764, 1000.000000000000114 ) ;
#2363 = PRESENTATION_STYLE_ASSIGNMENT (( #3914 ) ) ;
#2364 =( NAMED_UNIT ( * ) SI_UNIT ( $, .STERADIAN. ) SOLID_ANGLE_UNIT ( ) );
#2365 =( GEOMETRIC_REPRESENTATION_CONTEXT ( 3 ) GLOBAL_UNCERTAINTY_ASSIGNED_CONTEXT ( ( #917 ) ) GLOBAL_UNIT_ASSIGNED_CONTEXT ( ( #890, #4715, #491 ) ) REPRESENTATION_CONTEXT ( 'NONE', 'WORKASPACE' ) );
#2366 = VERTEX_POINT ( 'NONE', #532 ) ;
#2367 = PRESENTATION_LAYER_ASSIGNMENT (  '', '', ( #4484 ) ) ;
#2368 = LINE ( 'NONE', #1602, #3320 ) ;
#2369 = ORIENTED_EDGE ( 'NONE', *, *, #2586, .T. ) ;
#2370 = DIRECTION ( 'NONE',  ( 4.153782093684445500E-16, -0.9932908816600525270, 0.1156426582667301473 ) ) ;
#2371 = DIRECTION ( 'NONE',  ( -3.491481338843135327E-15, 0.000000000000000000, -1.000000000000000000 ) ) ;
#2372 =( GEOMETRIC_REPRESENTATION_CONTEXT ( 3 ) GLOBAL_UNCERTAINTY_ASSIGNED_CONTEXT ( ( #3762 ) ) GLOBAL_UNIT_ASSIGNED_CONTEXT ( ( #2423, #2059, #2754 ) ) REPRESENTATION_CONTEXT ( 'NONE', 'WORKASPACE' ) );
#2373 = DIRECTION ( 'NONE',  ( 3.854941057726237900E-15, 0.000000000000000000, 1.000000000000000000 ) ) ;
#2374 = CARTESIAN_POINT ( 'NONE',  ( 21.87999999999999901, -4.392950033686029607E-15, -8.769999999999999574 ) ) ;
#2375 = CARTESIAN_POINT ( 'NONE',  ( -0.5999999999999999778, 1.464316677895339915E-15, -0.7799999999999779332 ) ) ;
#2376 = VECTOR ( 'NONE', #669, 1000.000000000000000 ) ;
#2377 = ORIENTED_EDGE ( 'NONE', *, *, #1704, .T. ) ;
#2378 = DIRECTION ( 'NONE',  ( -1.000000000000000000, 0.000000000000000000, 3.491481338843135327E-15 ) ) ;
#2379 = AXIS2_PLACEMENT_3D ( 'NONE', #4841, #2957, #4793 ) ;
#2380 = PRESENTATION_STYLE_ASSIGNMENT (( #2803 ) ) ;
#2381 = AXIS2_PLACEMENT_3D ( 'NONE', #2515, #3260, #1724 ) ;
#2382 = EDGE_CURVE ( 'NONE', #3185, #4297, #3098, .T. ) ;
#2383 = ADVANCED_FACE ( 'NONE', ( #4839 ), #4063, .T. ) ;
#2384 = ORIENTED_EDGE ( 'NONE', *, *, #1384, .T. ) ;
#2385 = FILL_AREA_STYLE_COLOUR ( '', #2443 ) ;
#2386 = EDGE_CURVE ( 'NONE', #2191, #2261, #1399, .T. ) ;
#2387 = SURFACE_STYLE_FILL_AREA ( #161 ) ;
#2388 = AXIS2_PLACEMENT_3D ( 'NONE', #290, #4512, #1043 ) ;
#2389 =( NAMED_UNIT ( * ) PLANE_ANGLE_UNIT ( ) SI_UNIT ( $, .RADIAN. ) );
#2390 = CARTESIAN_POINT ( 'NONE',  ( 3.750000000000005773, 12.95000000000000107, -3.049999999999999822 ) ) ;
#2391 = EDGE_LOOP ( 'NONE', ( #4562, #728, #1036, #2501, #4543, #315 ) ) ;
#2392 = SURFACE_STYLE_USAGE ( .BOTH. , #840 ) ;
#2393 = VERTEX_POINT ( 'NONE', #1052 ) ;
#2394 = LINE ( 'NONE', #4948, #4728 ) ;
#2395 = ORIENTED_EDGE ( 'NONE', *, *, #2157, .F. ) ;
#2396 = DIRECTION ( 'NONE',  ( -3.190018466692534643E-30, 1.000000000000000000, -9.136576017758440081E-16 ) ) ;
#2397 = CARTESIAN_POINT ( 'NONE',  ( 9.500000000000000000, 1.800000000000000044, -1.301042606982603901E-14 ) ) ;
#2398 = ORIENTED_EDGE ( 'NONE', *, *, #2285, .T. ) ;
#2399 = VECTOR ( 'NONE', #2003, 1000.000000000000000 ) ;
#2400 = CARTESIAN_POINT ( 'NONE',  ( 5.049999999999999822, 5.299999999999999822, -1.600000000000000089 ) ) ;
#2401 = FILL_AREA_STYLE ('',( #4285 ) ) ;
#2402 = FILL_AREA_STYLE ('',( #1266 ) ) ;
#2403 = CARTESIAN_POINT ( 'NONE',  ( 17.03575320324094733, 12.86156426583989898, -4.400000000000000355 ) ) ;
#2404 = VERTEX_POINT ( 'NONE', #2997 ) ;
#2405 = PRESENTATION_STYLE_ASSIGNMENT (( #857 ) ) ;
#2406 = EDGE_CURVE ( 'NONE', #2605, #1349, #1433, .T. ) ;
#2407 = CARTESIAN_POINT ( 'NONE',  ( 19.05000000000000071, -3.500000000000000000, -5.500000000000000000 ) ) ;
#2408 = FILL_AREA_STYLE_COLOUR ( '', #3859 ) ;
#2409 = EDGE_LOOP ( 'NONE', ( #4113, #1996, #4428, #1160 ) ) ;
#2410 =( NAMED_UNIT ( * ) SI_UNIT ( $, .STERADIAN. ) SOLID_ANGLE_UNIT ( ) );
#2411 = FILL_AREA_STYLE_COLOUR ( '', #1175 ) ;
#2412 = ORIENTED_EDGE ( 'NONE', *, *, #3924, .T. ) ;
#2413 =( NAMED_UNIT ( * ) PLANE_ANGLE_UNIT ( ) SI_UNIT ( $, .RADIAN. ) );
#2414 = ORIENTED_EDGE ( 'NONE', *, *, #3274, .T. ) ;
#2415 = FILL_AREA_STYLE_COLOUR ( '', #2339 ) ;
#2416 = CARTESIAN_POINT ( 'NONE',  ( 5.049999999999999822, 1.232091685621209860E-14, -1.600000000000000089 ) ) ;
#2417 = AXIS2_PLACEMENT_3D ( 'NONE', #775, #4669, #466 ) ;
#2418 = PLANE ( 'NONE',  #4299 ) ;
#2419 = CARTESIAN_POINT ( 'NONE',  ( 9.574957807835476231, 12.92936467594071992, -4.400000362272405319 ) ) ;
#2420 = ORIENTED_EDGE ( 'NONE', *, *, #4155, .T. ) ;
#2421 = PRESENTATION_LAYER_ASSIGNMENT (  '', '', ( #4320 ) ) ;
#2422 = PLANE ( 'NONE',  #919 ) ;
#2423 =( LENGTH_UNIT ( ) NAMED_UNIT ( * ) SI_UNIT ( .MILLI., .METRE. ) );
#2424 = AXIS2_PLACEMENT_3D ( 'NONE', #976, #1039, #2505 ) ;
#2425 = PLANE ( 'NONE',  #4269 ) ;
#2426 = ORIENTED_EDGE ( 'NONE', *, *, #2355, .T. ) ;
#2427 = CARTESIAN_POINT ( 'NONE',  ( 19.25000000000000000, 0.000000000000000000, -5.500000000000000000 ) ) ;
#2428 = COLOUR_RGB ( '',0.8313725490196077761, 0.8392156862745098200, 0.8313725490196077761 ) ;
#2429 = FILL_AREA_STYLE ('',( #1625 ) ) ;
#2430 = DIRECTION ( 'NONE',  ( 1.000000000000000000, 0.000000000000000000, -4.043238169624559932E-15 ) ) ;
#2431 = CARTESIAN_POINT ( 'NONE',  ( 3.749999999999993783, 11.49572309693831684, -6.627270781290139468 ) ) ;
#2432 = VERTEX_POINT ( 'NONE', #295 ) ;
#2433 = COLOUR_RGB ( '',0.8313725490196077761, 0.8392156862745098200, 0.8313725490196077761 ) ;
#2434 = EDGE_CURVE ( 'NONE', #2432, #3514, #2642, .T. ) ;
#2435 = ORIENTED_EDGE ( 'NONE', *, *, #2886, .T. ) ;
#2436 = FACE_OUTER_BOUND ( 'NONE', #948, .T. ) ;
#2437 = FILL_AREA_STYLE ('',( #2411 ) ) ;
#2438 = ORIENTED_EDGE ( 'NONE', *, *, #4596, .F. ) ;
#2439 = EDGE_CURVE ( 'NONE', #3357, #1554, #2244, .T. ) ;
#2440 = ORIENTED_EDGE ( 'NONE', *, *, #1418, .T. ) ;
#2441 = CARTESIAN_POINT ( 'NONE',  ( 22.07499999999999929, 66.32999999999999829, -0.6443226867404929781 ) ) ;
#2442 = CARTESIAN_POINT ( 'NONE',  ( 21.87999999999999901, 6.700000000000000178, -8.769999999999999574 ) ) ;
#2443 = COLOUR_RGB ( '',0.8313725490196077761, 0.8392156862745098200, 0.8313725490196077761 ) ;
#2444 = CARTESIAN_POINT ( 'NONE',  ( 2.602085213965209853E-15, 7.100000000000000533, -0.8999999999999800382 ) ) ;
#2445 = CARTESIAN_POINT ( 'NONE',  ( 11.25000000000000000, 12.94999999999999929, -4.799999999999999822 ) ) ;
#2446 = ADVANCED_FACE ( 'NONE', ( #1010 ), #4812, .T. ) ;
#2447 = VECTOR ( 'NONE', #387, 1000.000000000000114 ) ;
#2448 = AXIS2_PLACEMENT_3D ( 'NONE', #4961, #4878, #3346 ) ;
#2449 = SURFACE_SIDE_STYLE ('',( #2028 ) ) ;
#2450 = DIRECTION ( 'NONE',  ( 1.000000000000000000, 0.000000000000000000, -4.043238169624559932E-15 ) ) ;
#2451 =( LENGTH_UNIT ( ) NAMED_UNIT ( * ) SI_UNIT ( .MILLI., .METRE. ) );
#2452 = MECHANICAL_DESIGN_GEOMETRIC_PRESENTATION_REPRESENTATION (  '', ( #4423 ), #268 ) ;
#2453 = VECTOR ( 'NONE', #1162, 1000.000000000000000 ) ;
#2454 = LINE ( 'NONE', #2009, #523 ) ;
#2455 = EDGE_LOOP ( 'NONE', ( #4371, #3560, #4905, #494, #759, #4929 ) ) ;
#2456 = VECTOR ( 'NONE', #1824, 1000.000000000000000 ) ;
#2457 = CARTESIAN_POINT ( 'NONE',  ( 5.362082860990540212, 12.94999999999999929, -4.400000000000000355 ) ) ;
#2458 = FACE_OUTER_BOUND ( 'NONE', #1398, .T. ) ;
#2459 =( NAMED_UNIT ( * ) SI_UNIT ( $, .STERADIAN. ) SOLID_ANGLE_UNIT ( ) );
#2460 = ORIENTED_EDGE ( 'NONE', *, *, #2523, .T. ) ;
#2461 = ORIENTED_EDGE ( 'NONE', *, *, #131, .F. ) ;
#2462 =( NAMED_UNIT ( * ) PLANE_ANGLE_UNIT ( ) SI_UNIT ( $, .RADIAN. ) );
#2463 = VECTOR ( 'NONE', #1945, 1000.000000000000000 ) ;
#2464 = ORIENTED_EDGE ( 'NONE', *, *, #3767, .F. ) ;
#2465 = LINE ( 'NONE', #4302, #1868 ) ;
#2466 = ORIENTED_EDGE ( 'NONE', *, *, #393, .F. ) ;
#2467 = CARTESIAN_POINT ( 'NONE',  ( 5.362082860990529554, 12.94999999999999929, -5.200000000000000178 ) ) ;
#2468 = CARTESIAN_POINT ( 'NONE',  ( 9.584530579202382938, 12.93756816607937132, -5.200002378465129027 ) ) ;
#2469 = LINE ( 'NONE', #567, #2948 ) ;
#2470 = EDGE_CURVE ( 'NONE', #3540, #4867, #2863, .T. ) ;
#2471 = DIRECTION ( 'NONE',  ( -5.556628334053620959E-15, 0.000000000000000000, -1.000000000000000000 ) ) ;
#2472 = ORIENTED_EDGE ( 'NONE', *, *, #3865, .F. ) ;
#2473 = DIRECTION ( 'NONE',  ( 0.000000000000000000, 1.000000000000000000, 0.000000000000000000 ) ) ;
#2474 = DIRECTION ( 'NONE',  ( -1.000000000000000000, 0.000000000000000000, 3.491481338843135327E-15 ) ) ;
#2475 = LINE ( 'NONE', #185, #2488 ) ;
#2476 = ORIENTED_EDGE ( 'NONE', *, *, #4596, .T. ) ;
#2477 = PRODUCT_DEFINITION ( 'UNKNOWN', '', #2720, #3184 ) ;
#2478 = ORIENTED_EDGE ( 'NONE', *, *, #4593, .T. ) ;
#2479 = PLANE ( 'NONE',  #1804 ) ;
#2480 = DIRECTION ( 'NONE',  ( 0.000000000000000000, 1.000000000000000000, 0.000000000000000000 ) ) ;
#2481 = ORIENTED_EDGE ( 'NONE', *, *, #3325, .F. ) ;
#2482 = FACE_OUTER_BOUND ( 'NONE', #3749, .T. ) ;
#2483 = CARTESIAN_POINT ( 'NONE',  ( 20.36208286099055087, 12.94999999999999929, -5.200000000000000178 ) ) ;
#2484 = FACE_OUTER_BOUND ( 'NONE', #4545, .T. ) ;
#2485 = CARTESIAN_POINT ( 'NONE',  ( 12.96328140696125963, 12.86963938103290062, -4.400000000000000355 ) ) ;
#2486 = DIRECTION ( 'NONE',  ( 0.000000000000000000, 1.000000000000000000, 0.000000000000000000 ) ) ;
#2487 = DIRECTION ( 'NONE',  ( 1.000000000000000000, 0.000000000000000000, 0.000000000000000000 ) ) ;
#2488 = VECTOR ( 'NONE', #3969, 1000.000000000000000 ) ;
#2489 = ADVANCED_FACE ( 'NONE', ( #2547 ), #1484, .T. ) ;
#2490 = DIRECTION ( 'NONE',  ( 0.000000000000000000, 1.000000000000000000, 0.000000000000000000 ) ) ;
#2491 = ORIENTED_EDGE ( 'NONE', *, *, #4192, .T. ) ;
#2492 = PLANE ( 'NONE',  #2054 ) ;
#2493 = EDGE_CURVE ( 'NONE', #3550, #1892, #2099, .T. ) ;
#2494 = ADVANCED_FACE ( 'NONE', ( #4103 ), #661, .F. ) ;
#2495 = STYLED_ITEM ( 'NONE', ( #1164 ), #887 ) ;
#2496 = EDGE_CURVE ( 'NONE', #2504, #626, #197, .T. ) ;
#2497 = LINE ( 'NONE', #1417, #422 ) ;
#2498 = DIRECTION ( 'NONE',  ( -1.000000000000000000, -6.179724557220487267E-32, 3.423796334164750533E-15 ) ) ;
#2499 = ORIENTED_EDGE ( 'NONE', *, *, #1301, .F. ) ;
#2500 = AXIS2_PLACEMENT_3D ( 'NONE', #4897, #1478, #4461 ) ;
#2501 = ORIENTED_EDGE ( 'NONE', *, *, #2318, .F. ) ;
#2502 = LINE ( 'NONE', #4021, #1321 ) ;
#2503 = DIRECTION ( 'NONE',  ( 0.000000000000000000, 1.000000000000000000, 0.000000000000000000 ) ) ;
#2504 = VERTEX_POINT ( 'NONE', #4232 ) ;
#2505 = DIRECTION ( 'NONE',  ( -1.000000000000000000, 0.000000000000000000, 3.336006684570784088E-15 ) ) ;
#2506 = PLANE ( 'NONE',  #1552 ) ;
#2507 = AXIS2_PLACEMENT_3D ( 'NONE', #1637, #3883, #2002 ) ;
#2508 = DIRECTION ( 'NONE',  ( 0.8660254037844392627, 0.000000000000000000, 0.4999999999999990563 ) ) ;
#2509 = B_SPLINE_CURVE_WITH_KNOTS ( 'NONE', 3,
 ( #595, #98, #1641, #3178, #2799, #4306, #2419, #498, #4699, #2051 ),
 .UNSPECIFIED., .F., .F.,
 ( 4, 2, 2, 2, 4 ),
 ( 0.000000000000000000, 0.2500000000000425771, 0.3750000000000475175, 0.5000000000000525135, 1.000000000000000000 ),
 .UNSPECIFIED. ) ;
#2510 = TOROIDAL_SURFACE ( 'NONE', #4257, 1.660966932452119904, 0.1000000000000000056 ) ;
#2511 = CARTESIAN_POINT ( 'NONE',  ( 22.07499999999999929, 6.700000000000000178, -8.905677313259619865 ) ) ;
#2512 = TOROIDAL_SURFACE ( 'NONE', #260, 1.699999999999999956, 0.2000000000000000111 ) ;
#2513 = VECTOR ( 'NONE', #4623, 1000.000000000000000 ) ;
#2514 = PRESENTATION_LAYER_ASSIGNMENT (  '', '', ( #4581 ) ) ;
#2515 = CARTESIAN_POINT ( 'NONE',  ( 22.03000000000000114, 6.700000000000000178, -1.620000000000054952 ) ) ;
#2516 = EDGE_LOOP ( 'NONE', ( #2122, #284, #1278, #1984 ) ) ;
#2517 = CARTESIAN_POINT ( 'NONE',  ( 5.464246796759040237, 12.86156426583980128, -5.200000000000000178 ) ) ;
#2518 = ADVANCED_FACE ( 'NONE', ( #1615 ), #768, .T. ) ;
#2519 = AXIS2_PLACEMENT_3D ( 'NONE', #3549, #520, #3195 ) ;
#2520 = AXIS2_PLACEMENT_3D ( 'NONE', #4286, #427, #103 ) ;
#2521 = LINE ( 'NONE', #3717, #4100 ) ;
#2522 = LINE ( 'NONE', #4468, #656 ) ;
#2523 = EDGE_CURVE ( 'NONE', #757, #3174, #4544, .T. ) ;
#2524 = UNCERTAINTY_MEASURE_WITH_UNIT (LENGTH_MEASURE( 1.000000000000000082E-05 ), #866, 'distance_accuracy_value', 'NONE');
#2525 = COLOUR_RGB ( '',0.8313725490196077761, 0.8392156862745098200, 0.8313725490196077761 ) ;
#2526 = CARTESIAN_POINT ( 'NONE',  ( 20.50000000000000000, 1.800000000000000044, -4.900593819634480042E-14 ) ) ;
#2527 = DIRECTION ( 'NONE',  ( 0.000000000000000000, 0.000000000000000000, 1.000000000000000000 ) ) ;
#2528 = ORIENTED_EDGE ( 'NONE', *, *, #2257, .T. ) ;
#2529 = EDGE_CURVE ( 'NONE', #1711, #2270, #3815, .T. ) ;
#2530 = VECTOR ( 'NONE', #739, 1000.000000000000000 ) ;
#2531 = EDGE_CURVE ( 'NONE', #4777, #713, #3442, .T. ) ;
#2532 = EDGE_CURVE ( 'NONE', #2312, #2889, #3858, .T. ) ;
#2533 = VERTEX_POINT ( 'NONE', #426 ) ;
#2534 = CARTESIAN_POINT ( 'NONE',  ( 21.87999999999999901, -4.392950033686029607E-15, -1.643094010767635060 ) ) ;
#2535 = DIRECTION ( 'NONE',  ( 1.000000000000000000, 0.000000000000000000, 0.000000000000000000 ) ) ;
#2536 = ORIENTED_EDGE ( 'NONE', *, *, #3865, .T. ) ;
#2537 = FACE_OUTER_BOUND ( 'NONE', #2075, .T. ) ;
#2538 = DIRECTION ( 'NONE',  ( -0.3074341435583229365, 0.3415934928425768957, -0.8881430813907006394 ) ) ;
#2539 = CARTESIAN_POINT ( 'NONE',  ( 11.75000000000000000, -2.500000000000000000, -5.500000000000000000 ) ) ;
#2540 = DIRECTION ( 'NONE',  ( 3.491481338843135327E-15, 0.000000000000000000, 1.000000000000000000 ) ) ;
#2541 = STYLED_ITEM ( 'NONE', ( #4280 ), #4747 ) ;
#2542 = DIRECTION ( 'NONE',  ( 0.000000000000000000, 0.000000000000000000, -1.000000000000000000 ) ) ;
#2543 = CARTESIAN_POINT ( 'NONE',  ( 3.750000000000000000, 12.84999999999999964, -4.799999999999999822 ) ) ;
#2544 = SURFACE_STYLE_USAGE ( .BOTH. , #3018 ) ;
#2545 = EDGE_CURVE ( 'NONE', #1442, #4224, #3465, .T. ) ;
#2546 = ORIENTED_EDGE ( 'NONE', *, *, #2382, .F. ) ;
#2547 = FACE_OUTER_BOUND ( 'NONE', #2045, .T. ) ;
#2548 = DIRECTION ( 'NONE',  ( 3.440759152716020001E-30, -1.000000000000000000, 9.854725885076841607E-16 ) ) ;
#2549 = LINE ( 'NONE', #665, #330 ) ;
#2550 = AXIS2_PLACEMENT_3D ( 'NONE', #1381, #978, #2926 ) ;
#2551 = DIRECTION ( 'NONE',  ( -1.000000000000000000, 0.000000000000000000, 3.491481338843135327E-15 ) ) ;
#2552 = EDGE_CURVE ( 'NONE', #3216, #11, #1979, .T. ) ;
#2553 = EDGE_CURVE ( 'NONE', #3776, #3535, #3495, .T. ) ;
#2554 = VERTEX_POINT ( 'NONE', #1217 ) ;
#2555 = CARTESIAN_POINT ( 'NONE',  ( 5.689031505250889964, 1.589964994165699919, 0.5460910151691970027 ) ) ;
#2556 = ORIENTED_EDGE ( 'NONE', *, *, #1074, .T. ) ;
#2557 = FILL_AREA_STYLE_COLOUR ( '', #2433 ) ;
#2558 = ADVANCED_FACE ( 'NONE', ( #3887 ), #4577, .T. ) ;
#2559 = CARTESIAN_POINT ( 'NONE',  ( 12.94972655639987380, 12.90828216480614721, -5.200002221773053712 ) ) ;
#2560 = DIRECTION ( 'NONE',  ( 1.000000000000000000, 0.000000000000000000, 0.000000000000000000 ) ) ;
#2561 = CARTESIAN_POINT ( 'NONE',  ( 3.250000000000000000, -2.500000000000000000, -4.700000000000000178 ) ) ;
#2562 =( NAMED_UNIT ( * ) PLANE_ANGLE_UNIT ( ) SI_UNIT ( $, .RADIAN. ) );
#2563 = CARTESIAN_POINT ( 'NONE',  ( 26.25000000000000000, 13.79999999999999893, -2.154824120534999832 ) ) ;
#2564 =( NAMED_UNIT ( * ) PLANE_ANGLE_UNIT ( ) SI_UNIT ( $, .RADIAN. ) );
#2565 = ORIENTED_EDGE ( 'NONE', *, *, #2061, .T. ) ;
#2566 = DIRECTION ( 'NONE',  ( -1.000000000000000000, 0.000000000000000000, 3.336006684570784088E-15 ) ) ;
#2567 =( NAMED_UNIT ( * ) PLANE_ANGLE_UNIT ( ) SI_UNIT ( $, .RADIAN. ) );
#2568 = COLOUR_RGB ( '',0.8313725490196077761, 0.8392156862745098200, 0.8313725490196077761 ) ;
#2569 = UNCERTAINTY_MEASURE_WITH_UNIT (LENGTH_MEASURE( 1.000000000000000082E-05 ), #1525, 'distance_accuracy_value', 'NONE');
#2570 = CARTESIAN_POINT ( 'NONE',  ( 22.50000000000000000, -4.392950033686029607E-15, -10.20000000000000107 ) ) ;
#2571 = VECTOR ( 'NONE', #954, 999.9999999999998863 ) ;
#2572 = FACE_OUTER_BOUND ( 'NONE', #1190, .T. ) ;
#2573 = EDGE_LOOP ( 'NONE', ( #3923, #1829, #1197, #2097 ) ) ;
#2574 = PRESENTATION_LAYER_ASSIGNMENT (  '', '', ( #1529 ) ) ;
#2575 = PLANE ( 'NONE',  #4493 ) ;
#2576 =( LENGTH_UNIT ( ) NAMED_UNIT ( * ) SI_UNIT ( .MILLI., .METRE. ) );
#2577 = ORIENTED_EDGE ( 'NONE', *, *, #1864, .F. ) ;
#2578 = CARTESIAN_POINT ( 'NONE',  ( -0.5999999999999999778, 6.700000000000000178, -1.619999999999999885 ) ) ;
#2579 = CARTESIAN_POINT ( 'NONE',  ( 17.04068377660247435, 12.88483279048260677, -5.200014239502288582 ) ) ;
#2580 = DIRECTION ( 'NONE',  ( -3.439448255846680688E-30, 1.000000000000000000, -9.850971327219820043E-16 ) ) ;
#2581 = EDGE_CURVE ( 'NONE', #4301, #257, #821, .T. ) ;
#2582 = VECTOR ( 'NONE', #3457, 1000.000000000000000 ) ;
#2583 = EDGE_CURVE ( 'NONE', #1171, #1102, #3642, .T. ) ;
#2584 = CARTESIAN_POINT ( 'NONE',  ( -2.168404344971009815E-14, 6.700000000000000178, -8.051243556529810164 ) ) ;
#2585 = COLOUR_RGB ( '',0.8313725490196077761, 0.8392156862745098200, 0.8313725490196077761 ) ;
#2586 = EDGE_CURVE ( 'NONE', #4959, #2533, #78, .T. ) ;
#2587 = LINE ( 'NONE', #4101, #123 ) ;
#2588 = VECTOR ( 'NONE', #4683, 1000.000000000000000 ) ;
#2589 = VECTOR ( 'NONE', #2186, 1000.000000000000000 ) ;
#2590 = ORIENTED_EDGE ( 'NONE', *, *, #2715, .F. ) ;
#2591 = CARTESIAN_POINT ( 'NONE',  ( 2.035753203240944664, 12.86156426583989898, -4.400000000000000355 ) ) ;
#2592 = DIRECTION ( 'NONE',  ( 3.491481338843131383E-15, 0.000000000000000000, 1.000000000000000000 ) ) ;
#2593 = EDGE_CURVE ( 'NONE', #4224, #3866, #1242, .T. ) ;
#2594 = CIRCLE ( 'NONE', #2132, 1.898658176328949843 ) ;
#2595 = VECTOR ( 'NONE', #1814, 1000.000000000000000 ) ;
#2596 = FACE_OUTER_BOUND ( 'NONE', #623, .T. ) ;
#2597 = CARTESIAN_POINT ( 'NONE',  ( 22.10000000000000142, -4.392950033686029607E-15, -0.6587564434702319893 ) ) ;
#2598 = PRESENTATION_LAYER_ASSIGNMENT (  '', '', ( #4824 ) ) ;
#2599 = VECTOR ( 'NONE', #3053, 1000.000000000000000 ) ;
#2600 = ORIENTED_EDGE ( 'NONE', *, *, #4019, .T. ) ;
#2601 = AXIS2_PLACEMENT_3D ( 'NONE', #1880, #383, #3401 ) ;
#2602 = EDGE_LOOP ( 'NONE', ( #691, #3806, #2440, #2259, #2922, #2973, #1293, #2709 ) ) ;
#2603 = PRESENTATION_LAYER_ASSIGNMENT (  '', '', ( #3327 ) ) ;
#2604 = CARTESIAN_POINT ( 'NONE',  ( 6.250000000000000000, 11.49572309693832040, -3.382710778154774465E-14 ) ) ;
#2605 = VERTEX_POINT ( 'NONE', #850 ) ;
#2606 =( LENGTH_UNIT ( ) NAMED_UNIT ( * ) SI_UNIT ( .MILLI., .METRE. ) );
#2607 = STYLED_ITEM ( 'NONE', ( #4134 ), #3735 ) ;
#2608 = DIRECTION ( 'NONE',  ( 0.2292668109506974250, -0.7132745229577348578, -0.6623263427464688435 ) ) ;
#2609 = VERTEX_POINT ( 'NONE', #3907 ) ;
#2610 = FILL_AREA_STYLE_COLOUR ( '', #1256 ) ;
#2611 = AXIS2_PLACEMENT_3D ( 'NONE', #1819, #3643, #4835 ) ;
#2612 =( NAMED_UNIT ( * ) PLANE_ANGLE_UNIT ( ) SI_UNIT ( $, .RADIAN. ) );
#2613 = EDGE_CURVE ( 'NONE', #2889, #261, #2300, .T. ) ;
#2614 = ADVANCED_FACE ( 'NONE', ( #1132 ), #742, .T. ) ;
#2615 = DIRECTION ( 'NONE',  ( 3.513364001978343273E-15, 0.000000000000000000, 1.000000000000000000 ) ) ;
#2616 = ORIENTED_EDGE ( 'NONE', *, *, #1082, .T. ) ;
#2617 = AXIS2_PLACEMENT_3D ( 'NONE', #3379, #1092, #4095 ) ;
#2618 = ORIENTED_EDGE ( 'NONE', *, *, #4741, .F. ) ;
#2619 =( NAMED_UNIT ( * ) SI_UNIT ( $, .STERADIAN. ) SOLID_ANGLE_UNIT ( ) );
#2620 = ORIENTED_EDGE ( 'NONE', *, *, #1702, .F. ) ;
#2621 = EDGE_CURVE ( 'NONE', #676, #1130, #3049, .T. ) ;
#2622 = ORIENTED_EDGE ( 'NONE', *, *, #1042, .F. ) ;
#2623 = DIRECTION ( 'NONE',  ( -1.794541526872519968E-14, 1.000000000000000000, 7.429178088055459347E-29 ) ) ;
#2624 = UNCERTAINTY_MEASURE_WITH_UNIT (LENGTH_MEASURE( 1.000000000000000082E-05 ), #4182, 'distance_accuracy_value', 'NONE');
#2625 = CARTESIAN_POINT ( 'NONE',  ( 11.25000000000000000, 11.49572309693832040, -4.799999999999999822 ) ) ;
#2626 = ORIENTED_EDGE ( 'NONE', *, *, #1475, .T. ) ;
#2627 = VERTEX_POINT ( 'NONE', #531 ) ;
#2628 = CARTESIAN_POINT ( 'NONE',  ( 20.42574669292315193, 12.92932356421409956, -4.400000000000000355 ) ) ;
#2629 = CARTESIAN_POINT ( 'NONE',  ( 26.25000000000000000, 13.84853250811990044, -1.858775821003340045 ) ) ;
#2630 = STYLED_ITEM ( 'NONE', ( #1335 ), #4814 ) ;
#2631 = VERTEX_POINT ( 'NONE', #1748 ) ;
#2632 = PLANE ( 'NONE',  #3069 ) ;
#2633 = FILL_AREA_STYLE_COLOUR ( '', #1834 ) ;
#2634 = ORIENTED_EDGE ( 'NONE', *, *, #3706, .T. ) ;
#2635 = DIRECTION ( 'NONE',  ( -3.491481338843135327E-15, 0.000000000000000000, -1.000000000000000000 ) ) ;
#2636 = ORIENTED_EDGE ( 'NONE', *, *, #3767, .T. ) ;
#2637 = DIRECTION ( 'NONE',  ( 1.889646980599320192E-14, -1.000000000000000000, -6.045464536109090009E-29 ) ) ;
#2638 = CARTESIAN_POINT ( 'NONE',  ( 9.535753203240991738, 12.86156426584000023, -5.200000000000000178 ) ) ;
#2639 = PLANE ( 'NONE',  #3888 ) ;
#2640 = ORIENTED_EDGE ( 'NONE', *, *, #3684, .F. ) ;
#2641 = ORIENTED_EDGE ( 'NONE', *, *, #4842, .T. ) ;
#2642 = LINE ( 'NONE', #618, #997 ) ;
#2643 = ORIENTED_EDGE ( 'NONE', *, *, #3374, .F. ) ;
#2644 = EDGE_LOOP ( 'NONE', ( #3430, #190, #2980, #2600 ) ) ;
#2645 = LINE ( 'NONE', #2706, #3873 ) ;
#2646 = EDGE_CURVE ( 'NONE', #1969, #4175, #2143, .T. ) ;
#2647 = CARTESIAN_POINT ( 'NONE',  ( 4.250000000000000000, -5.550000000781570186, -4.700000000000000178 ) ) ;
#2648 = EDGE_CURVE ( 'NONE', #4301, #1725, #273, .T. ) ;
#2649 = CARTESIAN_POINT ( 'NONE',  ( 20.54921132732845024, 12.14999999999999858, -4.400000000000000355 ) ) ;
#2650 = FILL_AREA_STYLE_COLOUR ( '', #1361 ) ;
#2651 = STYLED_ITEM ( 'NONE', ( #215 ), #199 ) ;
#2652 = FACE_OUTER_BOUND ( 'NONE', #4370, .T. ) ;
#2653 = FILL_AREA_STYLE ('',( #3770 ) ) ;
#2654 = ORIENTED_EDGE ( 'NONE', *, *, #4136, .F. ) ;
#2655 = LINE ( 'NONE', #358, #4407 ) ;
#2656 = LINE ( 'NONE', #4163, #3458 ) ;
#2657 = PRESENTATION_STYLE_ASSIGNMENT (( #10 ) ) ;
#2658 = ORIENTED_EDGE ( 'NONE', *, *, #2382, .T. ) ;
#2659 = CARTESIAN_POINT ( 'NONE',  ( 5.549211327328469778, 12.14999999999999858, -4.400000000000000355 ) ) ;
#2660 = ORIENTED_EDGE ( 'NONE', *, *, #1074, .F. ) ;
#2661 = DIRECTION ( 'NONE',  ( 0.000000000000000000, 1.000000000000000000, 0.000000000000000000 ) ) ;
#2662 = FACE_OUTER_BOUND ( 'NONE', #1530, .T. ) ;
#2663 = LINE ( 'NONE', #1528, #2789 ) ;
#2664 = STYLED_ITEM ( 'NONE', ( #4566 ), #1044 ) ;
#2665 = LINE ( 'NONE', #4928, #2530 ) ;
#2666 = EDGE_LOOP ( 'NONE', ( #3407, #3217, #3508, #2089, #1941, #2577 ) ) ;
#2667 = ORIENTED_EDGE ( 'NONE', *, *, #2809, .F. ) ;
#2668 = CARTESIAN_POINT ( 'NONE',  ( 18.75000000000000000, 0.000000000000000000, -5.500000000000000000 ) ) ;
#2669 = ORIENTED_EDGE ( 'NONE', *, *, #3975, .T. ) ;
#2670 = PRESENTATION_LAYER_ASSIGNMENT (  '', '', ( #1228 ) ) ;
#2671 = ORIENTED_EDGE ( 'NONE', *, *, #4864, .T. ) ;
#2672 = CARTESIAN_POINT ( 'NONE',  ( 9.950000000000001066, 5.299999999999999822, -1.600000000000000089 ) ) ;
#2673 = AXIS2_PLACEMENT_3D ( 'NONE', #622, #4771, #4843 ) ;
#2674 = UNCERTAINTY_MEASURE_WITH_UNIT (LENGTH_MEASURE( 1.000000000000000082E-05 ), #1861, 'distance_accuracy_value', 'NONE');
#2675 = FILL_AREA_STYLE ('',( #1172 ) ) ;
#2676 = SURFACE_STYLE_USAGE ( .BOTH. , #2328 ) ;
#2677 = STYLED_ITEM ( 'NONE', ( #4807 ), #2839 ) ;
#2678 = FILL_AREA_STYLE ('',( #3088 ) ) ;
#2679 = AXIS2_PLACEMENT_3D ( 'NONE', #2807, #2356, #2834 ) ;
#2680 = EDGE_CURVE ( 'NONE', #2743, #4530, #4908, .T. ) ;
#2681 = ADVANCED_FACE ( 'NONE', ( #2904 ), #3587, .F. ) ;
#2682 = DIRECTION ( 'NONE',  ( 3.797408668138413450E-15, 1.898704334069206725E-15, 1.000000000000000000 ) ) ;
#2683 = AXIS2_PLACEMENT_3D ( 'NONE', #602, #2473, #3229 ) ;
#2684 = FILL_AREA_STYLE ('',( #1142 ) ) ;
#2685 = DIRECTION ( 'NONE',  ( 0.000000000000000000, 1.000000000000000000, 0.000000000000000000 ) ) ;
#2686 = EDGE_CURVE ( 'NONE', #659, #4676, #982, .T. ) ;
#2687 = CIRCLE ( 'NONE', #1889, 1.898658176328949843 ) ;
#2688 = ORIENTED_EDGE ( 'NONE', *, *, #4742, .T. ) ;
#2689 = DIRECTION ( 'NONE',  ( -1.000000000000000000, 0.000000000000000000, 0.000000000000000000 ) ) ;
#2690 = EDGE_LOOP ( 'NONE', ( #1735, #4145, #108, #3976 ) ) ;
#2691 = VECTOR ( 'NONE', #4154, 1000.000000000000000 ) ;
#2692 = FILL_AREA_STYLE ('',( #389 ) ) ;
#2693 = PLANE ( 'NONE',  #1798 ) ;
#2694 = DIRECTION ( 'NONE',  ( -3.495484022111249990E-30, 1.000000000000000000, -9.411788633772680037E-16 ) ) ;
#2695 = CARTESIAN_POINT ( 'NONE',  ( -1.994931997373330052E-14, 14.09999999999999964, -7.666390328872309645 ) ) ;
#2696 = CARTESIAN_POINT ( 'NONE',  ( 22.07499999999999929, -4.392950033686029607E-15, -7.794322686740499329 ) ) ;
#2697 = PRESENTATION_LAYER_ASSIGNMENT (  '', '', ( #1409 ) ) ;
#2698 = FILL_AREA_STYLE_COLOUR ( '', #3265 ) ;
#2699 = ORIENTED_EDGE ( 'NONE', *, *, #556, .F. ) ;
#2700 = ORIENTED_EDGE ( 'NONE', *, *, #615, .F. ) ;
#2701 = VECTOR ( 'NONE', #2503, 1000.000000000000000 ) ;
#2702 = CARTESIAN_POINT ( 'NONE',  ( 21.87999999999999901, -4.392950033686029607E-15, -1.643094010767635060 ) ) ;
#2703 = CYLINDRICAL_SURFACE ( 'NONE', #4329, 0.1300000000000016420 ) ;
#2704 = ADVANCED_FACE ( 'NONE', ( #3982 ), #4309, .T. ) ;
#2705 = VERTEX_POINT ( 'NONE', #4726 ) ;
#2706 = CARTESIAN_POINT ( 'NONE',  ( 4.990384615384599876, 1.201923076923079980, -5.500000000000000000 ) ) ;
#2707 = AXIS2_PLACEMENT_3D ( 'NONE', #4724, #3559, #1308 ) ;
#2708 = FILL_AREA_STYLE ('',( #402 ) ) ;
#2709 = ORIENTED_EDGE ( 'NONE', *, *, #135, .T. ) ;
#2710 = DIRECTION ( 'NONE',  ( 1.000000000000000000, 0.000000000000000000, -3.336006684570740700E-15 ) ) ;
#2711 = CARTESIAN_POINT ( 'NONE',  ( 5.049999999999999822, 2.299999999999999822, -1.300000000000000044 ) ) ;
#2712 = DIRECTION ( 'NONE',  ( 0.000000000000000000, -1.000000000000000000, 0.000000000000000000 ) ) ;
#2713 = DIRECTION ( 'NONE',  ( 1.000000000000000000, 0.000000000000000000, 0.000000000000000000 ) ) ;
#2714 = DIRECTION ( 'NONE',  ( 1.000000000000000000, 0.000000000000000000, -3.491481338843135327E-15 ) ) ;
#2715 = EDGE_CURVE ( 'NONE', #58, #3736, #3861, .T. ) ;
#2716 = SURFACE_STYLE_FILL_AREA ( #1549 ) ;
#2717 = CARTESIAN_POINT ( 'NONE',  ( 17.44999999999999929, 5.299999999999999822, -1.500000000000039968 ) ) ;
#2718 = EDGE_LOOP ( 'NONE', ( #4062, #4247, #3778, #3378 ) ) ;
#2719 = CARTESIAN_POINT ( 'NONE',  ( 5.464246796759109515, 12.86156426583980128, -4.400000000000000355 ) ) ;
#2720 = PRODUCT_DEFINITION_FORMATION_WITH_SPECIFIED_SOURCE ( 'ANY', '', #4059, .NOT_KNOWN. ) ;
#2721 = ORIENTED_EDGE ( 'NONE', *, *, #4927, .F. ) ;
#2722 = SURFACE_STYLE_USAGE ( .BOTH. , #2744 ) ;
#2723 = DIRECTION ( 'NONE',  ( -1.000000000000000000, 0.000000000000000000, 3.491481338843135327E-15 ) ) ;
#2724 = FACE_OUTER_BOUND ( 'NONE', #2793, .T. ) ;
#2725 = CARTESIAN_POINT ( 'NONE',  ( 10.75000000000000000, 0.000000000000000000, -10.20000000000031903 ) ) ;
#2726 = ADVANCED_FACE ( 'NONE', ( #936 ), #2133, .F. ) ;
#2727 = VERTEX_POINT ( 'NONE', #2511 ) ;
#2728 = CARTESIAN_POINT ( 'NONE',  ( 5.049999999999999822, 2.299999999999999822, -1.300000000000000044 ) ) ;
#2729 = SURFACE_STYLE_USAGE ( .BOTH. , #1194 ) ;
#2730 = DIRECTION ( 'NONE',  ( 0.000000000000000000, -1.000000000000000000, -3.334909476821829649E-28 ) ) ;
#2731 = CARTESIAN_POINT ( 'NONE',  ( 18.75000000000000000, 11.65000000000000036, -4.799999999999999822 ) ) ;
#2732 = UNCERTAINTY_MEASURE_WITH_UNIT (LENGTH_MEASURE( 1.000000000000000082E-05 ), #3725, 'distance_accuracy_value', 'NONE');
#2733 = EDGE_LOOP ( 'NONE', ( #1463, #4471, #165, #3885 ) ) ;
#2734 = PLANE ( 'NONE',  #1631 ) ;
#2735 = FILL_AREA_STYLE ('',( #4277 ) ) ;
#2736 = DIRECTION ( 'NONE',  ( -0.1961161351381830731, -0.9805806756909203337, 9.000568790190091080E-16 ) ) ;
#2737 = CARTESIAN_POINT ( 'NONE',  ( 20.36208286099055087, 12.94999999999999929, -4.400000000000000355 ) ) ;
#2738 = CARTESIAN_POINT ( 'NONE',  ( 3.449999999999999734, -3.500000000000000000, -4.700000000000000178 ) ) ;
#2739 = FACE_OUTER_BOUND ( 'NONE', #209, .T. ) ;
#2740 = LINE ( 'NONE', #1964, #3452 ) ;
#2741 = ORIENTED_EDGE ( 'NONE', *, *, #911, .T. ) ;
#2742 = CARTESIAN_POINT ( 'NONE',  ( -0.4700000000000249534, 1.464316677895339915E-15, -8.769999999999999574 ) ) ;
#2743 = VERTEX_POINT ( 'NONE', #873 ) ;
#2744 = SURFACE_SIDE_STYLE ('',( #46 ) ) ;
#2745 = FACE_OUTER_BOUND ( 'NONE', #3498, .T. ) ;
#2746 = CIRCLE ( 'NONE', #3225, 1.760296020616589852 ) ;
#2747 = DIRECTION ( 'NONE',  ( -0.3271105638831630635, 0.000000000000000000, 0.9449860734402592000 ) ) ;
#2748 = DIRECTION ( 'NONE',  ( 0.9805806756909204447, -0.1961161351381831008, -3.423679130405038866E-15 ) ) ;
#2749 =( GEOMETRIC_REPRESENTATION_CONTEXT ( 3 ) GLOBAL_UNCERTAINTY_ASSIGNED_CONTEXT ( ( #213 ) ) GLOBAL_UNIT_ASSIGNED_CONTEXT ( ( #2302, #375, #4255 ) ) REPRESENTATION_CONTEXT ( 'NONE', 'WORKASPACE' ) );
#2750 = EDGE_LOOP ( 'NONE', ( #1469, #4382 ) ) ;
#2751 = DIRECTION ( 'NONE',  ( -3.385034998501503875E-15, 0.2450416351381781155, -0.9695125564162684340 ) ) ;
#2752 = FILL_AREA_STYLE ('',( #769 ) ) ;
#2753 =( GEOMETRIC_REPRESENTATION_CONTEXT ( 3 ) GLOBAL_UNCERTAINTY_ASSIGNED_CONTEXT ( ( #2524 ) ) GLOBAL_UNIT_ASSIGNED_CONTEXT ( ( #866, #1686, #4718 ) ) REPRESENTATION_CONTEXT ( 'NONE', 'WORKASPACE' ) );
#2754 =( NAMED_UNIT ( * ) SI_UNIT ( $, .STERADIAN. ) SOLID_ANGLE_UNIT ( ) );
#2755 = CARTESIAN_POINT ( 'NONE',  ( 5.464246796759040237, 12.86156426583980128, -5.200000000000000178 ) ) ;
#2756 = ORIENTED_EDGE ( 'NONE', *, *, #4357, .F. ) ;
#2757 = DIRECTION ( 'NONE',  ( -1.000000000000000000, -3.760056826446450213E-15, 0.000000000000000000 ) ) ;
#2758 = CARTESIAN_POINT ( 'NONE',  ( 22.50499999999999901, 6.700000000000000178, -0.8925833024920309944 ) ) ;
#2759 =( GEOMETRIC_REPRESENTATION_CONTEXT ( 3 ) GLOBAL_UNCERTAINTY_ASSIGNED_CONTEXT ( ( #1056 ) ) GLOBAL_UNIT_ASSIGNED_CONTEXT ( ( #3093, #1178, #4531 ) ) REPRESENTATION_CONTEXT ( 'NONE', 'WORKASPACE' ) );
#2760 = FILL_AREA_STYLE ('',( #2408 ) ) ;
#2761 = AXIS2_PLACEMENT_3D ( 'NONE', #1933, #4185, #1173 ) ;
#2762 = VECTOR ( 'NONE', #4862, 1000.000000000000000 ) ;
#2763 = DIRECTION ( 'NONE',  ( -3.764715453509072015E-15, -9.411788633772680037E-16, -1.000000000000000000 ) ) ;
#2764 = ORIENTED_EDGE ( 'NONE', *, *, #4449, .F. ) ;
#2765 = COLOUR_RGB ( '',0.8313725490196077761, 0.8392156862745098200, 0.8313725490196077761 ) ;
#2766 = CARTESIAN_POINT ( 'NONE',  ( 12.55000000000000071, 2.299999999999999822, -1.500000000000024869 ) ) ;
#2767 = ORIENTED_EDGE ( 'NONE', *, *, #3688, .T. ) ;
#2768 =( NAMED_UNIT ( * ) SI_UNIT ( $, .STERADIAN. ) SOLID_ANGLE_UNIT ( ) );
#2769 = MECHANICAL_DESIGN_GEOMETRIC_PRESENTATION_REPRESENTATION (  '', ( #3003 ), #586 ) ;
#2770 = PLANE ( 'NONE',  #2761 ) ;
#2771 = STYLED_ITEM ( 'NONE', ( #1797 ), #2172 ) ;
#2772 = PLANE ( 'NONE',  #3844 ) ;
#2773 = PRESENTATION_STYLE_ASSIGNMENT (( #1920 ) ) ;
#2774 = DIRECTION ( 'NONE',  ( -5.648344880934607792E-16, 0.9868276651055336579, -0.1617750270664809475 ) ) ;
#2775 = STYLED_ITEM ( 'NONE', ( #4366 ), #3682 ) ;
#2776 = VECTOR ( 'NONE', #23, 1000.000000000000000 ) ;
#2777 = ORIENTED_EDGE ( 'NONE', *, *, #2849, .F. ) ;
#2778 = DIRECTION ( 'NONE',  ( -3.854941057726237111E-15, 0.000000000000000000, -1.000000000000000000 ) ) ;
#2779 = DIRECTION ( 'NONE',  ( 0.000000000000000000, 1.000000000000000000, 0.000000000000000000 ) ) ;
#2780 = EDGE_CURVE ( 'NONE', #784, #4411, #2860, .T. ) ;
#2781 = AXIS2_PLACEMENT_3D ( 'NONE', #2017, #3753, #765 ) ;
#2782 = FACE_OUTER_BOUND ( 'NONE', #2121, .T. ) ;
#2783 = DIRECTION ( 'NONE',  ( -3.491481338843135327E-15, 0.000000000000000000, -1.000000000000000000 ) ) ;
#2784 = UNCERTAINTY_MEASURE_WITH_UNIT (LENGTH_MEASURE( 1.000000000000000082E-05 ), #1098, 'distance_accuracy_value', 'NONE');
#2785 = ADVANCED_FACE ( 'NONE', ( #501 ), #2422, .F. ) ;
#2786 = ORIENTED_EDGE ( 'NONE', *, *, #2581, .F. ) ;
#2787 = LINE ( 'NONE', #1596, #333 ) ;
#2788 = SURFACE_SIDE_STYLE ('',( #2011 ) ) ;
#2789 = VECTOR ( 'NONE', #1975, 1000.000000000000000 ) ;
#2790 = DIRECTION ( 'NONE',  ( -3.684596229616635536E-15, -1.171453342316279939E-15, -1.000000000000000000 ) ) ;
#2791 = EDGE_LOOP ( 'NONE', ( #348, #4237, #923, #2995 ) ) ;
#2792 = FILL_AREA_STYLE_COLOUR ( '', #3255 ) ;
#2793 = EDGE_LOOP ( 'NONE', ( #2700, #4740, #865, #2996 ) ) ;
#2794 = CARTESIAN_POINT ( 'NONE',  ( 2.602085213965209853E-15, 6.700000000000000178, -0.9012435565298020368 ) ) ;
#2795 = ORIENTED_EDGE ( 'NONE', *, *, #3122, .F. ) ;
#2796 = CARTESIAN_POINT ( 'NONE',  ( 17.00000000000000000, 1.800000000000000044, -3.642919299551294267E-14 ) ) ;
#2797 = DIRECTION ( 'NONE',  ( 0.4999999999999990008, 0.000000000000000000, -0.8660254037844392627 ) ) ;
#2798 =( NAMED_UNIT ( * ) PLANE_ANGLE_UNIT ( ) SI_UNIT ( $, .RADIAN. ) );
#2799 = CARTESIAN_POINT ( 'NONE',  ( 9.587063544271865467, 12.93710584028639943, -4.399962453438474697 ) ) ;
#2800 = VERTEX_POINT ( 'NONE', #4380 ) ;
#2801 = AXIS2_PLACEMENT_3D ( 'NONE', #2258, #781, #1472 ) ;
#2802 = CARTESIAN_POINT ( 'NONE',  ( 3.750000000000000000, 11.67312853167969955, -4.799999999999999822 ) ) ;
#2803 = SURFACE_STYLE_USAGE ( .BOTH. , #3136 ) ;
#2804 = CARTESIAN_POINT ( 'NONE',  ( 5.362082860990529554, 12.94999999999999929, -5.200000000000000178 ) ) ;
#2805 = ORIENTED_EDGE ( 'NONE', *, *, #246, .T. ) ;
#2806 = CARTESIAN_POINT ( 'NONE',  ( 3.750000000000006661, 14.09999999999999964, -2.824999999999999289 ) ) ;
#2807 = CARTESIAN_POINT ( 'NONE',  ( 2.602085213965209853E-15, 7.100000000000000533, -0.8999999999999800382 ) ) ;
#2808 = DIRECTION ( 'NONE',  ( 4.043238169624559932E-15, 1.171453342316279939E-15, 1.000000000000000000 ) ) ;
#2809 = EDGE_CURVE ( 'NONE', #3393, #784, #1288, .T. ) ;
#2810 = PLANE ( 'NONE',  #2845 ) ;
#2811 = ORIENTED_EDGE ( 'NONE', *, *, #1714, .F. ) ;
#2812 = ORIENTED_EDGE ( 'NONE', *, *, #4626, .F. ) ;
#2813 = DIRECTION ( 'NONE',  ( -3.491481338843135327E-15, 1.539695392878819727E-16, -1.000000000000000000 ) ) ;
#2814 = CARTESIAN_POINT ( 'NONE',  ( 3.749999999999993339, 11.67312853167969777, -6.698658176157541000 ) ) ;
#2815 = CLOSED_SHELL ( 'NONE', ( #2081, #2359, #406, #4223, #3558, #69, #1216, #1145, #1045, #2202, #633, #3735, #1393 ) ) ;
#2816 = VERTEX_POINT ( 'NONE', #3639 ) ;
#2817 = PRESENTATION_STYLE_ASSIGNMENT (( #3527 ) ) ;
#2818 = VERTEX_POINT ( 'NONE', #4330 ) ;
#2819 = CARTESIAN_POINT ( 'NONE',  ( 18.75000000000000000, 12.84999999999999964, -4.799999999999999822 ) ) ;
#2820 = CARTESIAN_POINT ( 'NONE',  ( 17.01056453421140091, 12.65081076366960033, -5.200000000000000178 ) ) ;
#2821 = ADVANCED_FACE ( 'NONE', ( #204 ), #3279, .T. ) ;
#2822 =( GEOMETRIC_REPRESENTATION_CONTEXT ( 3 ) GLOBAL_UNCERTAINTY_ASSIGNED_CONTEXT ( ( #688 ) ) GLOBAL_UNIT_ASSIGNED_CONTEXT ( ( #862, #779, #486 ) ) REPRESENTATION_CONTEXT ( 'NONE', 'WORKASPACE' ) );
#2823 = DIRECTION ( 'NONE',  ( 0.000000000000000000, -1.000000000000000000, 0.000000000000000000 ) ) ;
#2824 = LINE ( 'NONE', #4482, #4120 ) ;
#2825 = VECTOR ( 'NONE', #4352, 1000.000000000000000 ) ;
#2826 = CARTESIAN_POINT ( 'NONE',  ( 22.50000000000000000, -4.392950033686029607E-15, -10.20000000000000107 ) ) ;
#2827 = DIRECTION ( 'NONE',  ( -1.000000000000000000, 0.000000000000000000, 3.491481338843135327E-15 ) ) ;
#2828 = VECTOR ( 'NONE', #2608, 1000.000000000000000 ) ;
#2829 = CARTESIAN_POINT ( 'NONE',  ( 5.425042192159199139, 12.92936467594549121, -5.199999637726497426 ) ) ;
#2830 = UNCERTAINTY_MEASURE_WITH_UNIT (LENGTH_MEASURE( 1.000000000000000082E-05 ), #756, 'distance_accuracy_value', 'NONE');
#2831 = ORIENTED_EDGE ( 'NONE', *, *, #4228, .T. ) ;
#2832 = CARTESIAN_POINT ( 'NONE',  ( 18.75000000000000000, 12.86156426583980128, -4.799999999999999822 ) ) ;
#2833 = AXIS2_PLACEMENT_3D ( 'NONE', #3145, #1229, #2763 ) ;
#2834 = DIRECTION ( 'NONE',  ( 3.491481338843134539E-15, 0.000000000000000000, 1.000000000000000000 ) ) ;
#2835 = STYLED_ITEM ( 'NONE', ( #1818 ), #937 ) ;
#2836 =( NAMED_UNIT ( * ) SI_UNIT ( $, .STERADIAN. ) SOLID_ANGLE_UNIT ( ) );
#2837 = SURFACE_SIDE_STYLE ('',( #2071 ) ) ;
#2838 = ORIENTED_EDGE ( 'NONE', *, *, #131, .T. ) ;
#2839 = ADVANCED_FACE ( 'NONE', ( #4459 ), #2204, .T. ) ;
#2840 =( GEOMETRIC_REPRESENTATION_CONTEXT ( 3 ) GLOBAL_UNCERTAINTY_ASSIGNED_CONTEXT ( ( #3671 ) ) GLOBAL_UNIT_ASSIGNED_CONTEXT ( ( #3213, #2389, #1680 ) ) REPRESENTATION_CONTEXT ( 'NONE', 'WORKASPACE' ) );
#2841 = EDGE_CURVE ( 'NONE', #1277, #1892, #727, .T. ) ;
#2842 = ORIENTED_EDGE ( 'NONE', *, *, #2496, .F. ) ;
#2843 = ADVANCED_FACE ( 'NONE', ( #1382 ), #2510, .T. ) ;
#2844 =( LENGTH_UNIT ( ) NAMED_UNIT ( * ) SI_UNIT ( .MILLI., .METRE. ) );
#2845 = AXIS2_PLACEMENT_3D ( 'NONE', #3543, #3522, #944 ) ;
#2846 = ADVANCED_FACE ( 'NONE', ( #1767 ), #1972, .T. ) ;
#2847 = ORIENTED_EDGE ( 'NONE', *, *, #3685, .T. ) ;
#2848 = DIRECTION ( 'NONE',  ( -1.000000000000000000, 0.000000000000000000, 3.491481338843135327E-15 ) ) ;
#2849 = EDGE_CURVE ( 'NONE', #2246, #3174, #1557, .T. ) ;
#2850 = ORIENTED_EDGE ( 'NONE', *, *, #2545, .T. ) ;
#2851 = EDGE_CURVE ( 'NONE', #3734, #1821, #3105, .T. ) ;
#2852 =( NAMED_UNIT ( * ) SI_UNIT ( $, .STERADIAN. ) SOLID_ANGLE_UNIT ( ) );
#2853 = CARTESIAN_POINT ( 'NONE',  ( 20.04999999999999716, 5.299999999999999822, -1.600000000000050271 ) ) ;
#2854 = AXIS2_PLACEMENT_3D ( 'NONE', #4097, #1094, #1786 ) ;
#2855 = VECTOR ( 'NONE', #2329, 1000.000000000000000 ) ;
#2856 = PLANE ( 'NONE',  #2005 ) ;
#2857 = DIRECTION ( 'NONE',  ( 3.491481338843135327E-15, 0.000000000000000000, 1.000000000000000000 ) ) ;
#2858 = CIRCLE ( 'NONE', #652, 0.1300000000000016420 ) ;
#2859 = VECTOR ( 'NONE', #2203, 1000.000000000000000 ) ;
#2860 = LINE ( 'NONE', #4760, #1563 ) ;
#2861 = PRESENTATION_STYLE_ASSIGNMENT (( #2885 ) ) ;
#2862 = PRESENTATION_LAYER_ASSIGNMENT (  '', '', ( #2935 ) ) ;
#2863 = CIRCLE ( 'NONE', #514, 1.843139007342379898 ) ;
#2864 = CARTESIAN_POINT ( 'NONE',  ( 5.449726556399873800, 12.90828216480614365, -5.200002221773051936 ) ) ;
#2865 = ORIENTED_EDGE ( 'NONE', *, *, #3590, .T. ) ;
#2866 = VECTOR ( 'NONE', #3348, 1000.000000000000114 ) ;
#2867 = DIRECTION ( 'NONE',  ( 3.941890354030738221E-15, 9.854725885076845551E-16, 1.000000000000000000 ) ) ;
#2868 = DIRECTION ( 'NONE',  ( -3.491481338843135327E-15, 0.000000000000000000, -1.000000000000000000 ) ) ;
#2869 = CIRCLE ( 'NONE', #660, 1.975000000000000089 ) ;
#2870 = SURFACE_STYLE_USAGE ( .BOTH. , #3940 ) ;
#2871 = CARTESIAN_POINT ( 'NONE',  ( 26.25000000000000000, 7.100000000000000533, -7.155734338404330527E-14 ) ) ;
#2872 = COLOUR_RGB ( '',0.3529411764705882026, 0.7960784313725489669, 0.4274509803921568429 ) ;
#2873 = DIRECTION ( 'NONE',  ( 0.000000000000000000, 1.000000000000000000, 0.000000000000000000 ) ) ;
#2874 = ORIENTED_EDGE ( 'NONE', *, *, #828, .F. ) ;
#2875 = VERTEX_POINT ( 'NONE', #3829 ) ;
#2876 = AXIS2_PLACEMENT_3D ( 'NONE', #4805, #3702, #2542 ) ;
#2877 = CARTESIAN_POINT ( 'NONE',  ( 21.87999999999999901, -4.392950033686029607E-15, -10.20000000000000107 ) ) ;
#2878 = EDGE_LOOP ( 'NONE', ( #4598, #842, #1660, #2187 ) ) ;
#2879 = CARTESIAN_POINT ( 'NONE',  ( 11.75000000000000000, 0.000000000000000000, -5.500000000000000000 ) ) ;
#2880 = PLANE ( 'NONE',  #4962 ) ;
#2881 = CARTESIAN_POINT ( 'NONE',  ( 9.607837676630522239, 12.95000000000000284, -5.199999999999989519 ) ) ;
#2882 = CARTESIAN_POINT ( 'NONE',  ( 3.750000000000000000, 12.86156426583980128, -4.799999999999999822 ) ) ;
#2883 = CARTESIAN_POINT ( 'NONE',  ( 13.04921132732846090, 12.14999999999999858, -4.400000000000000355 ) ) ;
#2884 = CARTESIAN_POINT ( 'NONE',  ( 13.03349059297604029, 12.28181210550289926, -5.200000000000000178 ) ) ;
#2885 = SURFACE_STYLE_USAGE ( .BOTH. , #4359 ) ;
#2886 = EDGE_CURVE ( 'NONE', #539, #2705, #907, .T. ) ;
#2887 = EDGE_CURVE ( 'NONE', #1372, #2554, #390, .T. ) ;
#2888 = EDGE_CURVE ( 'NONE', #1258, #3357, #365, .T. ) ;
#2889 = VERTEX_POINT ( 'NONE', #3853 ) ;
#2890 = DIRECTION ( 'NONE',  ( -1.000000000000000000, 0.000000000000000000, 3.491481338843135327E-15 ) ) ;
#2891 = CARTESIAN_POINT ( 'NONE',  ( 20.53349059297605095, 12.28181210550289926, -5.200000000000000178 ) ) ;
#2892 = LINE ( 'NONE', #2185, #2866 ) ;
#2893 = LINE ( 'NONE', #640, #3163 ) ;
#2894 = DIRECTION ( 'NONE',  ( 1.000000000000000000, 0.000000000000000000, -4.043238169624559932E-15 ) ) ;
#2895 = VERTEX_POINT ( 'NONE', #734 ) ;
#2896 = ORIENTED_EDGE ( 'NONE', *, *, #689, .T. ) ;
#2897 = CARTESIAN_POINT ( 'NONE',  ( 20.46146852822777973, 12.88480341595011502, -5.200000000000012612 ) ) ;
#2898 = CARTESIAN_POINT ( 'NONE',  ( 5.049999999999999822, 5.299999999999999822, -1.300000000000000044 ) ) ;
#2899 = ORIENTED_EDGE ( 'NONE', *, *, #3380, .F. ) ;
#2900 = CARTESIAN_POINT ( 'NONE',  ( 13.20999999999999908, 12.14999999999999858, -4.400000000000000355 ) ) ;
#2901 = DIRECTION ( 'NONE',  ( -3.491481338843135327E-15, 0.000000000000000000, -1.000000000000000000 ) ) ;
#2902 = DIRECTION ( 'NONE',  ( 3.797408668138413450E-15, 1.898704334069206725E-15, 1.000000000000000000 ) ) ;
#2903 = DIRECTION ( 'NONE',  ( 0.000000000000000000, 1.000000000000000000, 0.000000000000000000 ) ) ;
#2904 = FACE_OUTER_BOUND ( 'NONE', #453, .T. ) ;
#2905 = SURFACE_SIDE_STYLE ('',( #1360 ) ) ;
#2906 = EDGE_CURVE ( 'NONE', #3552, #4820, #1588, .T. ) ;
#2907 =( LENGTH_UNIT ( ) NAMED_UNIT ( * ) SI_UNIT ( .MILLI., .METRE. ) );
#2908 = ADVANCED_FACE ( 'NONE', ( #3436 ), #4225, .F. ) ;
#2909 = ADVANCED_FACE ( 'NONE', ( #72 ), #2693, .F. ) ;
#2910 = ORIENTED_EDGE ( 'NONE', *, *, #277, .T. ) ;
#2911 = CARTESIAN_POINT ( 'NONE',  ( 5.406460711742409941, 12.94092135887180106, -4.400000000000000355 ) ) ;
#2912 = EDGE_CURVE ( 'NONE', #3483, #3813, #1550, .T. ) ;
#2913 = DIRECTION ( 'NONE',  ( -1.000000000000000000, 0.000000000000000000, 3.491481338843135327E-15 ) ) ;
#2914 = PRESENTATION_LAYER_ASSIGNMENT (  '', '', ( #87 ) ) ;
#2915 = LINE ( 'NONE', #2231, #2762 ) ;
#2916 = DIRECTION ( 'NONE',  ( -3.187765602329534805E-30, 1.000000000000000000, -9.130123557772670060E-16 ) ) ;
#2917 = ORIENTED_EDGE ( 'NONE', *, *, #3948, .T. ) ;
#2918 = MECHANICAL_DESIGN_GEOMETRIC_PRESENTATION_REPRESENTATION (  '', ( #2991 ), #2753 ) ;
#2919 = ORIENTED_EDGE ( 'NONE', *, *, #1635, .T. ) ;
#2920 = SURFACE_SIDE_STYLE ('',( #998 ) ) ;
#2921 = PLANE ( 'NONE',  #598 ) ;
#2922 = ORIENTED_EDGE ( 'NONE', *, *, #1864, .T. ) ;
#2923 = PLANE ( 'NONE',  #2130 ) ;
#2924 =( GEOMETRIC_REPRESENTATION_CONTEXT ( 3 ) GLOBAL_UNCERTAINTY_ASSIGNED_CONTEXT ( ( #3719 ) ) GLOBAL_UNIT_ASSIGNED_CONTEXT ( ( #2606, #1378, #4117 ) ) REPRESENTATION_CONTEXT ( 'NONE', 'WORKASPACE' ) );
#2925 = CARTESIAN_POINT ( 'NONE',  ( 9.535753203240991738, 12.86156426584000023, -5.200000000000000178 ) ) ;
#2926 = DIRECTION ( 'NONE',  ( 1.000000000000000000, 0.000000000000000000, -3.336006684570740700E-15 ) ) ;
#2927 = AXIS2_PLACEMENT_3D ( 'NONE', #2327, #1955, #3473 ) ;
#2928 = SURFACE_STYLE_FILL_AREA ( #1474 ) ;
#2929 =( GEOMETRIC_REPRESENTATION_CONTEXT ( 3 ) GLOBAL_UNCERTAINTY_ASSIGNED_CONTEXT ( ( #3425 ) ) GLOBAL_UNIT_ASSIGNED_CONTEXT ( ( #1047, #291, #4515 ) ) REPRESENTATION_CONTEXT ( 'NONE', 'WORKASPACE' ) );
#2930 = DIRECTION ( 'NONE',  ( 1.000000000000000000, 0.000000000000000000, 0.000000000000000000 ) ) ;
#2931 =( GEOMETRIC_REPRESENTATION_CONTEXT ( 3 ) GLOBAL_UNCERTAINTY_ASSIGNED_CONTEXT ( ( #4552 ) ) GLOBAL_UNIT_ASSIGNED_CONTEXT ( ( #84, #855, #3912 ) ) REPRESENTATION_CONTEXT ( 'NONE', 'WORKASPACE' ) );
#2932 = TOROIDAL_SURFACE ( 'NONE', #2448, 1.660966932452119904, 0.1000000000000000056 ) ;
#2933 = EDGE_CURVE ( 'NONE', #3759, #4820, #2292, .T. ) ;
#2934 = VERTEX_POINT ( 'NONE', #2263 ) ;
#2935 = STYLED_ITEM ( 'NONE', ( #1251 ), #3652 ) ;
#2936 = FACE_OUTER_BOUND ( 'NONE', #4272, .T. ) ;
#2937 = CARTESIAN_POINT ( 'NONE',  ( 22.07499999999999929, 66.32999999999999829, -7.794322686740499329 ) ) ;
#2938 = UNCERTAINTY_MEASURE_WITH_UNIT (LENGTH_MEASURE( 1.000000000000000082E-05 ), #3117, 'distance_accuracy_value', 'NONE');
#2939 = MECHANICAL_DESIGN_GEOMETRIC_PRESENTATION_REPRESENTATION (  '', ( #4670 ), #2943 ) ;
#2940 = LINE ( 'NONE', #1013, #2589 ) ;
#2941 =( NAMED_UNIT ( * ) PLANE_ANGLE_UNIT ( ) SI_UNIT ( $, .RADIAN. ) );
#2942 = EDGE_CURVE ( 'NONE', #2136, #3813, #181, .T. ) ;
#2943 =( GEOMETRIC_REPRESENTATION_CONTEXT ( 3 ) GLOBAL_UNCERTAINTY_ASSIGNED_CONTEXT ( ( #4965 ) ) GLOBAL_UNIT_ASSIGNED_CONTEXT ( ( #2087, #827, #430 ) ) REPRESENTATION_CONTEXT ( 'NONE', 'WORKASPACE' ) );
#2944 = VERTEX_POINT ( 'NONE', #3488 ) ;
#2945 = FILL_AREA_STYLE ('',( #4866 ) ) ;
#2946 = EDGE_CURVE ( 'NONE', #122, #3602, #47, .T. ) ;
#2947 = ORIENTED_EDGE ( 'NONE', *, *, #3949, .T. ) ;
#2948 = VECTOR ( 'NONE', #3980, 1000.000000000000000 ) ;
#2949 = CARTESIAN_POINT ( 'NONE',  ( 12.92222108696787153, 12.93132894077159101, -5.200013179829533705 ) ) ;
#2950 = DIRECTION ( 'NONE',  ( 0.000000000000000000, 1.000000000000000000, 0.000000000000000000 ) ) ;
#2951 = CARTESIAN_POINT ( 'NONE',  ( 17.03853147177571259, 12.88480341597919043, -4.400000000000005684 ) ) ;
#2952 = FILL_AREA_STYLE_COLOUR ( '', #4415 ) ;
#2953 = LINE ( 'NONE', #4441, #1456 ) ;
#2954 = ORIENTED_EDGE ( 'NONE', *, *, #766, .F. ) ;
#2955 = DIRECTION ( 'NONE',  ( -1.046529662682310024E-15, 1.000000000000000000, 3.653938787801090245E-30 ) ) ;
#2956 =( LENGTH_UNIT ( ) NAMED_UNIT ( * ) SI_UNIT ( .MILLI., .METRE. ) );
#2957 = DIRECTION ( 'NONE',  ( 1.000000000000000000, 0.000000000000000000, 0.000000000000000000 ) ) ;
#2958 = DIRECTION ( 'NONE',  ( 3.491481338843135327E-15, 0.000000000000000000, 1.000000000000000000 ) ) ;
#2959 = CARTESIAN_POINT ( 'NONE',  ( 12.55000000000000071, 5.299999999999999822, -1.500000000000024869 ) ) ;
#2960 = EDGE_CURVE ( 'NONE', #1978, #2818, #812, .T. ) ;
#2961 = ORIENTED_EDGE ( 'NONE', *, *, #230, .T. ) ;
#2962 = SURFACE_STYLE_FILL_AREA ( #4848 ) ;
#2963 = VERTEX_POINT ( 'NONE', #1503 ) ;
#2964 = FILL_AREA_STYLE ('',( #1424 ) ) ;
#2965 = ADVANCED_FACE ( 'NONE', ( #2745 ), #3881, .F. ) ;
#2966 = CARTESIAN_POINT ( 'NONE',  ( 2.107837676630524459, 12.95000000000000462, -5.199999999999990408 ) ) ;
#2967 = EDGE_CURVE ( 'NONE', #4297, #3336, #645, .T. ) ;
#2968 = SURFACE_STYLE_FILL_AREA ( #4852 ) ;
#2969 = CARTESIAN_POINT ( 'NONE',  ( 12.55000000000000071, 5.299999999999999822, -1.300000000000024025 ) ) ;
#2970 = EDGE_CURVE ( 'NONE', #839, #4175, #4567, .T. ) ;
#2971 = FACE_BOUND ( 'NONE', #4822, .T. ) ;
#2972 = SURFACE_STYLE_USAGE ( .BOTH. , #681 ) ;
#2973 = ORIENTED_EDGE ( 'NONE', *, *, #4910, .T. ) ;
#2974 = CARTESIAN_POINT ( 'NONE',  ( 2.038531471775711701, 12.88480341597919043, -4.400000000000005684 ) ) ;
#2975 = CARTESIAN_POINT ( 'NONE',  ( 12.55000000000000071, 2.299999999999999822, -1.300000000000024025 ) ) ;
#2976 = DIRECTION ( 'NONE',  ( 0.000000000000000000, -1.000000000000000000, -3.334909476821829649E-28 ) ) ;
#2977 = DIRECTION ( 'NONE',  ( 1.445393392988216415E-14, 0.000000000000000000, -1.000000000000000000 ) ) ;
#2978 =( GEOMETRIC_REPRESENTATION_CONTEXT ( 3 ) GLOBAL_UNCERTAINTY_ASSIGNED_CONTEXT ( ( #1825 ) ) GLOBAL_UNIT_ASSIGNED_CONTEXT ( ( #929, #4376, #2852 ) ) REPRESENTATION_CONTEXT ( 'NONE', 'WORKASPACE' ) );
#2979 = CARTESIAN_POINT ( 'NONE',  ( 22.50000000000000000, -4.392950033686029607E-15, -10.20000000000000107 ) ) ;
#2980 = ORIENTED_EDGE ( 'NONE', *, *, #3949, .F. ) ;
#2981 = CARTESIAN_POINT ( 'NONE',  ( 20.41293645575411730, 12.93710584027192922, -5.200037546560199786 ) ) ;
#2982 = EDGE_LOOP ( 'NONE', ( #987, #4321, #166 ) ) ;
#2983 = PRESENTATION_STYLE_ASSIGNMENT (( #3358 ) ) ;
#2984 = EDGE_CURVE ( 'NONE', #3336, #4297, #2594, .T. ) ;
#2985 = ADVANCED_FACE ( 'NONE', ( #1234 ), #2770, .F. ) ;
#2986 = VECTOR ( 'NONE', #2450, 1000.000000000000000 ) ;
#2987 = CARTESIAN_POINT ( 'NONE',  ( 2.137917139009494871, 12.94999999999999929, -5.200000000000000178 ) ) ;
#2988 = SURFACE_STYLE_USAGE ( .BOTH. , #1542 ) ;
#2989 = FILL_AREA_STYLE ('',( #2633 ) ) ;
#2990 = FACE_OUTER_BOUND ( 'NONE', #4691, .T. ) ;
#2991 = STYLED_ITEM ( 'NONE', ( #2817 ), #1081 ) ;
#2992 = MECHANICAL_DESIGN_GEOMETRIC_PRESENTATION_REPRESENTATION (  '', ( #497 ), #97 ) ;
#2993 = EDGE_CURVE ( 'NONE', #757, #2944, #1246, .T. ) ;
#2994 = SURFACE_STYLE_FILL_AREA ( #4462 ) ;
#2995 = ORIENTED_EDGE ( 'NONE', *, *, #3027, .F. ) ;
#2996 = ORIENTED_EDGE ( 'NONE', *, *, #3714, .F. ) ;
#2997 = CARTESIAN_POINT ( 'NONE',  ( 20.46424679675905267, 12.86156426583980128, -5.200000000000000178 ) ) ;
#2998 = ORIENTED_EDGE ( 'NONE', *, *, #144, .T. ) ;
#2999 = STYLED_ITEM ( 'NONE', ( #1255 ), #3438 ) ;
#3000 = CIRCLE ( 'NONE', #1799, 1.975000000000000089 ) ;
#3001 = CARTESIAN_POINT ( 'NONE',  ( 3.749999999999993339, 14.09999999999999964, -6.774999999999999467 ) ) ;
#3002 = CARTESIAN_POINT ( 'NONE',  ( 9.535753203240991738, 12.86156426584000023, -5.200000000000000178 ) ) ;
#3003 = STYLED_ITEM ( 'NONE', ( #3899 ), #3511 ) ;
#3004 = VECTOR ( 'NONE', #686, 1000.000000000000114 ) ;
#3005 = PRESENTATION_STYLE_ASSIGNMENT (( #3722 ) ) ;
#3006 = VERTEX_POINT ( 'NONE', #800 ) ;
#3007 = VECTOR ( 'NONE', #4633, 1000.000000000000000 ) ;
#3008 =( NAMED_UNIT ( * ) PLANE_ANGLE_UNIT ( ) SI_UNIT ( $, .RADIAN. ) );
#3009 = DIRECTION ( 'NONE',  ( 1.445393392988216415E-14, 3.334909476821829649E-28, -1.000000000000000000 ) ) ;
#3010 = ORIENTED_EDGE ( 'NONE', *, *, #2291, .T. ) ;
#3011 = DIRECTION ( 'NONE',  ( 1.445393392988216415E-14, 3.334909476821829649E-28, -1.000000000000000000 ) ) ;
#3012 = AXIS2_PLACEMENT_3D ( 'NONE', #351, #3424, #4551 ) ;
#3013 = CARTESIAN_POINT ( 'NONE',  ( 10.75000000000000000, 0.000000000000000000, -5.500000000000000000 ) ) ;
#3014 = ORIENTED_EDGE ( 'NONE', *, *, #4888, .T. ) ;
#3015 = DIRECTION ( 'NONE',  ( 1.000000000000000000, 0.000000000000000000, -3.513364001978341695E-15 ) ) ;
#3016 = VERTEX_POINT ( 'NONE', #1956 ) ;
#3017 = B_SPLINE_CURVE_WITH_KNOTS ( 'NONE', 3,
 ( #4389, #2169, #1831, #3355, #2981, #1854, #4883, #239, #2897, #971 ),
 .UNSPECIFIED., .F., .F.,
 ( 4, 2, 2, 2, 4 ),
 ( 0.000000000000000000, 0.2500000000000208167, 0.3750000000000245359, 0.5000000000000283107, 1.000000000000000000 ),
 .UNSPECIFIED. ) ;
#3018 = SURFACE_SIDE_STYLE ('',( #707 ) ) ;
#3019 = STYLED_ITEM ( 'NONE', ( #4799 ), #4234 ) ;
#3020 = CARTESIAN_POINT ( 'NONE',  ( 3.749999999999994227, 11.64999999999999858, -6.500000000000000000 ) ) ;
#3021 = DIRECTION ( 'NONE',  ( 3.941890354030738221E-15, 9.854725885076845551E-16, 1.000000000000000000 ) ) ;
#3022 = ORIENTED_EDGE ( 'NONE', *, *, #2523, .F. ) ;
#3023 = MECHANICAL_DESIGN_GEOMETRIC_PRESENTATION_REPRESENTATION (  '', ( #752 ), #1820 ) ;
#3024 = ORIENTED_EDGE ( 'NONE', *, *, #732, .F. ) ;
#3025 = CARTESIAN_POINT ( 'NONE',  ( 2.109307042928985076, 12.94680792429968008, -4.399947261701675494 ) ) ;
#3026 = ORIENTED_EDGE ( 'NONE', *, *, #2196, .T. ) ;
#3027 = EDGE_CURVE ( 'NONE', #4920, #4867, #2787, .T. ) ;
#3028 = PRESENTATION_STYLE_ASSIGNMENT (( #1906 ) ) ;
#3029 = UNCERTAINTY_MEASURE_WITH_UNIT (LENGTH_MEASURE( 1.000000000000000082E-05 ), #1179, 'distance_accuracy_value', 'NONE');
#3030 = CARTESIAN_POINT ( 'NONE',  ( 11.24999999999999289, 12.86156426583979950, -6.560296020604722500 ) ) ;
#3031 = EDGE_CURVE ( 'NONE', #1499, #574, #1540, .T. ) ;
#3032 = VERTEX_POINT ( 'NONE', #2711 ) ;
#3033 = VERTEX_POINT ( 'NONE', #4213 ) ;
#3034 =( LENGTH_UNIT ( ) NAMED_UNIT ( * ) SI_UNIT ( .MILLI., .METRE. ) );
#3035 = VECTOR ( 'NONE', #2774, 1000.000000000000114 ) ;
#3036 = ORIENTED_EDGE ( 'NONE', *, *, #230, .F. ) ;
#3037 = CARTESIAN_POINT ( 'NONE',  ( 16.78000000000000114, 12.14999999999999858, -5.200000000000000178 ) ) ;
#3038 = CARTESIAN_POINT ( 'NONE',  ( 12.55000000000000071, 5.299999999999999822, -1.600000000000024958 ) ) ;
#3039 = CARTESIAN_POINT ( 'NONE',  ( 20.71000000000000085, 12.14999999999999858, -4.400000000000000355 ) ) ;
#3040 = VERTEX_POINT ( 'NONE', #3086 ) ;
#3041 = PLANE ( 'NONE',  #4580 ) ;
#3042 = ORIENTED_EDGE ( 'NONE', *, *, #3696, .T. ) ;
#3043 = DIRECTION ( 'NONE',  ( -3.190018466692534643E-30, 1.000000000000000000, -9.136576017758440081E-16 ) ) ;
#3044 = CARTESIAN_POINT ( 'NONE',  ( 17.03575320324094733, 12.86156426583989898, -4.400000000000000355 ) ) ;
#3045 = PLANE ( 'NONE',  #4606 ) ;
#3046 = DIRECTION ( 'NONE',  ( 3.456627036440165418E-30, -1.000000000000000000, 9.912705577010320619E-16 ) ) ;
#3047 = ORIENTED_EDGE ( 'NONE', *, *, #1583, .T. ) ;
#3048 = VERTEX_POINT ( 'NONE', #3839 ) ;
#3049 = LINE ( 'NONE', #4207, #655 ) ;
#3050 = ADVANCED_FACE ( 'NONE', ( #1572 ), #405, .T. ) ;
#3051 = SURFACE_STYLE_FILL_AREA ( #2401 ) ;
#3052 = VERTEX_POINT ( 'NONE', #1223 ) ;
#3053 = DIRECTION ( 'NONE',  ( 3.491481338843135327E-15, 0.000000000000000000, 1.000000000000000000 ) ) ;
#3054 = CARTESIAN_POINT ( 'NONE',  ( 3.750000000000000000, 12.86156426583980128, -4.799999999999999822 ) ) ;
#3055 = LINE ( 'NONE', #352, #2274 ) ;
#3056 = VECTOR ( 'NONE', #1, 1000.000000000000000 ) ;
#3057 = ADVANCED_FACE ( 'NONE', ( #3891 ), #1653, .F. ) ;
#3058 = EDGE_CURVE ( 'NONE', #3052, #232, #233, .T. ) ;
#3059 = ORIENTED_EDGE ( 'NONE', *, *, #3763, .F. ) ;
#3060 = DIRECTION ( 'NONE',  ( 3.491481338843135327E-15, 0.000000000000000000, 1.000000000000000000 ) ) ;
#3061 = LINE ( 'NONE', #2332, #630 ) ;
#3062 = MECHANICAL_DESIGN_GEOMETRIC_PRESENTATION_REPRESENTATION (  '', ( #1529 ), #801 ) ;
#3063 = PLANE ( 'NONE',  #2801 ) ;
#3064 = EDGE_LOOP ( 'NONE', ( #1902, #3857, #3410, #863 ) ) ;
#3065 = CARTESIAN_POINT ( 'NONE',  ( -0.4049999999999949751, 1.464316677895339915E-15, -0.6674166975080020325 ) ) ;
#3066 = EDGE_LOOP ( 'NONE', ( #2224, #99, #2283, #3047 ) ) ;
#3067 = EDGE_CURVE ( 'NONE', #3644, #1299, #1363, .T. ) ;
#3068 = LINE ( 'NONE', #3411, #3932 ) ;
#3069 = AXIS2_PLACEMENT_3D ( 'NONE', #4142, #1888, #699 ) ;
#3070 = CARTESIAN_POINT ( 'NONE',  ( 21.87999999999999901, 6.700000000000000178, -8.769999999999999574 ) ) ;
#3071 = DIRECTION ( 'NONE',  ( 0.5000000000000008882, 0.000000000000000000, 0.8660254037844382635 ) ) ;
#3072 = CARTESIAN_POINT ( 'NONE',  ( 26.25000000000000000, 8.000000000000000000, -0.9000000000000709655 ) ) ;
#3073 = AXIS2_PLACEMENT_3D ( 'NONE', #4425, #1787, #3319 ) ;
#3074 = FACE_OUTER_BOUND ( 'NONE', #4363, .T. ) ;
#3075 = VERTEX_POINT ( 'NONE', #1751 ) ;
#3076 = VERTEX_POINT ( 'NONE', #3617 ) ;
#3077 = DIRECTION ( 'NONE',  ( -1.000000000000000000, 0.000000000000000000, 3.854941057726240267E-15 ) ) ;
#3078 = SURFACE_STYLE_USAGE ( .BOTH. , #1948 ) ;
#3079 = ORIENTED_EDGE ( 'NONE', *, *, #363, .T. ) ;
#3080 = FACE_OUTER_BOUND ( 'NONE', #1222, .T. ) ;
#3081 =( GEOMETRIC_REPRESENTATION_CONTEXT ( 3 ) GLOBAL_UNCERTAINTY_ASSIGNED_CONTEXT ( ( #1775 ) ) GLOBAL_UNIT_ASSIGNED_CONTEXT ( ( #4368, #4337, #2836 ) ) REPRESENTATION_CONTEXT ( 'NONE', 'WORKASPACE' ) );
#3082 =( LENGTH_UNIT ( ) NAMED_UNIT ( * ) SI_UNIT ( .MILLI., .METRE. ) );
#3083 = EDGE_CURVE ( 'NONE', #574, #1628, #180, .T. ) ;
#3084 = ORIENTED_EDGE ( 'NONE', *, *, #4772, .F. ) ;
#3085 = CARTESIAN_POINT ( 'NONE',  ( 18.75000000000000000, 12.86156426583980128, -4.799999999999999822 ) ) ;
#3086 = CARTESIAN_POINT ( 'NONE',  ( 9.950000000000001066, 5.299999999999999822, -1.500000000000000000 ) ) ;
#3087 = VECTOR ( 'NONE', #2723, 1000.000000000000000 ) ;
#3088 = FILL_AREA_STYLE_COLOUR ( '', #877 ) ;
#3089 = AXIS2_PLACEMENT_3D ( 'NONE', #3584, #3295, #1667 ) ;
#3090 = CARTESIAN_POINT ( 'NONE',  ( 17.06628493812628022, 12.92195020623059598, -5.200000211584072218 ) ) ;
#3091 = EDGE_CURVE ( 'NONE', #635, #682, #1726, .T. ) ;
#3092 = STYLED_ITEM ( 'NONE', ( #2380 ), #2359 ) ;
#3093 =( LENGTH_UNIT ( ) NAMED_UNIT ( * ) SI_UNIT ( .MILLI., .METRE. ) );
#3094 = CARTESIAN_POINT ( 'NONE',  ( 5.709999999999999964, 12.14999999999999858, -4.400000000000000355 ) ) ;
#3095 = FILL_AREA_STYLE_COLOUR ( '', #3847 ) ;
#3096 = CIRCLE ( 'NONE', #654, 0.1299999999999980060 ) ;
#3097 = EDGE_CURVE ( 'NONE', #3519, #3866, #1343, .T. ) ;
#3098 = CIRCLE ( 'NONE', #4106, 0.2000000000000000944 ) ;
#3099 = EDGE_CURVE ( 'NONE', #4348, #3828, #963, .T. ) ;
#3100 = LINE ( 'NONE', #4944, #378 ) ;
#3101 = ORIENTED_EDGE ( 'NONE', *, *, #157, .T. ) ;
#3102 = DIRECTION ( 'NONE',  ( 3.560070626379762067E-15, 1.898704334069206725E-15, 1.000000000000000000 ) ) ;
#3103 = ORIENTED_EDGE ( 'NONE', *, *, #4553, .T. ) ;
#3104 = CARTESIAN_POINT ( 'NONE',  ( 11.25000000000000000, 12.14999999999999858, -4.799999999999999822 ) ) ;
#3105 = LINE ( 'NONE', #3412, #3087 ) ;
#3106 = SURFACE_STYLE_USAGE ( .BOTH. , #3460 ) ;
#3107 = CARTESIAN_POINT ( 'NONE',  ( 2.449999999999999734, 1.232091685621209860E-14, -1.299999999999988054 ) ) ;
#3108 = LINE ( 'NONE', #369, #2158 ) ;
#3109 = ORIENTED_EDGE ( 'NONE', *, *, #953, .F. ) ;
#3110 = B_SPLINE_CURVE_WITH_KNOTS ( 'NONE', 3,
 ( #868, #495, #3555, #126, #4696, #650, #1761, #3728, #2966, #2987 ),
 .UNSPECIFIED., .F., .F.,
 ( 4, 2, 2, 2, 4 ),
 ( 0.000000000000000000, 0.2499999999999974465, 0.3750000000000097145, 0.5000000000000219824, 1.000000000000000000 ),
 .UNSPECIFIED. ) ;
#3111 = DIRECTION ( 'NONE',  ( 3.491481338843135327E-15, 0.000000000000000000, 1.000000000000000000 ) ) ;
#3112 = AXIS2_PLACEMENT_3D ( 'NONE', #528, #2107, #2131 ) ;
#3113 =( NAMED_UNIT ( * ) SI_UNIT ( $, .STERADIAN. ) SOLID_ANGLE_UNIT ( ) );
#3114 = ORIENTED_EDGE ( 'NONE', *, *, #1269, .T. ) ;
#3115 = PRESENTATION_STYLE_ASSIGNMENT (( #749 ) ) ;
#3116 = SURFACE_STYLE_FILL_AREA ( #2678 ) ;
#3117 =( LENGTH_UNIT ( ) NAMED_UNIT ( * ) SI_UNIT ( .MILLI., .METRE. ) );
#3118 = B_SPLINE_CURVE_WITH_KNOTS ( 'NONE', 3,
 ( #1209, #4629, #73, #4171, #4568, #391 ),
 .UNSPECIFIED., .F., .F.,
 ( 4, 2, 4 ),
 ( 0.000000000000000000, 0.4442809022261779983, 1.000000000000000000 ),
 .UNSPECIFIED. ) ;
#3119 = CARTESIAN_POINT ( 'NONE',  ( 20.37711228619290083, 12.94919804410899999, -4.400000000000000355 ) ) ;
#3120 = CARTESIAN_POINT ( 'NONE',  ( 22.10000000000000142, 66.32999999999999829, -8.891243556529881076 ) ) ;
#3121 = CARTESIAN_POINT ( 'NONE',  ( 18.25000000000000000, 0.000000000000000000, -5.500000000000000000 ) ) ;
#3122 = EDGE_CURVE ( 'NONE', #2631, #4528, #940, .T. ) ;
#3123 = ORIENTED_EDGE ( 'NONE', *, *, #1886, .T. ) ;
#3124 = CARTESIAN_POINT ( 'NONE',  ( 23.75000000000000000, -3.500000000000000000, -5.500000000000000000 ) ) ;
#3125 = VECTOR ( 'NONE', #1763, 1000.000000000000114 ) ;
#3126 = EDGE_CURVE ( 'NONE', #1778, #4530, #2208, .T. ) ;
#3127 = ORIENTED_EDGE ( 'NONE', *, *, #2593, .T. ) ;
#3128 = FACE_OUTER_BOUND ( 'NONE', #395, .T. ) ;
#3129 = CARTESIAN_POINT ( 'NONE',  ( 20.04999999999999716, 1.800000000000000044, -3.729655473350134622E-14 ) ) ;
#3130 = DIRECTION ( 'NONE',  ( 0.000000000000000000, -1.000000000000000000, 0.000000000000000000 ) ) ;
#3131 = FILL_AREA_STYLE ('',( #1608 ) ) ;
#3132 = DIRECTION ( 'NONE',  ( 4.336808689942015369E-15, 0.000000000000000000, 1.000000000000000000 ) ) ;
#3133 = ORIENTED_EDGE ( 'NONE', *, *, #1487, .T. ) ;
#3134 = DIRECTION ( 'NONE',  ( -0.000000000000000000, 1.000000000000000000, 0.000000000000000000 ) ) ;
#3135 = PLANE ( 'NONE',  #3852 ) ;
#3136 = SURFACE_SIDE_STYLE ('',( #4685 ) ) ;
#3137 = CARTESIAN_POINT ( 'NONE',  ( 17.01056453421130144, 12.65081076366930013, -4.400000000000000355 ) ) ;
#3138 = UNCERTAINTY_MEASURE_WITH_UNIT (LENGTH_MEASURE( 1.000000000000000082E-05 ), #2844, 'distance_accuracy_value', 'NONE');
#3139 = ORIENTED_EDGE ( 'NONE', *, *, #4349, .T. ) ;
#3140 = DIRECTION ( 'NONE',  ( -0.3074341435583159421, -0.3415934928425779504, 0.8881430813907027488 ) ) ;
#3141 = DIRECTION ( 'NONE',  ( -0.3074341435583169413, -0.3415934928425770067, 0.8881430813907028599 ) ) ;
#3142 = DIRECTION ( 'NONE',  ( -0.1961161351381840445, 0.9805806756909201116, 4.694147731430031842E-16 ) ) ;
#3143 = SURFACE_STYLE_USAGE ( .BOTH. , #1599 ) ;
#3144 = DIRECTION ( 'NONE',  ( -0.000000000000000000, 1.000000000000000000, 0.000000000000000000 ) ) ;
#3145 = CARTESIAN_POINT ( 'NONE',  ( 11.25000000000000000, 12.14999999999999858, -4.799999999999999822 ) ) ;
#3146 = EDGE_LOOP ( 'NONE', ( #416, #4436, #2395, #1662 ) ) ;
#3147 = AXIS2_PLACEMENT_3D ( 'NONE', #787, #3071, #3130 ) ;
#3148 = DIRECTION ( 'NONE',  ( 3.513364001978343273E-15, 0.000000000000000000, 1.000000000000000000 ) ) ;
#3149 = ORIENTED_EDGE ( 'NONE', *, *, #1887, .F. ) ;
#3150 =( NAMED_UNIT ( * ) SI_UNIT ( $, .STERADIAN. ) SOLID_ANGLE_UNIT ( ) );
#3151 = DIRECTION ( 'NONE',  ( 5.556628334053620959E-15, 0.000000000000000000, 1.000000000000000000 ) ) ;
#3152 = FILL_AREA_STYLE ('',( #1943 ) ) ;
#3153 = LINE ( 'NONE', #1263, #145 ) ;
#3154 = TOROIDAL_SURFACE ( 'NONE', #4725, 1.660966932452119904, 0.1000000000000000056 ) ;
#3155 = ORIENTED_EDGE ( 'NONE', *, *, #824, .T. ) ;
#3156 = DIRECTION ( 'NONE',  ( -1.000000000000000000, 0.000000000000000000, 3.491481338843135327E-15 ) ) ;
#3157 = STYLED_ITEM ( 'NONE', ( #3997 ), #1145 ) ;
#3158 = PLANE ( 'NONE',  #2520 ) ;
#3159 = CARTESIAN_POINT ( 'NONE',  ( 5.412936455754110199, 12.93710584027192922, -5.200037546560198898 ) ) ;
#3160 = ORIENTED_EDGE ( 'NONE', *, *, #1305, .F. ) ;
#3161 = CARTESIAN_POINT ( 'NONE',  ( 12.55000000000000071, 5.299999999999999822, -1.300000000000024025 ) ) ;
#3162 = SURFACE_STYLE_USAGE ( .BOTH. , #3210 ) ;
#3163 = VECTOR ( 'NONE', #2977, 1000.000000000000000 ) ;
#3164 = PLANE ( 'NONE',  #4900 ) ;
#3165 = VECTOR ( 'NONE', #3141, 999.9999999999998863 ) ;
#3166 = PRESENTATION_LAYER_ASSIGNMENT (  '', '', ( #335 ) ) ;
#3167 = CARTESIAN_POINT ( 'NONE',  ( 18.75000000000000711, 11.65000000000000213, -3.099999999999999645 ) ) ;
#3168 = MECHANICAL_DESIGN_GEOMETRIC_PRESENTATION_REPRESENTATION (  '', ( #4824 ), #2931 ) ;
#3169 = EDGE_LOOP ( 'NONE', ( #2235, #2919, #3173, #3797, #4282, #361, #3240, #606 ) ) ;
#3170 = AXIS2_PLACEMENT_3D ( 'NONE', #1029, #2140, #4548 ) ;
#3171 =( LENGTH_UNIT ( ) NAMED_UNIT ( * ) SI_UNIT ( .MILLI., .METRE. ) );
#3172 = SURFACE_SIDE_STYLE ('',( #3656 ) ) ;
#3173 = ORIENTED_EDGE ( 'NONE', *, *, #3915, .T. ) ;
#3174 = VERTEX_POINT ( 'NONE', #2427 ) ;
#3175 = AXIS2_PLACEMENT_3D ( 'NONE', #2728, #3134, #397 ) ;
#3176 = DIRECTION ( 'NONE',  ( -1.000000000000000000, -3.994847236882269991E-30, 0.000000000000000000 ) ) ;
#3177 = SURFACE_STYLE_USAGE ( .BOTH. , #817 ) ;
#3178 = CARTESIAN_POINT ( 'NONE',  ( 9.592229429941943053, 12.93980888197386392, -4.399951796219804478 ) ) ;
#3179 = VERTEX_POINT ( 'NONE', #2517 ) ;
#3180 = CARTESIAN_POINT ( 'NONE',  ( 13.01776029751389885, 12.41362307109989871, -4.400000000000000355 ) ) ;
#3181 = CIRCLE ( 'NONE', #1655, 0.1299999999999980060 ) ;
#3182 = DIRECTION ( 'NONE',  ( 3.491481338843135327E-15, 0.000000000000000000, 1.000000000000000000 ) ) ;
#3183 = EDGE_CURVE ( 'NONE', #11, #3040, #1271, .T. ) ;
#3184 = PRODUCT_DEFINITION_CONTEXT ( 'detailed design', #1850, 'design' ) ;
#3185 = VERTEX_POINT ( 'NONE', #4790 ) ;
#3186 = DIRECTION ( 'NONE',  ( 1.445393392988216415E-14, 3.334909476821829649E-28, -1.000000000000000000 ) ) ;
#3187 = EDGE_CURVE ( 'NONE', #1033, #1632, #25, .T. ) ;
#3188 = LINE ( 'NONE', #4688, #4575 ) ;
#3189 = MECHANICAL_DESIGN_GEOMETRIC_PRESENTATION_REPRESENTATION (  '', ( #2541 ), #858 ) ;
#3190 = SURFACE_STYLE_FILL_AREA ( #2429 ) ;
#3191 = CARTESIAN_POINT ( 'NONE',  ( 1.966509407024005229, 12.28181210550289926, -4.400000000000000355 ) ) ;
#3192 = SURFACE_STYLE_FILL_AREA ( #443 ) ;
#3193 = ORIENTED_EDGE ( 'NONE', *, *, #4325, .T. ) ;
#3194 = EDGE_LOOP ( 'NONE', ( #92, #3930, #2626, #519 ) ) ;
#3195 = DIRECTION ( 'NONE',  ( -3.764715453509072015E-15, -9.411788633772680037E-16, -1.000000000000000000 ) ) ;
#3196 = PRESENTATION_STYLE_ASSIGNMENT (( #1710 ) ) ;
#3197 = ORIENTED_EDGE ( 'NONE', *, *, #1109, .F. ) ;
#3198 =( NAMED_UNIT ( * ) SI_UNIT ( $, .STERADIAN. ) SOLID_ANGLE_UNIT ( ) );
#3199 = VERTEX_POINT ( 'NONE', #879 ) ;
#3200 = DIRECTION ( 'NONE',  ( -1.000000000000000000, 0.000000000000000000, 3.491481338843135327E-15 ) ) ;
#3201 = CARTESIAN_POINT ( 'NONE',  ( 1.966509407024005229, 12.28181210550289926, -5.200000000000000178 ) ) ;
#3202 = LINE ( 'NONE', #3612, #3035 ) ;
#3203 = CARTESIAN_POINT ( 'NONE',  ( 21.87999999999999901, -4.392950033686029607E-15, -7.906905989232479115 ) ) ;
#3204 = VERTEX_POINT ( 'NONE', #4383 ) ;
#3205 = ADVANCED_BREP_SHAPE_REPRESENTATION ( 'Same_Sky_TB004-750-03GR', ( #4234, #935, #4190, #881, #3280 ), #3823 ) ;
#3206 = DIRECTION ( 'NONE',  ( -0.000000000000000000, 1.000000000000000000, 0.000000000000000000 ) ) ;
#3207 = CARTESIAN_POINT ( 'NONE',  ( 11.24999999999999289, 14.09999999999999964, -6.774999999999999467 ) ) ;
#3208 = ORIENTED_EDGE ( 'NONE', *, *, #2887, .T. ) ;
#3209 = FACE_OUTER_BOUND ( 'NONE', #2298, .T. ) ;
#3210 = SURFACE_SIDE_STYLE ('',( #3541 ) ) ;
#3211 = SURFACE_STYLE_FILL_AREA ( #859 ) ;
#3212 = ADVANCED_FACE ( 'NONE', ( #3209 ), #2492, .T. ) ;
#3213 =( LENGTH_UNIT ( ) NAMED_UNIT ( * ) SI_UNIT ( .MILLI., .METRE. ) );
#3214 = DIRECTION ( 'NONE',  ( 3.652049423109068024E-15, 9.130123557772670060E-16, 1.000000000000000000 ) ) ;
#3215 = VERTEX_POINT ( 'NONE', #4010 ) ;
#3216 = VERTEX_POINT ( 'NONE', #575 ) ;
#3217 = ORIENTED_EDGE ( 'NONE', *, *, #4627, .F. ) ;
#3218 = ORIENTED_EDGE ( 'NONE', *, *, #3984, .T. ) ;
#3219 = FACE_OUTER_BOUND ( 'NONE', #1089, .T. ) ;
#3220 = MECHANICAL_DESIGN_GEOMETRIC_PRESENTATION_REPRESENTATION (  '', ( #160 ), #163 ) ;
#3221 = DIRECTION ( 'NONE',  ( 0.000000000000000000, -1.000000000000000000, 0.000000000000000000 ) ) ;
#3222 = DIRECTION ( 'NONE',  ( 4.153782093684445500E-16, -0.9932908816600525270, 0.1156426582667301473 ) ) ;
#3223 = CARTESIAN_POINT ( 'NONE',  ( 12.97684466442061968, 12.75618793725179856, -4.400000000000000355 ) ) ;
#3224 = PLANE ( 'NONE',  #1622 ) ;
#3225 = AXIS2_PLACEMENT_3D ( 'NONE', #444, #3825, #41 ) ;
#3226 = DIRECTION ( 'NONE',  ( -1.000000000000000000, 0.000000000000000000, 3.491481338843135327E-15 ) ) ;
#3227 = UNCERTAINTY_MEASURE_WITH_UNIT (LENGTH_MEASURE( 1.000000000000000082E-05 ), #1107, 'distance_accuracy_value', 'NONE');
#3228 = ORIENTED_EDGE ( 'NONE', *, *, #3374, .T. ) ;
#3229 = DIRECTION ( 'NONE',  ( 3.513364001978343273E-15, 0.000000000000000000, 1.000000000000000000 ) ) ;
#3230 = CARTESIAN_POINT ( 'NONE',  ( 3.750000000000005329, 12.95000000000000107, -3.139033067547879696 ) ) ;
#3231 = EDGE_CURVE ( 'NONE', #1372, #2627, #3547, .T. ) ;
#3232 = VECTOR ( 'NONE', #1431, 1000.000000000000000 ) ;
#3233 = UNCERTAINTY_MEASURE_WITH_UNIT (LENGTH_MEASURE( 1.000000000000000082E-05 ), #3171, 'distance_accuracy_value', 'NONE');
#3234 = FACE_OUTER_BOUND ( 'NONE', #3818, .T. ) ;
#3235 = LINE ( 'NONE', #4819, #702 ) ;
#3236 = ORIENTED_EDGE ( 'NONE', *, *, #3183, .F. ) ;
#3237 = VECTOR ( 'NONE', #3600, 1000.000000000000114 ) ;
#3238 = EDGE_CURVE ( 'NONE', #710, #3674, #487, .T. ) ;
#3239 = EDGE_CURVE ( 'NONE', #3076, #2393, #4895, .T. ) ;
#3240 = ORIENTED_EDGE ( 'NONE', *, *, #766, .T. ) ;
#3241 =( GEOMETRIC_REPRESENTATION_CONTEXT ( 3 ) GLOBAL_UNCERTAINTY_ASSIGNED_CONTEXT ( ( #1876 ) ) GLOBAL_UNIT_ASSIGNED_CONTEXT ( ( #2451, #875, #1568 ) ) REPRESENTATION_CONTEXT ( 'NONE', 'WORKASPACE' ) );
#3242 = SURFACE_STYLE_FILL_AREA ( #1630 ) ;
#3243 = CIRCLE ( 'NONE', #18, 1.760296020616589852 ) ;
#3244 = EDGE_LOOP ( 'NONE', ( #4845, #3630, #4649, #2831 ) ) ;
#3245 = CARTESIAN_POINT ( 'NONE',  ( 12.55000000000000071, 5.299999999999999822, -1.600000000000024958 ) ) ;
#3246 = ORIENTED_EDGE ( 'NONE', *, *, #4136, .T. ) ;
#3247 = EDGE_CURVE ( 'NONE', #2727, #2200, #551, .T. ) ;
#3248 = ADVANCED_FACE ( 'NONE', ( #4222 ), #3041, .T. ) ;
#3249 = LINE ( 'NONE', #2441, #2825 ) ;
#3250 = DIRECTION ( 'NONE',  ( -3.491481338843135327E-15, 0.000000000000000000, -1.000000000000000000 ) ) ;
#3251 = PRESENTATION_LAYER_ASSIGNMENT (  '', '', ( #3475 ) ) ;
#3252 = VECTOR ( 'NONE', #4264, 1000.000000000000114 ) ;
#3253 = SURFACE_SIDE_STYLE ('',( #1717 ) ) ;
#3254 = CARTESIAN_POINT ( 'NONE',  ( 18.75000000000000711, 12.95000000000000107, -3.049999999999999822 ) ) ;
#3255 = COLOUR_RGB ( '',0.8313725490196077761, 0.8392156862745098200, 0.8313725490196077761 ) ;
#3256 = VECTOR ( 'NONE', #2623, 1000.000000000000000 ) ;
#3257 = CARTESIAN_POINT ( 'NONE',  ( 12.98943546578864172, 12.65081076366930013, -5.200000000000000178 ) ) ;
#3258 =( NAMED_UNIT ( * ) SI_UNIT ( $, .STERADIAN. ) SOLID_ANGLE_UNIT ( ) );
#3259 = STYLED_ITEM ( 'NONE', ( #112 ), #3663 ) ;
#3260 = DIRECTION ( 'NONE',  ( -0.000000000000000000, 1.000000000000000000, 0.000000000000000000 ) ) ;
#3261 = ORIENTED_EDGE ( 'NONE', *, *, #3685, .F. ) ;
#3262 = AXIS2_PLACEMENT_3D ( 'NONE', #2647, #4582, #4879 ) ;
#3263 = DIRECTION ( 'NONE',  ( 3.491481338843135327E-15, 0.000000000000000000, 1.000000000000000000 ) ) ;
#3264 = CARTESIAN_POINT ( 'NONE',  ( 3.750000000000000000, 12.94999999999999929, -4.799999999999999822 ) ) ;
#3265 = COLOUR_RGB ( '',0.8313725490196077761, 0.8392156862745098200, 0.8313725490196077761 ) ;
#3266 = SURFACE_STYLE_USAGE ( .BOTH. , #1730 ) ;
#3267 = AXIS2_PLACEMENT_3D ( 'NONE', #4776, #121, #1351 ) ;
#3268 = DIRECTION ( 'NONE',  ( -4.090107484022710339E-30, 1.000000000000000000, -1.171453342316279939E-15 ) ) ;
#3269 = ORIENTED_EDGE ( 'NONE', *, *, #1268, .T. ) ;
#3270 = ORIENTED_EDGE ( 'NONE', *, *, #3696, .F. ) ;
#3271 = LINE ( 'NONE', #2123, #1397 ) ;
#3272 = PLANE ( 'NONE',  #3267 ) ;
#3273 = ORIENTED_EDGE ( 'NONE', *, *, #1852, .F. ) ;
#3274 = EDGE_CURVE ( 'NONE', #3789, #117, #4743, .T. ) ;
#3275 = PRESENTATION_STYLE_ASSIGNMENT (( #4754 ) ) ;
#3276 = CARTESIAN_POINT ( 'NONE',  ( 9.566284938126276671, 12.92195020623058888, -5.200000211584069554 ) ) ;
#3277 = LINE ( 'NONE', #2969, #224 ) ;
#3278 = FACE_OUTER_BOUND ( 'NONE', #3529, .T. ) ;
#3279 = PLANE ( 'NONE',  #3703 ) ;
#3280 = AXIS2_PLACEMENT_3D ( 'NONE', #675, #700, #3406 ) ;
#3281 = ORIENTED_EDGE ( 'NONE', *, *, #2063, .F. ) ;
#3282 = CARTESIAN_POINT ( 'NONE',  ( 5.425746692923159920, 12.92932356421409956, -4.400000000000000355 ) ) ;
#3283 =( NAMED_UNIT ( * ) PLANE_ANGLE_UNIT ( ) SI_UNIT ( $, .RADIAN. ) );
#3284 = CARTESIAN_POINT ( 'NONE',  ( 2.749999999999789946, 4.984159143999969288, -4.700000000000000178 ) ) ;
#3285 = UNCERTAINTY_MEASURE_WITH_UNIT (LENGTH_MEASURE( 1.000000000000000082E-05 ), #2110, 'distance_accuracy_value', 'NONE');
#3286 = EDGE_CURVE ( 'NONE', #1643, #767, #2368, .T. ) ;
#3287 = CARTESIAN_POINT ( 'NONE',  ( 21.87999999999999901, -4.392950033686029607E-15, -8.793094010767639190 ) ) ;
#3288 = EDGE_LOOP ( 'NONE', ( #2073, #1570, #644, #1519 ) ) ;
#3289 = EDGE_CURVE ( 'NONE', #682, #1093, #3634, .T. ) ;
#3290 = ORIENTED_EDGE ( 'NONE', *, *, #856, .F. ) ;
#3291 = CARTESIAN_POINT ( 'NONE',  ( -0.4700000000000220113, 1.464316677895339915E-15, -7.929999999999999716 ) ) ;
#3292 = DIRECTION ( 'NONE',  ( 3.491481338843135327E-15, 0.000000000000000000, 1.000000000000000000 ) ) ;
#3293 = ORIENTED_EDGE ( 'NONE', *, *, #2021, .T. ) ;
#3294 = CARTESIAN_POINT ( 'NONE',  ( 22.50000000000000000, 8.000000000000000000, -0.9000000000000579758 ) ) ;
#3295 = DIRECTION ( 'NONE',  ( -0.9449860734402566464, 0.000000000000000000, 0.3271105638831708351 ) ) ;
#3296 = CARTESIAN_POINT ( 'NONE',  ( 12.87711228619290083, 12.94919804410899999, -4.400000000000000355 ) ) ;
#3297 = EDGE_CURVE ( 'NONE', #1750, #3174, #12, .T. ) ;
#3298 =( NAMED_UNIT ( * ) SI_UNIT ( $, .STERADIAN. ) SOLID_ANGLE_UNIT ( ) );
#3299 = MECHANICAL_DESIGN_GEOMETRIC_PRESENTATION_REPRESENTATION (  '', ( #2651 ), #964 ) ;
#3300 = CARTESIAN_POINT ( 'NONE',  ( 22.46373066958900111, -4.392950033686029607E-15, -8.681243556529881999 ) ) ;
#3301 = ORIENTED_EDGE ( 'NONE', *, *, #1420, .F. ) ;
#3302 = EDGE_CURVE ( 'NONE', #3540, #710, #1152, .T. ) ;
#3303 = AXIS2_PLACEMENT_3D ( 'NONE', #3451, #4193, #3405 ) ;
#3304 = DIRECTION ( 'NONE',  ( 3.394318807178988950E-15, 1.044405786824304262E-15, 1.000000000000000000 ) ) ;
#3305 = PRESENTATION_STYLE_ASSIGNMENT (( #1011 ) ) ;
#3306 = AXIS2_PLACEMENT_3D ( 'NONE', #794, #4180, #3908 ) ;
#3307 = LINE ( 'NONE', #2570, #3701 ) ;
#3308 =( NAMED_UNIT ( * ) SI_UNIT ( $, .STERADIAN. ) SOLID_ANGLE_UNIT ( ) );
#3309 = EDGE_LOOP ( 'NONE', ( #386, #968, #2303, #2004 ) ) ;
#3310 = CIRCLE ( 'NONE', #411, 1.843139007342379898 ) ;
#3311 = ORIENTED_EDGE ( 'NONE', *, *, #4899, .F. ) ;
#3312 = ORIENTED_EDGE ( 'NONE', *, *, #1103, .T. ) ;
#3313 = DIRECTION ( 'NONE',  ( -0.3074341435583159421, -0.3415934928425779504, 0.8881430813907027488 ) ) ;
#3314 =( NAMED_UNIT ( * ) SI_UNIT ( $, .STERADIAN. ) SOLID_ANGLE_UNIT ( ) );
#3315 = VECTOR ( 'NONE', #3140, 1000.000000000000000 ) ;
#3316 = SURFACE_SIDE_STYLE ('',( #2928 ) ) ;
#3317 = MECHANICAL_DESIGN_GEOMETRIC_PRESENTATION_REPRESENTATION (  '', ( #2677 ), #2929 ) ;
#3318 = CIRCLE ( 'NONE', #22, 1.827270781290140089 ) ;
#3319 = DIRECTION ( 'NONE',  ( 4.177623147297217048E-15, 1.044405786824304262E-15, 1.000000000000000000 ) ) ;
#3320 = VECTOR ( 'NONE', #414, 1000.000000000000000 ) ;
#3321 = PRESENTATION_LAYER_ASSIGNMENT (  '', '', ( #4420 ) ) ;
#3322 = SURFACE_SIDE_STYLE ('',( #1007 ) ) ;
#3323 = ORIENTED_EDGE ( 'NONE', *, *, #673, .F. ) ;
#3324 = CARTESIAN_POINT ( 'NONE',  ( 13.75000000000000000, 11.59999999999999964, -2.775557561562889773E-14 ) ) ;
#3325 = EDGE_CURVE ( 'NONE', #1501, #2103, #1523, .T. ) ;
#3326 =( GEOMETRIC_REPRESENTATION_CONTEXT ( 3 ) GLOBAL_UNCERTAINTY_ASSIGNED_CONTEXT ( ( #2732 ) ) GLOBAL_UNIT_ASSIGNED_CONTEXT ( ( #3725, #1440, #2234 ) ) REPRESENTATION_CONTEXT ( 'NONE', 'WORKASPACE' ) );
#3327 = STYLED_ITEM ( 'NONE', ( #1078 ), #2446 ) ;
#3328 = UNCERTAINTY_MEASURE_WITH_UNIT (LENGTH_MEASURE( 1.000000000000000082E-05 ), #4250, 'distance_accuracy_value', 'NONE');
#3329 = VECTOR ( 'NONE', #235, 1000.000000000000114 ) ;
#3330 = DIRECTION ( 'NONE',  ( 0.000000000000000000, 1.000000000000000000, 0.000000000000000000 ) ) ;
#3331 = ORIENTED_EDGE ( 'NONE', *, *, #3349, .T. ) ;
#3332 = AXIS2_PLACEMENT_3D ( 'NONE', #3783, #1480, #2320 ) ;
#3333 = VERTEX_POINT ( 'NONE', #1553 ) ;
#3334 =( NAMED_UNIT ( * ) SI_UNIT ( $, .STERADIAN. ) SOLID_ANGLE_UNIT ( ) );
#3335 = FACE_OUTER_BOUND ( 'NONE', #2455, .T. ) ;
#3336 = VERTEX_POINT ( 'NONE', #783 ) ;
#3337 = VECTOR ( 'NONE', #4693, 1000.000000000000000 ) ;
#3338 = FILL_AREA_STYLE_COLOUR ( '', #2271 ) ;
#3339 = SURFACE_STYLE_USAGE ( .BOTH. , #3376 ) ;
#3340 = FILL_AREA_STYLE_COLOUR ( '', #2765 ) ;
#3341 = VECTOR ( 'NONE', #2265, 1000.000000000000000 ) ;
#3342 = FILL_AREA_STYLE ('',( #570 ) ) ;
#3343 = LINE ( 'NONE', #4036, #3564 ) ;
#3344 = ORIENTED_EDGE ( 'NONE', *, *, #4655, .F. ) ;
#3345 = CARTESIAN_POINT ( 'NONE',  ( 2.074957807835473123, 12.92936467594071637, -4.400000362272405319 ) ) ;
#3346 = DIRECTION ( 'NONE',  ( 3.940388530887927228E-15, 9.850971327219820043E-16, 1.000000000000000000 ) ) ;
#3347 = EDGE_CURVE ( 'NONE', #2366, #4613, #4167, .T. ) ;
#3348 = DIRECTION ( 'NONE',  ( 0.1961161351381830731, 0.9805806756909203337, -6.847358260810042233E-16 ) ) ;
#3349 = EDGE_CURVE ( 'NONE', #2934, #701, #3878, .T. ) ;
#3350 = FACE_OUTER_BOUND ( 'NONE', #4152, .T. ) ;
#3351 = ADVANCED_FACE ( 'NONE', ( #808 ), #4648, .F. ) ;
#3352 =( NAMED_UNIT ( * ) SI_UNIT ( $, .STERADIAN. ) SOLID_ANGLE_UNIT ( ) );
#3353 = ADVANCED_FACE ( 'NONE', ( #1968 ), #3506, .T. ) ;
#3354 = ORIENTED_EDGE ( 'NONE', *, *, #1038, .T. ) ;
#3355 = CARTESIAN_POINT ( 'NONE',  ( 20.40777057008736506, 12.93980888195992129, -5.200048203779039646 ) ) ;
#3356 = DIRECTION ( 'NONE',  ( 0.000000000000000000, 0.000000000000000000, 1.000000000000000000 ) ) ;
#3357 = VERTEX_POINT ( 'NONE', #2288 ) ;
#3358 = SURFACE_STYLE_USAGE ( .BOTH. , #3373 ) ;
#3359 = CARTESIAN_POINT ( 'NONE',  ( 17.13791713900950242, 12.94999999999999929, -5.200000000000000178 ) ) ;
#3360 = DIRECTION ( 'NONE',  ( -0.1961161351381840445, 0.9805806756909201116, 4.694147731430031842E-16 ) ) ;
#3361 = CARTESIAN_POINT ( 'NONE',  ( 3.750000000000000000, 11.59999999999999964, -4.799999999999999822 ) ) ;
#3362 = ORIENTED_EDGE ( 'NONE', *, *, #3380, .T. ) ;
#3363 = AXIS2_PLACEMENT_3D ( 'NONE', #3624, #2916, #3214 ) ;
#3364 = ORIENTED_EDGE ( 'NONE', *, *, #4099, .F. ) ;
#3365 = FILL_AREA_STYLE_COLOUR ( '', #738 ) ;
#3366 = EDGE_LOOP ( 'NONE', ( #2414, #1069 ) ) ;
#3367 = MECHANICAL_DESIGN_GEOMETRIC_PRESENTATION_REPRESENTATION (  '', ( #3523 ), #1215 ) ;
#3368 = UNCERTAINTY_MEASURE_WITH_UNIT (LENGTH_MEASURE( 1.000000000000000082E-05 ), #3396, 'distance_accuracy_value', 'NONE');
#3369 = VERTEX_POINT ( 'NONE', #3805 ) ;
#3370 =( GEOMETRIC_REPRESENTATION_CONTEXT ( 3 ) GLOBAL_UNCERTAINTY_ASSIGNED_CONTEXT ( ( #3285 ) ) GLOBAL_UNIT_ASSIGNED_CONTEXT ( ( #2110, #2083, #3258 ) ) REPRESENTATION_CONTEXT ( 'NONE', 'WORKASPACE' ) );
#3371 =( NAMED_UNIT ( * ) PLANE_ANGLE_UNIT ( ) SI_UNIT ( $, .RADIAN. ) );
#3372 = EDGE_LOOP ( 'NONE', ( #4932, #3228 ) ) ;
#3373 = SURFACE_SIDE_STYLE ('',( #1857 ) ) ;
#3374 = EDGE_CURVE ( 'NONE', #4348, #3052, #2282, .T. ) ;
#3375 = VECTOR ( 'NONE', #2076, 1000.000000000000000 ) ;
#3376 = SURFACE_SIDE_STYLE ('',( #4477 ) ) ;
#3377 = DIRECTION ( 'NONE',  ( -1.000000000000000000, 0.000000000000000000, 3.491481338843135327E-15 ) ) ;
#3378 = ORIENTED_EDGE ( 'NONE', *, *, #4387, .T. ) ;
#3379 = CARTESIAN_POINT ( 'NONE',  ( 11.25000000000000000, 11.49572309693832040, -4.799999999999999822 ) ) ;
#3380 = EDGE_CURVE ( 'NONE', #3216, #543, #4246, .T. ) ;
#3381 = EDGE_CURVE ( 'NONE', #1554, #1419, #2858, .T. ) ;
#3382 = DIRECTION ( 'NONE',  ( 3.423796334164751322E-15, 9.130123557772670060E-16, 1.000000000000000000 ) ) ;
#3383 = FACE_BOUND ( 'NONE', #3973, .T. ) ;
#3384 = MECHANICAL_DESIGN_GEOMETRIC_PRESENTATION_REPRESENTATION (  '', ( #1789 ), #2840 ) ;
#3385 = DIRECTION ( 'NONE',  ( -1.000000000000000000, 0.000000000000000000, 3.336006684570740700E-15 ) ) ;
#3386 = LINE ( 'NONE', #4572, #1250 ) ;
#3387 = ORIENTED_EDGE ( 'NONE', *, *, #1418, .F. ) ;
#3388 = EDGE_CURVE ( 'NONE', #3745, #3535, #1997, .T. ) ;
#3389 = AXIS2_PLACEMENT_3D ( 'NONE', #3107, #4202, #2747 ) ;
#3390 = EDGE_LOOP ( 'NONE', ( #3548, #4129, #4085, #1413 ) ) ;
#3391 = CARTESIAN_POINT ( 'NONE',  ( 3.750000000000000000, 12.14999999999999858, -4.799999999999999822 ) ) ;
#3392 = ORIENTED_EDGE ( 'NONE', *, *, #2809, .T. ) ;
#3393 = VERTEX_POINT ( 'NONE', #4196 ) ;
#3394 = CARTESIAN_POINT ( 'NONE',  ( -1.994931997373330052E-14, 13.79999999999999893, -7.666390328872309645 ) ) ;
#3395 =( GEOMETRIC_REPRESENTATION_CONTEXT ( 3 ) GLOBAL_UNCERTAINTY_ASSIGNED_CONTEXT ( ( #3233 ) ) GLOBAL_UNIT_ASSIGNED_CONTEXT ( ( #3171, #2462, #2410 ) ) REPRESENTATION_CONTEXT ( 'NONE', 'WORKASPACE' ) );
#3396 =( LENGTH_UNIT ( ) NAMED_UNIT ( * ) SI_UNIT ( .MILLI., .METRE. ) );
#3397 = COLOUR_RGB ( '',0.8313725490196077761, 0.8392156862745098200, 0.8313725490196077761 ) ;
#3398 = DIRECTION ( 'NONE',  ( 1.000000000000000000, 0.000000000000000000, 0.000000000000000000 ) ) ;
#3399 =( GEOMETRIC_REPRESENTATION_CONTEXT ( 3 ) GLOBAL_UNCERTAINTY_ASSIGNED_CONTEXT ( ( #4662 ) ) GLOBAL_UNIT_ASSIGNED_CONTEXT ( ( #3990, #4644, #1800 ) ) REPRESENTATION_CONTEXT ( 'NONE', 'WORKASPACE' ) );
#3400 = ORIENTED_EDGE ( 'NONE', *, *, #2552, .T. ) ;
#3401 = DIRECTION ( 'NONE',  ( -3.491481338843135327E-15, 0.000000000000000000, -1.000000000000000000 ) ) ;
#3402 = ORIENTED_EDGE ( 'NONE', *, *, #1441, .T. ) ;
#3403 = DIRECTION ( 'NONE',  ( 4.043238169624559932E-15, 1.171453342316279939E-15, 1.000000000000000000 ) ) ;
#3404 = AXIS2_PLACEMENT_3D ( 'NONE', #1508, #3046, #90 ) ;
#3405 = DIRECTION ( 'NONE',  ( 0.000000000000000000, -1.000000000000000000, 0.000000000000000000 ) ) ;
#3406 = DIRECTION ( 'NONE',  ( 1.000000000000000000, 0.000000000000000000, 0.000000000000000000 ) ) ;
#3407 = ORIENTED_EDGE ( 'NONE', *, *, #3027, .T. ) ;
#3408 = CARTESIAN_POINT ( 'NONE',  ( 19.99038461538500044, 1.201923076923079980, -5.500000000000000000 ) ) ;
#3409 = VECTOR ( 'NONE', #4140, 1000.000000000000000 ) ;
#3410 = ORIENTED_EDGE ( 'NONE', *, *, #2593, .F. ) ;
#3411 = CARTESIAN_POINT ( 'NONE',  ( 11.25000000000000711, 12.95000000000000107, -3.049999999999999822 ) ) ;
#3412 = CARTESIAN_POINT ( 'NONE',  ( 26.25000000000000000, 14.09999999999999964, -7.666390328872400239 ) ) ;
#3413 = EDGE_CURVE ( 'NONE', #1750, #2934, #3777, .T. ) ;
#3414 = VECTOR ( 'NONE', #4230, 1000.000000000000000 ) ;
#3415 = CARTESIAN_POINT ( 'NONE',  ( 5.049999999999999822, 2.299999999999999822, -1.500000000000000000 ) ) ;
#3416 = ADVANCED_FACE ( 'NONE', ( #1500 ), #4372, .F. ) ;
#3417 = FACE_OUTER_BOUND ( 'NONE', #2690, .T. ) ;
#3418 = ORIENTED_EDGE ( 'NONE', *, *, #4842, .F. ) ;
#3419 = ORIENTED_EDGE ( 'NONE', *, *, #3058, .F. ) ;
#3420 = DIRECTION ( 'NONE',  ( -0.8660254037844381525, 0.000000000000000000, 0.5000000000000007772 ) ) ;
#3421 = EDGE_LOOP ( 'NONE', ( #3079, #886, #1634 ) ) ;
#3422 = ORIENTED_EDGE ( 'NONE', *, *, #2531, .F. ) ;
#3423 = DIRECTION ( 'NONE',  ( 0.000000000000000000, -1.000000000000000000, 0.000000000000000000 ) ) ;
#3424 = DIRECTION ( 'NONE',  ( 3.440759152716020001E-30, -1.000000000000000000, 9.854725885076841607E-16 ) ) ;
#3425 = UNCERTAINTY_MEASURE_WITH_UNIT (LENGTH_MEASURE( 1.000000000000000082E-05 ), #1047, 'distance_accuracy_value', 'NONE');
#3426 = DIRECTION ( 'NONE',  ( -3.491481338843135327E-15, 0.000000000000000000, -1.000000000000000000 ) ) ;
#3427 = DIRECTION ( 'NONE',  ( 0.000000000000000000, 1.000000000000000000, 0.000000000000000000 ) ) ;
#3428 = FACE_OUTER_BOUND ( 'NONE', #3787, .T. ) ;
#3429 = VECTOR ( 'NONE', #956, 1000.000000000000000 ) ;
#3430 = ORIENTED_EDGE ( 'NONE', *, *, #4706, .T. ) ;
#3431 = CARTESIAN_POINT ( 'NONE',  ( 3.750000000000005773, 12.86156426583980306, -3.039703979383406196 ) ) ;
#3432 = DIRECTION ( 'NONE',  ( -3.187765602329534805E-30, 1.000000000000000000, -9.130123557772670060E-16 ) ) ;
#3433 = ORIENTED_EDGE ( 'NONE', *, *, #2063, .T. ) ;
#3434 = CARTESIAN_POINT ( 'NONE',  ( 22.00999999999999801, -4.392950033686029607E-15, -8.793094010767639190 ) ) ;
#3435 = ORIENTED_EDGE ( 'NONE', *, *, #2545, .F. ) ;
#3436 = FACE_OUTER_BOUND ( 'NONE', #4632, .T. ) ;
#3437 = CARTESIAN_POINT ( 'NONE',  ( 10.24999999999977973, 4.984159143999969288, -4.700000000000000178 ) ) ;
#3438 = ADVANCED_FACE ( 'NONE', ( #2436 ), #1684, .F. ) ;
#3439 = DIRECTION ( 'NONE',  ( -1.000000000000000000, -6.179724557220487267E-32, 3.423796334164750533E-15 ) ) ;
#3440 = ORIENTED_EDGE ( 'NONE', *, *, #188, .T. ) ;
#3441 = ORIENTED_EDGE ( 'NONE', *, *, #2886, .F. ) ;
#3442 = LINE ( 'NONE', #793, #1322 ) ;
#3443 = ORIENTED_EDGE ( 'NONE', *, *, #1301, .T. ) ;
#3444 = ORIENTED_EDGE ( 'NONE', *, *, #3779, .F. ) ;
#3445 = CARTESIAN_POINT ( 'NONE',  ( 26.25000000000000000, 0.000000000000000000, -5.499999999999670486 ) ) ;
#3446 = DIRECTION ( 'NONE',  ( 1.889646980599320192E-14, -1.000000000000000000, -6.045464536109090009E-29 ) ) ;
#3447 =( NAMED_UNIT ( * ) PLANE_ANGLE_UNIT ( ) SI_UNIT ( $, .RADIAN. ) );
#3448 = VECTOR ( 'NONE', #1227, 1000.000000000000114 ) ;
#3449 = LINE ( 'NONE', #1782, #1149 ) ;
#3450 = SURFACE_SIDE_STYLE ('',( #3843 ) ) ;
#3451 = CARTESIAN_POINT ( 'NONE',  ( 22.10000000000000142, 66.32999999999999829, -1.741243556529874947 ) ) ;
#3452 = VECTOR ( 'NONE', #4509, 999.9999999999998863 ) ;
#3453 = SURFACE_STYLE_FILL_AREA ( #2989 ) ;
#3454 = ORIENTED_EDGE ( 'NONE', *, *, #2715, .T. ) ;
#3455 = DIRECTION ( 'NONE',  ( 1.063767053708800029E-15, -1.000000000000000000, 1.898704334069205147E-15 ) ) ;
#3456 = ORIENTED_EDGE ( 'NONE', *, *, #4901, .F. ) ;
#3457 = DIRECTION ( 'NONE',  ( -1.445393392988216415E-14, 0.000000000000000000, 1.000000000000000000 ) ) ;
#3458 = VECTOR ( 'NONE', #359, 1000.000000000000000 ) ;
#3459 = DIRECTION ( 'NONE',  ( -1.000000000000000000, -4.299099270693659241E-32, 3.447839964526935536E-15 ) ) ;
#3460 = SURFACE_SIDE_STYLE ('',( #1504 ) ) ;
#3461 = LINE ( 'NONE', #17, #1883 ) ;
#3462 = DIRECTION ( 'NONE',  ( -3.491481338843135327E-15, 0.000000000000000000, -1.000000000000000000 ) ) ;
#3463 = MECHANICAL_DESIGN_GEOMETRIC_PRESENTATION_REPRESENTATION (  '', ( #2835 ), #4011 ) ;
#3464 = EDGE_LOOP ( 'NONE', ( #70, #3784, #1524, #3059, #3593, #3454, #3290, #238 ) ) ;
#3465 = LINE ( 'NONE', #2400, #641 ) ;
#3466 = PRESENTATION_LAYER_ASSIGNMENT (  '', '', ( #1789 ) ) ;
#3467 = PRESENTATION_STYLE_ASSIGNMENT (( #3078 ) ) ;
#3468 = EDGE_CURVE ( 'NONE', #1377, #1296, #4664, .T. ) ;
#3469 = AXIS2_PLACEMENT_3D ( 'NONE', #454, #3077, #2778 ) ;
#3470 = VECTOR ( 'NONE', #1828, 1000.000000000000000 ) ;
#3471 = DIRECTION ( 'NONE',  ( 3.652049423109068024E-15, 9.130123557772670060E-16, 1.000000000000000000 ) ) ;
#3472 = ORIENTED_EDGE ( 'NONE', *, *, #3984, .F. ) ;
#3473 = DIRECTION ( 'NONE',  ( 3.133217360472912786E-15, 1.044405786824304262E-15, 1.000000000000000000 ) ) ;
#3474 = SURFACE_STYLE_FILL_AREA ( #460 ) ;
#3475 = STYLED_ITEM ( 'NONE', ( #3732 ), #2843 ) ;
#3476 = MECHANICAL_DESIGN_GEOMETRIC_PRESENTATION_REPRESENTATION (  '', ( #4896 ), #3786 ) ;
#3477 = CARTESIAN_POINT ( 'NONE',  ( 20.44866097559295071, 12.90509132938449888, -4.400000000000000355 ) ) ;
#3478 = AXIS2_PLACEMENT_3D ( 'NONE', #3827, #3455, #3102 ) ;
#3479 = COLOUR_RGB ( '',0.8313725490196077761, 0.8392156862745098200, 0.8313725490196077761 ) ;
#3480 = CARTESIAN_POINT ( 'NONE',  ( -2.168404344971009815E-14, 1.464316677895339915E-15, -8.051243556529810164 ) ) ;
#3481 = LINE ( 'NONE', #780, #2030 ) ;
#3482 = STYLED_ITEM ( 'NONE', ( #100 ), #2821 ) ;
#3483 = VERTEX_POINT ( 'NONE', #1279 ) ;
#3484 = CARTESIAN_POINT ( 'NONE',  ( 12.55000000000000071, 2.299999999999999822, -1.300000000000024025 ) ) ;
#3485 = ORIENTED_EDGE ( 'NONE', *, *, #2613, .T. ) ;
#3486 = COLOUR_RGB ( '',0.8313725490196077761, 0.8392156862745098200, 0.8313725490196077761 ) ;
#3487 = FILL_AREA_STYLE_COLOUR ( '', #1053 ) ;
#3488 = CARTESIAN_POINT ( 'NONE',  ( 18.25000000000000000, -2.500000000000000000, -5.500000000000000000 ) ) ;
#3489 = CARTESIAN_POINT ( 'NONE',  ( 22.50000000000000000, -4.392950033686029607E-15, -8.660303448854030250 ) ) ;
#3490 = DIRECTION ( 'NONE',  ( 1.445393392988216415E-14, 3.334909476821829649E-28, -1.000000000000000000 ) ) ;
#3491 = DIRECTION ( 'NONE',  ( 1.445393392988216415E-14, 0.000000000000000000, -1.000000000000000000 ) ) ;
#3492 = CIRCLE ( 'NONE', #4911, 1.760296020616589852 ) ;
#3493 = ORIENTED_EDGE ( 'NONE', *, *, #4263, .F. ) ;
#3494 = MECHANICAL_DESIGN_GEOMETRIC_PRESENTATION_REPRESENTATION (  '', ( #527 ), #1575 ) ;
#3495 = LINE ( 'NONE', #2702, #2776 ) ;
#3496 = AXIS2_PLACEMENT_3D ( 'NONE', #1358, #1718, #2903 ) ;
#3497 = CARTESIAN_POINT ( 'NONE',  ( 5.049999999999999822, 5.299999999999999822, -1.300000000000000044 ) ) ;
#3498 = EDGE_LOOP ( 'NONE', ( #3273, #1122, #4195, #130 ) ) ;
#3499 = CARTESIAN_POINT ( 'NONE',  ( 19.25000000000000000, -2.500000000000000000, -5.500000000000000000 ) ) ;
#3500 = EDGE_CURVE ( 'NONE', #3333, #2631, #3271, .T. ) ;
#3501 = EDGE_CURVE ( 'NONE', #2261, #4206, #2687, .T. ) ;
#3502 = CARTESIAN_POINT ( 'NONE',  ( 13.00000000000000000, 6.700000000000000178, -3.035766082959414308E-14 ) ) ;
#3503 = CARTESIAN_POINT ( 'NONE',  ( 4.250000000000000000, -2.500000000000000000, -4.700000000000000178 ) ) ;
#3504 = DIRECTION ( 'NONE',  ( -3.646523314876840477E-30, 1.000000000000000000, -1.044405786824304065E-15 ) ) ;
#3505 = EDGE_LOOP ( 'NONE', ( #4024, #746, #3726, #3673 ) ) ;
#3506 = PLANE ( 'NONE',  #4830 ) ;
#3507 = AXIS2_PLACEMENT_3D ( 'NONE', #4194, #3432, #2333 ) ;
#3508 = ORIENTED_EDGE ( 'NONE', *, *, #3924, .F. ) ;
#3509 =( LENGTH_UNIT ( ) NAMED_UNIT ( * ) SI_UNIT ( .MILLI., .METRE. ) );
#3510 = CARTESIAN_POINT ( 'NONE',  ( 11.25000000000000711, 14.09999999999999964, -2.824999999999999289 ) ) ;
#3511 = ADVANCED_FACE ( 'NONE', ( #4775 ), #2479, .F. ) ;
#3512 = DIRECTION ( 'NONE',  ( 1.000000000000000000, 0.000000000000000000, 0.000000000000000000 ) ) ;
#3513 = DIRECTION ( 'NONE',  ( 0.000000000000000000, -1.000000000000000000, 0.000000000000000000 ) ) ;
#3514 = VERTEX_POINT ( 'NONE', #588 ) ;
#3515 = DIRECTION ( 'NONE',  ( 3.491481338843135327E-15, 0.000000000000000000, 1.000000000000000000 ) ) ;
#3516 = FACE_OUTER_BOUND ( 'NONE', #601, .T. ) ;
#3517 = LINE ( 'NONE', #81, #3723 ) ;
#3518 = UNCERTAINTY_MEASURE_WITH_UNIT (LENGTH_MEASURE( 1.000000000000000082E-05 ), #3034, 'distance_accuracy_value', 'NONE');
#3519 = VERTEX_POINT ( 'NONE', #1758 ) ;
#3520 =( NAMED_UNIT ( * ) PLANE_ANGLE_UNIT ( ) SI_UNIT ( $, .RADIAN. ) );
#3521 = AXIS2_PLACEMENT_3D ( 'NONE', #4912, #2232, #3427 ) ;
#3522 = DIRECTION ( 'NONE',  ( -0.000000000000000000, 1.000000000000000000, 0.000000000000000000 ) ) ;
#3523 = STYLED_ITEM ( 'NONE', ( #141 ), #281 ) ;
#3524 = ORIENTED_EDGE ( 'NONE', *, *, #4135, .T. ) ;
#3525 = CARTESIAN_POINT ( 'NONE',  ( 18.75000000000000000, 14.09999999999999964, -4.799999999999999822 ) ) ;
#3526 = ORIENTED_EDGE ( 'NONE', *, *, #2386, .F. ) ;
#3527 = SURFACE_STYLE_USAGE ( .BOTH. , #4675 ) ;
#3528 = EDGE_CURVE ( 'NONE', #3906, #4933, #2213, .T. ) ;
#3529 = EDGE_LOOP ( 'NONE', ( #4892, #3301, #3418, #1835, #3569, #1423, #1551, #4695, #2020, #878, #3651, #2842, #4452, #2667, #294, #3281, #2233 ) ) ;
#3530 = COLOUR_RGB ( '',0.8313725490196077761, 0.8392156862745098200, 0.8313725490196077761 ) ;
#3531 = FACE_OUTER_BOUND ( 'NONE', #3194, .T. ) ;
#3532 = CARTESIAN_POINT ( 'NONE',  ( 3.750000000000000000, 14.09999999999999964, -4.799999999999999822 ) ) ;
#3533 = CARTESIAN_POINT ( 'NONE',  ( 4.250000000000000000, -5.550000000781570186, -5.500000000000000000 ) ) ;
#3534 = MECHANICAL_DESIGN_GEOMETRIC_PRESENTATION_REPRESENTATION (  '', ( #87 ), #247 ) ;
#3535 = VERTEX_POINT ( 'NONE', #2534 ) ;
#3536 = SURFACE_STYLE_USAGE ( .BOTH. , #2449 ) ;
#3537 = FACE_OUTER_BOUND ( 'NONE', #2878, .T. ) ;
#3538 = SURFACE_SIDE_STYLE ('',( #533 ) ) ;
#3539 = AXIS2_PLACEMENT_3D ( 'NONE', #3037, #3403, #3874 ) ;
#3540 = VERTEX_POINT ( 'NONE', #624 ) ;
#3541 = SURFACE_STYLE_FILL_AREA ( #438 ) ;
#3542 = FILL_AREA_STYLE_COLOUR ( '', #31 ) ;
#3543 = CARTESIAN_POINT ( 'NONE',  ( 20.04999999999999716, 2.299999999999999822, -1.300000000000050004 ) ) ;
#3544 =( GEOMETRIC_REPRESENTATION_CONTEXT ( 3 ) GLOBAL_UNCERTAINTY_ASSIGNED_CONTEXT ( ( #3573 ) ) GLOBAL_UNIT_ASSIGNED_CONTEXT ( ( #1430, #4483, #2180 ) ) REPRESENTATION_CONTEXT ( 'NONE', 'WORKASPACE' ) );
#3545 = VECTOR ( 'NONE', #150, 1000.000000000000000 ) ;
#3546 = CARTESIAN_POINT ( 'NONE',  ( 3.750000000000000000, 11.67312853167969955, -4.799999999999999822 ) ) ;
#3547 = CIRCLE ( 'NONE', #2683, 1.975000000000000089 ) ;
#3548 = ORIENTED_EDGE ( 'NONE', *, *, #3126, .F. ) ;
#3549 = CARTESIAN_POINT ( 'NONE',  ( 18.75000000000000000, 12.14999999999999858, -4.799999999999999822 ) ) ;
#3550 = VERTEX_POINT ( 'NONE', #1807 ) ;
#3551 = FILL_AREA_STYLE_COLOUR ( '', #717 ) ;
#3552 = VERTEX_POINT ( 'NONE', #1016 ) ;
#3553 = EDGE_CURVE ( 'NONE', #481, #3032, #1400, .T. ) ;
#3554 = AXIS2_PLACEMENT_3D ( 'NONE', #4931, #373, #1511 ) ;
#3555 = CARTESIAN_POINT ( 'NONE',  ( 2.040683776602470356, 12.88483279048260677, -5.200014239502288582 ) ) ;
#3556 = CARTESIAN_POINT ( 'NONE',  ( 22.00999999999999801, 6.700000000000000178, -8.793094010767639190 ) ) ;
#3557 = FACE_BOUND ( 'NONE', #1604, .T. ) ;
#3558 = ADVANCED_FACE ( 'NONE', ( #4050 ), #2575, .T. ) ;
#3559 = DIRECTION ( 'NONE',  ( 0.000000000000000000, -1.000000000000000000, 0.000000000000000000 ) ) ;
#3560 = ORIENTED_EDGE ( 'NONE', *, *, #2621, .T. ) ;
#3561 = CARTESIAN_POINT ( 'NONE',  ( 11.25000000000000000, 14.09999999999999964, -4.799999999999999822 ) ) ;
#3562 = CARTESIAN_POINT ( 'NONE',  ( 3.750000000000000000, 12.14999999999999858, -4.799999999999999822 ) ) ;
#3563 = EDGE_CURVE ( 'NONE', #539, #2404, #3017, .T. ) ;
#3564 = VECTOR ( 'NONE', #2160, 1000.000000000000000 ) ;
#3565 = EDGE_CURVE ( 'NONE', #4960, #3075, #2502, .T. ) ;
#3566 = SURFACE_SIDE_STYLE ('',( #4611 ) ) ;
#3567 = CARTESIAN_POINT ( 'NONE',  ( 18.74999999999999289, 14.09999999999999964, -6.774999999999999467 ) ) ;
#3568 =( GEOMETRIC_REPRESENTATION_CONTEXT ( 3 ) GLOBAL_UNCERTAINTY_ASSIGNED_CONTEXT ( ( #1315 ) ) GLOBAL_UNIT_ASSIGNED_CONTEXT ( ( #2253, #1833, #1759 ) ) REPRESENTATION_CONTEXT ( 'NONE', 'WORKASPACE' ) );
#3569 = ORIENTED_EDGE ( 'NONE', *, *, #1441, .F. ) ;
#3570 = CARTESIAN_POINT ( 'NONE',  ( 11.25000000000000533, 12.85000000000000142, -3.139033067547879696 ) ) ;
#3571 = EDGE_CURVE ( 'NONE', #4704, #3514, #3096, .T. ) ;
#3572 = CIRCLE ( 'NONE', #4919, 0.2000000000000000944 ) ;
#3573 = UNCERTAINTY_MEASURE_WITH_UNIT (LENGTH_MEASURE( 1.000000000000000082E-05 ), #1430, 'distance_accuracy_value', 'NONE');
#3574 = LINE ( 'NONE', #3895, #3237 ) ;
#3575 = SURFACE_STYLE_USAGE ( .BOTH. , #2837 ) ;
#3576 = EDGE_LOOP ( 'NONE', ( #3036, #1905, #3524, #2301 ) ) ;
#3577 = VERTEX_POINT ( 'NONE', #4139 ) ;
#3578 = DIRECTION ( 'NONE',  ( 3.654630407103378399E-15, 9.136576017758445997E-16, 1.000000000000000000 ) ) ;
#3579 =( NAMED_UNIT ( * ) SI_UNIT ( $, .STERADIAN. ) SOLID_ANGLE_UNIT ( ) );
#3580 = VERTEX_POINT ( 'NONE', #4241 ) ;
#3581 = DIRECTION ( 'NONE',  ( 0.000000000000000000, -1.000000000000000000, 0.000000000000000000 ) ) ;
#3582 = VERTEX_POINT ( 'NONE', #3871 ) ;
#3583 = DIRECTION ( 'NONE',  ( 1.000000000000000000, 0.000000000000000000, -3.491481338843135327E-15 ) ) ;
#3584 = CARTESIAN_POINT ( 'NONE',  ( 5.500000000000000000, 0.000000000000000000, 8.673617379884030542E-16 ) ) ;
#3585 =( NAMED_UNIT ( * ) SI_UNIT ( $, .STERADIAN. ) SOLID_ANGLE_UNIT ( ) );
#3586 = CARTESIAN_POINT ( 'NONE',  ( 12.55000000000000071, 5.299999999999999822, -1.300000000000024025 ) ) ;
#3587 = PLANE ( 'NONE',  #1962 ) ;
#3588 = EDGE_CURVE ( 'NONE', #2200, #376, #2330, .T. ) ;
#3589 = SURFACE_STYLE_USAGE ( .BOTH. , #1312 ) ;
#3590 = EDGE_CURVE ( 'NONE', #2046, #2027, #804, .T. ) ;
#3591 = CARTESIAN_POINT ( 'NONE',  ( 11.25000000000000533, 11.65000000000000213, -3.099999999999999645 ) ) ;
#3592 = CARTESIAN_POINT ( 'NONE',  ( 11.25000000000000000, 12.94999999999999929, -4.799999999999999822 ) ) ;
#3593 = ORIENTED_EDGE ( 'NONE', *, *, #3840, .T. ) ;
#3594 = DIRECTION ( 'NONE',  ( 0.000000000000000000, 0.000000000000000000, 1.000000000000000000 ) ) ;
#3595 = ADVANCED_FACE ( 'NONE', ( #2652 ), #325, .F. ) ;
#3596 = EDGE_CURVE ( 'NONE', #4411, #2103, #2308, .T. ) ;
#3597 = PRESENTATION_STYLE_ASSIGNMENT (( #3162 ) ) ;
#3598 = FILL_AREA_STYLE_COLOUR ( '', #3397 ) ;
#3599 = EDGE_CURVE ( 'NONE', #710, #1277, #1562, .T. ) ;
#3600 = DIRECTION ( 'NONE',  ( 0.8660254037844381525, 0.000000000000000000, -0.5000000000000007772 ) ) ;
#3601 = CARTESIAN_POINT ( 'NONE',  ( -0.4050000000000209543, 6.700000000000000178, -7.817416697508010159 ) ) ;
#3602 = VERTEX_POINT ( 'NONE', #751 ) ;
#3603 = EDGE_LOOP ( 'NONE', ( #2435, #2805 ) ) ;
#3604 = EDGE_CURVE ( 'NONE', #2191, #3033, #4350, .T. ) ;
#3605 = VECTOR ( 'NONE', #2894, 1000.000000000000000 ) ;
#3606 = VERTEX_POINT ( 'NONE', #4591 ) ;
#3607 = EDGE_LOOP ( 'NONE', ( #1875, #3236, #3155, #3014 ) ) ;
#3608 = DIRECTION ( 'NONE',  ( -3.491481338843135327E-15, 0.000000000000000000, -1.000000000000000000 ) ) ;
#3609 = CARTESIAN_POINT ( 'NONE',  ( 9.540683776602469024, 12.88483279048260499, -5.200014239502287694 ) ) ;
#3610 = AXIS2_PLACEMENT_3D ( 'NONE', #1527, #2316, #2373 ) ;
#3611 = ADVANCED_FACE ( 'NONE', ( #1200 ), #355, .T. ) ;
#3612 = CARTESIAN_POINT ( 'NONE',  ( 2.602085213965209853E-15, 7.123554043444119799, -0.7563203349908199646 ) ) ;
#3613 = B_SPLINE_CURVE_WITH_KNOTS ( 'NONE', 3,
 ( #1041, #1839, #4804, #4092, #1744, #1407, #4421, #2176, #2951, #653 ),
 .UNSPECIFIED., .F., .F.,
 ( 4, 2, 2, 2, 4 ),
 ( 0.000000000000000000, 0.2499999999999927280, 0.3749999999999891198, 0.4999999999999854561, 1.000000000000000000 ),
 .UNSPECIFIED. ) ;
#3614 = DIRECTION ( 'NONE',  ( -0.3271105638831630635, 0.000000000000000000, 0.9449860734402592000 ) ) ;
#3615 = SURFACE_STYLE_USAGE ( .BOTH. , #3322 ) ;
#3616 = ORIENTED_EDGE ( 'NONE', *, *, #1736, .T. ) ;
#3617 = CARTESIAN_POINT ( 'NONE',  ( 17.03575320324100062, 12.86156426584000023, -5.200000000000000178 ) ) ;
#3618 = CIRCLE ( 'NONE', #2833, 1.843139007342379898 ) ;
#3619 = LINE ( 'NONE', #637, #2859 ) ;
#3620 = AXIS2_PLACEMENT_3D ( 'NONE', #2563, #1411, #631 ) ;
#3621 = CARTESIAN_POINT ( 'NONE',  ( 22.50000000000000000, 66.32999999999999829, -0.8896965511460830367 ) ) ;
#3622 = UNCERTAINTY_MEASURE_WITH_UNIT (LENGTH_MEASURE( 1.000000000000000082E-05 ), #4823, 'distance_accuracy_value', 'NONE');
#3623 = CARTESIAN_POINT ( 'NONE',  ( 1.982239702486105148, 12.41362307109989871, -4.400000000000000355 ) ) ;
#3624 = CARTESIAN_POINT ( 'NONE',  ( 11.25000000000000000, 11.65000000000000036, -4.799999999999999822 ) ) ;
#3625 = ORIENTED_EDGE ( 'NONE', *, *, #4888, .F. ) ;
#3626 = EDGE_CURVE ( 'NONE', #1439, #1697, #4614, .T. ) ;
#3627 = VERTEX_POINT ( 'NONE', #3502 ) ;
#3628 = DIRECTION ( 'NONE',  ( -1.000000000000000000, 0.000000000000000000, 3.491481338843135327E-15 ) ) ;
#3629 = VECTOR ( 'NONE', #605, 1000.000000000000000 ) ;
#3630 = ORIENTED_EDGE ( 'NONE', *, *, #2553, .T. ) ;
#3631 =( LENGTH_UNIT ( ) NAMED_UNIT ( * ) SI_UNIT ( .MILLI., .METRE. ) );
#3632 = PLANE ( 'NONE',  #880 ) ;
#3633 = DIRECTION ( 'NONE',  ( 1.000000000000000000, 0.000000000000000000, -3.491481338843135327E-15 ) ) ;
#3634 = CIRCLE ( 'NONE', #1971, 0.1300000000000000044 ) ;
#3635 = VECTOR ( 'NONE', #955, 1000.000000000000000 ) ;
#3636 = CARTESIAN_POINT ( 'NONE',  ( 12.96424679675910063, 12.86156426583980128, -4.400000000000000355 ) ) ;
#3637 = CARTESIAN_POINT ( 'NONE',  ( 9.500000000000000000, 6.700000000000000178, -1.778091562876225063E-14 ) ) ;
#3638 = AXIS2_PLACEMENT_3D ( 'NONE', #1672, #906, #2730 ) ;
#3639 = CARTESIAN_POINT ( 'NONE',  ( 18.75000000000000711, 14.09999999999999964, -2.824999999999999289 ) ) ;
#3640 = APPLICATION_CONTEXT ( 'automotive_design' ) ;
#3641 = DIRECTION ( 'NONE',  ( -1.889646980599320192E-14, 1.000000000000000000, 0.000000000000000000 ) ) ;
#3642 = CIRCLE ( 'NONE', #4270, 0.2999999999999999334 ) ;
#3643 = DIRECTION ( 'NONE',  ( -3.439448255846680688E-30, 1.000000000000000000, -9.850971327219820043E-16 ) ) ;
#3644 = VERTEX_POINT ( 'NONE', #1114 ) ;
#3645 = CARTESIAN_POINT ( 'NONE',  ( 5.454404651591350905, 12.89543644674719935, -4.400000000000000355 ) ) ;
#3646 = CARTESIAN_POINT ( 'NONE',  ( 20.54921132732845024, 12.14999999999999858, -5.200000000000000178 ) ) ;
#3647 = AXIS2_PLACEMENT_3D ( 'NONE', #1128, #2296, #2615 ) ;
#3648 = FILL_AREA_STYLE_COLOUR ( '', #1652 ) ;
#3649 = CARTESIAN_POINT ( 'NONE',  ( 5.049999999999999822, 1.800000000000000044, 2.168404344971010051E-15 ) ) ;
#3650 = STYLED_ITEM ( 'NONE', ( #1376 ), #4267 ) ;
#3651 = ORIENTED_EDGE ( 'NONE', *, *, #3721, .F. ) ;
#3652 = ADVANCED_FACE ( 'NONE', ( #3428 ), #3893, .T. ) ;
#3653 = ORIENTED_EDGE ( 'NONE', *, *, #960, .T. ) ;
#3654 = EDGE_CURVE ( 'NONE', #1349, #767, #4294, .T. ) ;
#3655 = MECHANICAL_DESIGN_GEOMETRIC_PRESENTATION_REPRESENTATION (  '', ( #4432 ), #4365 ) ;
#3656 = SURFACE_STYLE_FILL_AREA ( #521 ) ;
#3657 = ORIENTED_EDGE ( 'NONE', *, *, #3706, .F. ) ;
#3658 = SURFACE_STYLE_USAGE ( .BOTH. , #4453 ) ;
#3659 = LINE ( 'NONE', #4454, #2828 ) ;
#3660 = CARTESIAN_POINT ( 'NONE',  ( 9.637917139009488210, 12.94999999999999929, -5.200000000000000178 ) ) ;
#3661 = CARTESIAN_POINT ( 'NONE',  ( 12.89557420835814128, 12.94521071640309984, -4.400000000000000355 ) ) ;
#3662 = SURFACE_STYLE_USAGE ( .BOTH. , #3316 ) ;
#3663 = ADVANCED_FACE ( 'NONE', ( #1656 ), #3164, .T. ) ;
#3664 = SURFACE_STYLE_USAGE ( .BOTH. , #4833 ) ;
#3665 = SURFACE_STYLE_USAGE ( .BOTH. , #2905 ) ;
#3666 = SURFACE_SIDE_STYLE ('',( #207 ) ) ;
#3667 =( GEOMETRIC_REPRESENTATION_CONTEXT ( 3 ) GLOBAL_UNCERTAINTY_ASSIGNED_CONTEXT ( ( #1619 ) ) GLOBAL_UNIT_ASSIGNED_CONTEXT ( ( #4831, #4001, #3314 ) ) REPRESENTATION_CONTEXT ( 'NONE', 'WORKASPACE' ) );
#3668 = ORIENTED_EDGE ( 'NONE', *, *, #2318, .T. ) ;
#3669 = CARTESIAN_POINT ( 'NONE',  ( 5.395574208358140389, 12.94521071640309984, -4.400000000000000355 ) ) ;
#3670 = DIRECTION ( 'NONE',  ( 0.000000000000000000, -1.000000000000000000, 0.000000000000000000 ) ) ;
#3671 = UNCERTAINTY_MEASURE_WITH_UNIT (LENGTH_MEASURE( 1.000000000000000082E-05 ), #3213, 'distance_accuracy_value', 'NONE');
#3672 = LINE ( 'NONE', #4385, #3470 ) ;
#3673 = ORIENTED_EDGE ( 'NONE', *, *, #4094, .T. ) ;
#3674 = VERTEX_POINT ( 'NONE', #536 ) ;
#3675 = DIRECTION ( 'NONE',  ( -4.090107484022710339E-30, 1.000000000000000000, -1.171453342316279939E-15 ) ) ;
#3676 = FILL_AREA_STYLE_COLOUR ( '', #44 ) ;
#3677 = ORIENTED_EDGE ( 'NONE', *, *, #4135, .F. ) ;
#3678 =( LENGTH_UNIT ( ) NAMED_UNIT ( * ) SI_UNIT ( .MILLI., .METRE. ) );
#3679 = CARTESIAN_POINT ( 'NONE',  ( 17.04928997035100124, 12.90113813255465480, -5.200014613598403557 ) ) ;
#3680 = CARTESIAN_POINT ( 'NONE',  ( 12.86957650809156029, 12.94999999999999929, -4.400000000000000355 ) ) ;
#3681 =( NAMED_UNIT ( * ) SI_UNIT ( $, .STERADIAN. ) SOLID_ANGLE_UNIT ( ) );
#3682 = ADVANCED_FACE ( 'NONE', ( #463 ), #2093, .F. ) ;
#3683 = CIRCLE ( 'NONE', #2417, 1.760296020616589852 ) ;
#3684 = EDGE_CURVE ( 'NONE', #3944, #4613, #280, .T. ) ;
#3685 = EDGE_CURVE ( 'NONE', #4411, #1860, #1774, .T. ) ;
#3686 =( LENGTH_UNIT ( ) NAMED_UNIT ( * ) SI_UNIT ( .MILLI., .METRE. ) );
#3687 = VERTEX_POINT ( 'NONE', #4769 ) ;
#3688 = EDGE_CURVE ( 'NONE', #559, #3393, #4081, .T. ) ;
#3689 = DIRECTION ( 'NONE',  ( -1.000000000000000000, 0.000000000000000000, 3.491481338843135327E-15 ) ) ;
#3690 = PRESENTATION_LAYER_ASSIGNMENT (  '', '', ( #2664 ) ) ;
#3691 = ORIENTED_EDGE ( 'NONE', *, *, #2888, .T. ) ;
#3692 = PRESENTATION_STYLE_ASSIGNMENT (( #4414 ) ) ;
#3693 =( NAMED_UNIT ( * ) PLANE_ANGLE_UNIT ( ) SI_UNIT ( $, .RADIAN. ) );
#3694 = ORIENTED_EDGE ( 'NONE', *, *, #856, .T. ) ;
#3695 = CARTESIAN_POINT ( 'NONE',  ( 11.75000000000000000, -5.550000000781570186, -4.700000000000000178 ) ) ;
#3696 = EDGE_CURVE ( 'NONE', #2046, #1669, #2892, .T. ) ;
#3697 = VECTOR ( 'NONE', #2474, 1000.000000000000000 ) ;
#3698 = CARTESIAN_POINT ( 'NONE',  ( -0.6000000000000249578, 6.700000000000000178, -8.769999999999999574 ) ) ;
#3699 = LINE ( 'NONE', #264, #2595 ) ;
#3700 = CARTESIAN_POINT ( 'NONE',  ( 12.93444716692861896, 12.92194178141540029, -4.400000000000000355 ) ) ;
#3701 = VECTOR ( 'NONE', #2958, 1000.000000000000000 ) ;
#3702 = DIRECTION ( 'NONE',  ( 1.000000000000000000, 1.736090114806663165E-31, -3.301331654250015385E-15 ) ) ;
#3703 = AXIS2_PLACEMENT_3D ( 'NONE', #4854, #4440, #2239 ) ;
#3704 = VECTOR ( 'NONE', #472, 1000.000000000000000 ) ;
#3705 = DIRECTION ( 'NONE',  ( -3.439448255846680688E-30, 1.000000000000000000, -9.850971327219820043E-16 ) ) ;
#3706 = EDGE_CURVE ( 'NONE', #469, #4731, #1981, .T. ) ;
#3707 = VECTOR ( 'NONE', #1675, 1000.000000000000114 ) ;
#3708 = VECTOR ( 'NONE', #3423, 1000.000000000000000 ) ;
#3709 = DIRECTION ( 'NONE',  ( -1.000000000000000000, 0.000000000000000000, 0.000000000000000000 ) ) ;
#3710 = EDGE_CURVE ( 'NONE', #648, #3734, #439, .T. ) ;
#3711 = ORIENTED_EDGE ( 'NONE', *, *, #3099, .T. ) ;
#3712 = DIRECTION ( 'NONE',  ( 1.000000000000000000, 1.046529662682310024E-15, 0.000000000000000000 ) ) ;
#3713 = ADVANCED_FACE ( 'NONE', ( #965 ), #2206, .T. ) ;
#3714 = EDGE_CURVE ( 'NONE', #3866, #3971, #2522, .T. ) ;
#3715 = VECTOR ( 'NONE', #1935, 1000.000000000000000 ) ;
#3716 = AXIS2_PLACEMENT_3D ( 'NONE', #3561, #2056, #1692 ) ;
#3717 = CARTESIAN_POINT ( 'NONE',  ( -3.035766082959414308E-14, 0.000000000000000000, -10.20000000000000107 ) ) ;
#3718 = CARTESIAN_POINT ( 'NONE',  ( 22.50000000000000000, 8.000000000000000000, -0.9000000000000579758 ) ) ;
#3719 = UNCERTAINTY_MEASURE_WITH_UNIT (LENGTH_MEASURE( 1.000000000000000082E-05 ), #2606, 'distance_accuracy_value', 'NONE');
#3720 = LINE ( 'NONE', #966, #643 ) ;
#3721 = EDGE_CURVE ( 'NONE', #626, #3369, #4065, .T. ) ;
#3722 = SURFACE_STYLE_USAGE ( .BOTH. , #2209 ) ;
#3723 = VECTOR ( 'NONE', #2783, 1000.000000000000000 ) ;
#3724 = ORIENTED_EDGE ( 'NONE', *, *, #3413, .T. ) ;
#3725 =( LENGTH_UNIT ( ) NAMED_UNIT ( * ) SI_UNIT ( .MILLI., .METRE. ) );
#3726 = ORIENTED_EDGE ( 'NONE', *, *, #477, .T. ) ;
#3727 = STYLED_ITEM ( 'NONE', ( #3196 ), #4190 ) ;
#3728 = CARTESIAN_POINT ( 'NONE',  ( 2.084530579202378497, 12.93756816607936777, -5.200002378465127251 ) ) ;
#3729 = CARTESIAN_POINT ( 'NONE',  ( 17.05270296766383353, 12.90637586781572033, -5.200011966170221989 ) ) ;
#3730 = LINE ( 'NONE', #2561, #1192 ) ;
#3731 = VECTOR ( 'NONE', #202, 1000.000000000000000 ) ;
#3732 = PRESENTATION_STYLE_ASSIGNMENT (( #1865 ) ) ;
#3733 = DIRECTION ( 'NONE',  ( -1.000000000000000000, 0.000000000000000000, 0.000000000000000000 ) ) ;
#3734 = VERTEX_POINT ( 'NONE', #1055 ) ;
#3735 = ADVANCED_FACE ( 'NONE', ( #2596 ), #1895, .T. ) ;
#3736 = VERTEX_POINT ( 'NONE', #4109 ) ;
#3737 = DIRECTION ( 'NONE',  ( 1.000000000000000000, 1.736090114806663165E-31, -3.301331654250015385E-15 ) ) ;
#3738 = ORIENTED_EDGE ( 'NONE', *, *, #1589, .F. ) ;
#3739 = SURFACE_SIDE_STYLE ('',( #4108 ) ) ;
#3740 = MECHANICAL_DESIGN_GEOMETRIC_PRESENTATION_REPRESENTATION (  '', ( #4061 ), #4133 ) ;
#3741 = PRODUCT_DEFINITION_SHAPE ( 'NONE', 'NONE',  #2477 ) ;
#3742 = LINE ( 'NONE', #2526, #1237 ) ;
#3743 = CARTESIAN_POINT ( 'NONE',  ( 10.75000000000000000, -2.500000000000000000, -10.69999999999999929 ) ) ;
#3744 = ORIENTED_EDGE ( 'NONE', *, *, #3915, .F. ) ;
#3745 = VERTEX_POINT ( 'NONE', #319 ) ;
#3746 = PLANE ( 'NONE',  #251 ) ;
#3747 = DIRECTION ( 'NONE',  ( -3.965082230804130614E-15, -9.912705577010326536E-16, -1.000000000000000000 ) ) ;
#3748 = FACE_OUTER_BOUND ( 'NONE', #711, .T. ) ;
#3749 = EDGE_LOOP ( 'NONE', ( #42, #1165, #4601, #3149 ) ) ;
#3750 = FILL_AREA_STYLE_COLOUR ( '', #1663 ) ;
#3751 = PLANE ( 'NONE',  #4813 ) ;
#3752 = LINE ( 'NONE', #2725, #3414 ) ;
#3753 = DIRECTION ( 'NONE',  ( 0.5000000000000008882, 0.000000000000000000, 0.8660254037844382635 ) ) ;
#3754 = ORIENTED_EDGE ( 'NONE', *, *, #2942, .T. ) ;
#3755 = AXIS2_PLACEMENT_3D ( 'NONE', #4645, #3144, #7 ) ;
#3756 = ORIENTED_EDGE ( 'NONE', *, *, #4289, .F. ) ;
#3757 = CARTESIAN_POINT ( 'NONE',  ( 4.230769230769219291, -2.596153846153840039, -4.700000000000000178 ) ) ;
#3758 = ORIENTED_EDGE ( 'NONE', *, *, #4781, .F. ) ;
#3759 = VERTEX_POINT ( 'NONE', #4525 ) ;
#3760 = LINE ( 'NONE', #80, #2055 ) ;
#3761 = PRESENTATION_STYLE_ASSIGNMENT (( #1196 ) ) ;
#3762 = UNCERTAINTY_MEASURE_WITH_UNIT (LENGTH_MEASURE( 1.000000000000000082E-05 ), #2423, 'distance_accuracy_value', 'NONE');
#3763 = EDGE_CURVE ( 'NONE', #1632, #3336, #4235, .T. ) ;
#3764 = DIRECTION ( 'NONE',  ( -8.555582963245562832E-16, -0.9695125564162683229, -0.2450416351381780877 ) ) ;
#3765 = VECTOR ( 'NONE', #2284, 1000.000000000000000 ) ;
#3766 = ORIENTED_EDGE ( 'NONE', *, *, #2686, .T. ) ;
#3767 = EDGE_CURVE ( 'NONE', #300, #1161, #834, .T. ) ;
#3768 = EDGE_LOOP ( 'NONE', ( #4690, #3197, #1954, #3362 ) ) ;
#3769 =( NAMED_UNIT ( * ) SI_UNIT ( $, .STERADIAN. ) SOLID_ANGLE_UNIT ( ) );
#3770 = FILL_AREA_STYLE_COLOUR ( '', #1252 ) ;
#3771 = VERTEX_POINT ( 'NONE', #4964 ) ;
#3772 = CARTESIAN_POINT ( 'NONE',  ( 16.95078867267150002, 12.14999999999999858, -4.400000000000000355 ) ) ;
#3773 = MECHANICAL_DESIGN_GEOMETRIC_PRESENTATION_REPRESENTATION (  '', ( #3157 ), #178 ) ;
#3774 = FACE_OUTER_BOUND ( 'NONE', #4773, .T. ) ;
#3775 = APPLICATION_PROTOCOL_DEFINITION ( 'draft international standard', 'automotive_design', 1998, #3640 ) ;
#3776 = VERTEX_POINT ( 'NONE', #4612 ) ;
#3777 = LINE ( 'NONE', #3408, #1318 ) ;
#3778 = ORIENTED_EDGE ( 'NONE', *, *, #1443, .T. ) ;
#3779 = EDGE_CURVE ( 'NONE', #1697, #3483, #1930, .T. ) ;
#3780 = CARTESIAN_POINT ( 'NONE',  ( 11.25000000000000000, 11.67312853167969955, -4.799999999999999822 ) ) ;
#3781 = MECHANICAL_DESIGN_GEOMETRIC_PRESENTATION_REPRESENTATION (  '', ( #1548 ), #3939 ) ;
#3782 = CARTESIAN_POINT ( 'NONE',  ( 5.464246796759040237, 12.86156426583980128, -5.200000000000000178 ) ) ;
#3783 = CARTESIAN_POINT ( 'NONE',  ( 22.00999999999999801, -4.392950033686029607E-15, -8.793094010767639190 ) ) ;
#3784 = ORIENTED_EDGE ( 'NONE', *, *, #1042, .T. ) ;
#3785 = AXIS2_PLACEMENT_3D ( 'NONE', #3161, #4641, #2757 ) ;
#3786 =( GEOMETRIC_REPRESENTATION_CONTEXT ( 3 ) GLOBAL_UNCERTAINTY_ASSIGNED_CONTEXT ( ( #2938 ) ) GLOBAL_UNIT_ASSIGNED_CONTEXT ( ( #3117, #4119, #4054 ) ) REPRESENTATION_CONTEXT ( 'NONE', 'WORKASPACE' ) );
#3787 = EDGE_LOOP ( 'NONE', ( #743, #926, #3270, #1270 ) ) ;
#3788 = DIRECTION ( 'NONE',  ( 0.1961161351381830731, 0.9805806756909203337, -6.847358260810042233E-16 ) ) ;
#3789 = VERTEX_POINT ( 'NONE', #2248 ) ;
#3790 = ORIENTED_EDGE ( 'NONE', *, *, #1605, .F. ) ;
#3791 = CARTESIAN_POINT ( 'NONE',  ( 10.74999999999985967, 0.000000000000000000, -4.700000000000000178 ) ) ;
#3792 = COLOUR_RGB ( '',0.8313725490196077761, 0.8392156862745098200, 0.8313725490196077761 ) ;
#3793 = VECTOR ( 'NONE', #3182, 1000.000000000000000 ) ;
#3794 = DIRECTION ( 'NONE',  ( 1.000000000000000000, 0.000000000000000000, -3.336006684570740700E-15 ) ) ;
#3795 = VECTOR ( 'NONE', #511, 1000.000000000000000 ) ;
#3796 = VECTOR ( 'NONE', #1359, 1000.000000000000000 ) ;
#3797 = ORIENTED_EDGE ( 'NONE', *, *, #3468, .F. ) ;
#3798 = PRESENTATION_LAYER_ASSIGNMENT (  '', '', ( #2775 ) ) ;
#3799 = DIRECTION ( 'NONE',  ( -1.889646980599320192E-14, 1.000000000000000000, 0.000000000000000000 ) ) ;
#3800 = ORIENTED_EDGE ( 'NONE', *, *, #2044, .T. ) ;
#3801 = CARTESIAN_POINT ( 'NONE',  ( 22.00999999999999801, -4.392950033686029607E-15, -1.643094010767635060 ) ) ;
#3802 = AXIS2_PLACEMENT_3D ( 'NONE', #3525, #1049, #657 ) ;
#3803 = CARTESIAN_POINT ( 'NONE',  ( 1.950788672671505131, 12.14999999999999858, -5.200000000000000178 ) ) ;
#3804 = ORIENTED_EDGE ( 'NONE', *, *, #2970, .F. ) ;
#3805 = CARTESIAN_POINT ( 'NONE',  ( 22.50000000000000000, 13.84853250811990044, -1.858775821003330053 ) ) ;
#3806 = ORIENTED_EDGE ( 'NONE', *, *, #2841, .T. ) ;
#3807 = CARTESIAN_POINT ( 'NONE',  ( 18.25000000000000000, 0.000000000000000000, -10.20000000000000107 ) ) ;
#3808 = DIRECTION ( 'NONE',  ( 1.445393392988216415E-14, 0.000000000000000000, -1.000000000000000000 ) ) ;
#3809 = PRESENTATION_STYLE_ASSIGNMENT (( #3106 ) ) ;
#3810 = CARTESIAN_POINT ( 'NONE',  ( 5.549211327328459120, 12.14999999999999858, -5.200000000000000178 ) ) ;
#3811 = ADVANCED_FACE ( 'NONE', ( #1536 ), #716, .F. ) ;
#3812 = DIRECTION ( 'NONE',  ( 0.000000000000000000, 1.000000000000000000, 0.000000000000000000 ) ) ;
#3813 = VERTEX_POINT ( 'NONE', #1459 ) ;
#3814 = ORIENTED_EDGE ( 'NONE', *, *, #3599, .T. ) ;
#3815 = LINE ( 'NONE', #1193, #1477 ) ;
#3816 = EDGE_LOOP ( 'NONE', ( #3364, #4941, #1512, #3435 ) ) ;
#3817 = FILL_AREA_STYLE_COLOUR ( '', #4401 ) ;
#3818 = EDGE_LOOP ( 'NONE', ( #4686, #447 ) ) ;
#3819 = LINE ( 'NONE', #1135, #1395 ) ;
#3820 = CARTESIAN_POINT ( 'NONE',  ( 11.25000000000000000, 12.94999999999999929, -4.799999999999999822 ) ) ;
#3821 =( NAMED_UNIT ( * ) PLANE_ANGLE_UNIT ( ) SI_UNIT ( $, .RADIAN. ) );
#3822 = DIRECTION ( 'NONE',  ( 0.000000000000000000, 1.000000000000000000, 0.000000000000000000 ) ) ;
#3823 =( GEOMETRIC_REPRESENTATION_CONTEXT ( 3 ) GLOBAL_UNCERTAINTY_ASSIGNED_CONTEXT ( ( #2830 ) ) GLOBAL_UNIT_ASSIGNED_CONTEXT ( ( #756, #2311, #385 ) ) REPRESENTATION_CONTEXT ( 'NONE', 'WORKASPACE' ) );
#3824 = PRESENTATION_STYLE_ASSIGNMENT (( #3143 ) ) ;
#3825 = DIRECTION ( 'NONE',  ( 3.440759152716020001E-30, -1.000000000000000000, 9.854725885076841607E-16 ) ) ;
#3826 = ORIENTED_EDGE ( 'NONE', *, *, #4019, .F. ) ;
#3827 = CARTESIAN_POINT ( 'NONE',  ( 3.750000000000000000, 11.49572309693832040, -4.799999999999999822 ) ) ;
#3828 = VERTEX_POINT ( 'NONE', #3001 ) ;
#3829 = CARTESIAN_POINT ( 'NONE',  ( 4.250000000000000000, 0.000000000000000000, -5.500000000000000000 ) ) ;
#3830 = DIRECTION ( 'NONE',  ( -1.000000000000000000, 0.000000000000000000, 3.491481338843135327E-15 ) ) ;
#3831 = CARTESIAN_POINT ( 'NONE',  ( 5.709999999999999964, 12.94999999999999929, -4.400000000000000355 ) ) ;
#3832 = EDGE_CURVE ( 'NONE', #4448, #3776, #3880, .T. ) ;
#3833 = CARTESIAN_POINT ( 'NONE',  ( 5.049999999999999822, 1.230551990228329838E-14, -1.500000000000000000 ) ) ;
#3834 = ORIENTED_EDGE ( 'NONE', *, *, #4549, .F. ) ;
#3835 = DIRECTION ( 'NONE',  ( 1.000000000000000000, 0.000000000000000000, 1.445393392988216415E-14 ) ) ;
#3836 = CARTESIAN_POINT ( 'NONE',  ( -2.341876692568689893E-14, 0.000000000000000000, -8.648756443470160704 ) ) ;
#3837 = EDGE_LOOP ( 'NONE', ( #4671, #1352, #1206, #3826 ) ) ;
#3838 = SURFACE_SIDE_STYLE ('',( #2354 ) ) ;
#3839 = CARTESIAN_POINT ( 'NONE',  ( 21.87999999999999901, 6.700000000000000178, -0.7569059892324689898 ) ) ;
#3840 = EDGE_CURVE ( 'NONE', #1632, #58, #203, .T. ) ;
#3841 =( NAMED_UNIT ( * ) SI_UNIT ( $, .STERADIAN. ) SOLID_ANGLE_UNIT ( ) );
#3842 = VECTOR ( 'NONE', #1014, 1000.000000000000000 ) ;
#3843 = SURFACE_STYLE_FILL_AREA ( #1464 ) ;
#3844 = AXIS2_PLACEMENT_3D ( 'NONE', #1126, #419, #3830 ) ;
#3845 = DIRECTION ( 'NONE',  ( -1.000000000000000000, -4.299099270693659241E-32, 3.447839964526935536E-15 ) ) ;
#3846 = DIRECTION ( 'NONE',  ( 0.1961161351381840445, -0.9805806756909201116, -6.847358260810082662E-16 ) ) ;
#3847 = COLOUR_RGB ( '',0.8313725490196077761, 0.8392156862745098200, 0.8313725490196077761 ) ;
#3848 = ORIENTED_EDGE ( 'NONE', *, *, #1953, .T. ) ;
#3849 = DIRECTION ( 'NONE',  ( 0.000000000000000000, 1.000000000000000000, 0.000000000000000000 ) ) ;
#3850 = ORIENTED_EDGE ( 'NONE', *, *, #4899, .T. ) ;
#3851 = FILL_AREA_STYLE_COLOUR ( '', #1303 ) ;
#3852 = AXIS2_PLACEMENT_3D ( 'NONE', #176, #4310, #3641 ) ;
#3853 = CARTESIAN_POINT ( 'NONE',  ( -2.168404344971009815E-14, 6.700000000000000178, -8.051243556529810164 ) ) ;
#3854 =( LENGTH_UNIT ( ) NAMED_UNIT ( * ) SI_UNIT ( .MILLI., .METRE. ) );
#3855 = CARTESIAN_POINT ( 'NONE',  ( 4.250000000000000000, 0.000000000000000000, -10.20000000000040075 ) ) ;
#3856 = PRESENTATION_LAYER_ASSIGNMENT (  '', '', ( #2991 ) ) ;
#3857 = ORIENTED_EDGE ( 'NONE', *, *, #615, .T. ) ;
#3858 = LINE ( 'NONE', #1593, #3952 ) ;
#3859 = COLOUR_RGB ( '',0.8313725490196077761, 0.8392156862745098200, 0.8313725490196077761 ) ;
#3860 =( LENGTH_UNIT ( ) NAMED_UNIT ( * ) SI_UNIT ( .MILLI., .METRE. ) );
#3861 = B_SPLINE_CURVE_WITH_KNOTS ( 'NONE', 3,
 ( #4004, #569, #3257, #1265, #2884, #1310 ),
 .UNSPECIFIED., .F., .F.,
 ( 4, 2, 4 ),
 ( 0.000000000000000000, 0.4442809022260499896, 1.000000000000000000 ),
 .UNSPECIFIED. ) ;
#3862 = CIRCLE ( 'NONE', #4893, 0.1299999999999999489 ) ;
#3863 = FILL_AREA_STYLE ('',( #1314 ) ) ;
#3864 = UNCERTAINTY_MEASURE_WITH_UNIT (LENGTH_MEASURE( 1.000000000000000082E-05 ), #3686, 'distance_accuracy_value', 'NONE');
#3865 = EDGE_CURVE ( 'NONE', #839, #3179, #830, .T. ) ;
#3866 = VERTEX_POINT ( 'NONE', #4288 ) ;
#3867 = CARTESIAN_POINT ( 'NONE',  ( 9.510564534211409793, 12.65081076366960033, -5.200000000000000178 ) ) ;
#3868 = PRESENTATION_LAYER_ASSIGNMENT (  '', '', ( #1390 ) ) ;
#3869 = COLOUR_RGB ( '',0.8313725490196077761, 0.8392156862745098200, 0.8313725490196077761 ) ;
#3870 =( LENGTH_UNIT ( ) NAMED_UNIT ( * ) SI_UNIT ( .MILLI., .METRE. ) );
#3871 = CARTESIAN_POINT ( 'NONE',  ( -0.4050000000000245071, 6.700000000000000178, -8.882583302491958932 ) ) ;
#3872 = PRESENTATION_LAYER_ASSIGNMENT (  '', '', ( #1881 ) ) ;
#3873 = VECTOR ( 'NONE', #4209, 1000.000000000000114 ) ;
#3874 = DIRECTION ( 'NONE',  ( 1.000000000000000000, 0.000000000000000000, -4.043238169624559932E-15 ) ) ;
#3875 = LINE ( 'NONE', #1600, #1851 ) ;
#3876 = MECHANICAL_DESIGN_GEOMETRIC_PRESENTATION_REPRESENTATION (  '', ( #3327 ), #33 ) ;
#3877 = ORIENTED_EDGE ( 'NONE', *, *, #3187, .T. ) ;
#3878 = LINE ( 'NONE', #3124, #913 ) ;
#3879 = ORIENTED_EDGE ( 'NONE', *, *, #1858, .F. ) ;
#3880 = CIRCLE ( 'NONE', #4499, 0.1300000000000016420 ) ;
#3881 = CYLINDRICAL_SURFACE ( 'NONE', #258, 1.975000000000000089 ) ;
#3882 = DIRECTION ( 'NONE',  ( 0.000000000000000000, 1.000000000000000000, 0.000000000000000000 ) ) ;
#3883 = DIRECTION ( 'NONE',  ( 0.000000000000000000, -1.000000000000000000, 0.000000000000000000 ) ) ;
#3884 = FACE_BOUND ( 'NONE', #194, .T. ) ;
#3885 = ORIENTED_EDGE ( 'NONE', *, *, #135, .F. ) ;
#3886 = CIRCLE ( 'NONE', #1745, 0.2999999999999999334 ) ;
#3887 = FACE_OUTER_BOUND ( 'NONE', #818, .T. ) ;
#3888 = AXIS2_PLACEMENT_3D ( 'NONE', #763, #2748, #1097 ) ;
#3889 = CARTESIAN_POINT ( 'NONE',  ( 22.07499999999999929, 6.700000000000000178, -7.794322686740499329 ) ) ;
#3890 = ORIENTED_EDGE ( 'NONE', *, *, #4910, .F. ) ;
#3891 = FACE_OUTER_BOUND ( 'NONE', #4334, .T. ) ;
#3892 =( NAMED_UNIT ( * ) SI_UNIT ( $, .STERADIAN. ) SOLID_ANGLE_UNIT ( ) );
#3893 = PLANE ( 'NONE',  #1976 ) ;
#3894 = ADVANCED_FACE ( 'NONE', ( #4661 ), #2425, .T. ) ;
#3895 = CARTESIAN_POINT ( 'NONE',  ( -0.4049999999999949751, 6.700000000000000178, -0.6674166975080020325 ) ) ;
#3896 = DIRECTION ( 'NONE',  ( 3.940388530887927228E-15, 9.850971327219820043E-16, 1.000000000000000000 ) ) ;
#3897 = EDGE_CURVE ( 'NONE', #1161, #2609, #1618, .T. ) ;
#3898 = EDGE_LOOP ( 'NONE', ( #1075, #1182, #3193, #337 ) ) ;
#3899 = PRESENTATION_STYLE_ASSIGNMENT (( #2392 ) ) ;
#3900 = COLOUR_RGB ( '',0.8313725490196077761, 0.8392156862745098200, 0.8313725490196077761 ) ;
#3901 = ORIENTED_EDGE ( 'NONE', *, *, #3302, .F. ) ;
#3902 = FILL_AREA_STYLE ('',( #3851 ) ) ;
#3903 = ORIENTED_EDGE ( 'NONE', *, *, #1364, .F. ) ;
#3904 = DIRECTION ( 'NONE',  ( 3.654630407103378399E-15, 9.136576017758445997E-16, 1.000000000000000000 ) ) ;
#3905 = FACE_OUTER_BOUND ( 'NONE', #4388, .T. ) ;
#3906 = VERTEX_POINT ( 'NONE', #796 ) ;
#3907 = CARTESIAN_POINT ( 'NONE',  ( 18.74999999999999289, 14.09999999999999964, -6.774999999999999467 ) ) ;
#3908 = DIRECTION ( 'NONE',  ( 0.000000000000000000, 0.000000000000000000, -1.000000000000000000 ) ) ;
#3909 = LINE ( 'NONE', #272, #596 ) ;
#3910 = UNCERTAINTY_MEASURE_WITH_UNIT (LENGTH_MEASURE( 1.000000000000000082E-05 ), #2149, 'distance_accuracy_value', 'NONE');
#3911 = EDGE_LOOP ( 'NONE', ( #1777, #807, #3323, #1842 ) ) ;
#3912 =( NAMED_UNIT ( * ) SI_UNIT ( $, .STERADIAN. ) SOLID_ANGLE_UNIT ( ) );
#3913 =( GEOMETRIC_REPRESENTATION_CONTEXT ( 3 ) GLOBAL_UNCERTAINTY_ASSIGNED_CONTEXT ( ( #4110 ) ) GLOBAL_UNIT_ASSIGNED_CONTEXT ( ( #1517, #1461, #3352 ) ) REPRESENTATION_CONTEXT ( 'NONE', 'WORKASPACE' ) );
#3914 = SURFACE_STYLE_USAGE ( .BOTH. , #837 ) ;
#3915 = EDGE_CURVE ( 'NONE', #364, #1296, #4711, .T. ) ;
#3916 = ADVANCED_FACE ( 'NONE', ( #2031 ), #4674, .T. ) ;
#3917 = ORIENTED_EDGE ( 'NONE', *, *, #4293, .T. ) ;
#3918 = AXIS2_PLACEMENT_3D ( 'NONE', #2819, #1333, #899 ) ;
#3919 = FILL_AREA_STYLE ('',( #2792 ) ) ;
#3920 = SURFACE_SIDE_STYLE ('',( #3242 ) ) ;
#3921 = EDGE_CURVE ( 'NONE', #1093, #2245, #3934, .T. ) ;
#3922 = ORIENTED_EDGE ( 'NONE', *, *, #1702, .T. ) ;
#3923 = ORIENTED_EDGE ( 'NONE', *, *, #2942, .F. ) ;
#3924 = EDGE_CURVE ( 'NONE', #469, #3179, #4957, .T. ) ;
#3925 = CARTESIAN_POINT ( 'NONE',  ( 8.673617379884030542E-16, 1.464316677895339915E-15, -1.498756443470159905 ) ) ;
#3926 = DIRECTION ( 'NONE',  ( 1.063767053708800029E-15, -1.000000000000000000, 1.898704334069205147E-15 ) ) ;
#3927 = CARTESIAN_POINT ( 'NONE',  ( 17.44999999999999929, 2.299999999999999822, -1.500000000000039968 ) ) ;
#3928 = CARTESIAN_POINT ( 'NONE',  ( 22.07499999999999929, 66.32999999999999829, -8.905677313259619865 ) ) ;
#3929 =( GEOMETRIC_REPRESENTATION_CONTEXT ( 3 ) GLOBAL_UNCERTAINTY_ASSIGNED_CONTEXT ( ( #1368 ) ) GLOBAL_UNIT_ASSIGNED_CONTEXT ( ( #1290, #4727, #2057 ) ) REPRESENTATION_CONTEXT ( 'NONE', 'WORKASPACE' ) );
#3930 = ORIENTED_EDGE ( 'NONE', *, *, #499, .F. ) ;
#3931 = DIRECTION ( 'NONE',  ( 3.133217360472912786E-15, 1.044405786824304262E-15, 1.000000000000000000 ) ) ;
#3932 = VECTOR ( 'NONE', #2370, 999.9999999999998863 ) ;
#3933 = CARTESIAN_POINT ( 'NONE',  ( 18.25000000000000000, -2.500000000000000000, -4.700000000000000178 ) ) ;
#3934 = LINE ( 'NONE', #106, #4275 ) ;
#3935 = PRESENTATION_LAYER_ASSIGNMENT (  '', '', ( #415 ) ) ;
#3936 = ORIENTED_EDGE ( 'NONE', *, *, #3590, .F. ) ;
#3937 = DIRECTION ( 'NONE',  ( 0.000000000000000000, 1.000000000000000000, 0.000000000000000000 ) ) ;
#3938 = DIRECTION ( 'NONE',  ( -3.187765602329534805E-30, 1.000000000000000000, -9.130123557772670060E-16 ) ) ;
#3939 =( GEOMETRIC_REPRESENTATION_CONTEXT ( 3 ) GLOBAL_UNCERTAINTY_ASSIGNED_CONTEXT ( ( #3368 ) ) GLOBAL_UNIT_ASSIGNED_CONTEXT ( ( #3396, #1490, #748 ) ) REPRESENTATION_CONTEXT ( 'NONE', 'WORKASPACE' ) );
#3940 = SURFACE_SIDE_STYLE ('',( #3190 ) ) ;
#3941 = AXIS2_PLACEMENT_3D ( 'NONE', #4603, #1154, #786 ) ;
#3942 = VECTOR ( 'NONE', #915, 1000.000000000000114 ) ;
#3943 = SURFACE_SIDE_STYLE ('',( #3192 ) ) ;
#3944 = VERTEX_POINT ( 'NONE', #3889 ) ;
#3945 = AXIS2_PLACEMENT_3D ( 'NONE', #3570, #2090, #3594 ) ;
#3946 = ORIENTED_EDGE ( 'NONE', *, *, #3897, .F. ) ;
#3947 = SURFACE_STYLE_USAGE ( .BOTH. , #3994 ) ;
#3948 = EDGE_CURVE ( 'NONE', #3199, #1130, #1695, .T. ) ;
#3949 = EDGE_CURVE ( 'NONE', #3627, #4413, #2454, .T. ) ;
#3950 = ORIENTED_EDGE ( 'NONE', *, *, #4262, .F. ) ;
#3951 = ORIENTED_EDGE ( 'NONE', *, *, #1448, .T. ) ;
#3952 = VECTOR ( 'NONE', #1532, 1000.000000000000000 ) ;
#3953 = FACE_OUTER_BOUND ( 'NONE', #3898, .T. ) ;
#3954 = CARTESIAN_POINT ( 'NONE',  ( 17.02315533557399974, 12.75618793725309885, -5.200000000000000178 ) ) ;
#3955 = DIRECTION ( 'NONE',  ( -1.000000000000000000, 0.000000000000000000, 3.491481338843135327E-15 ) ) ;
#3956 = PLANE ( 'NONE',  #3112 ) ;
#3957 = STYLED_ITEM ( 'NONE', ( #3305 ), #3713 ) ;
#3958 = DIRECTION ( 'NONE',  ( -3.646523314876840477E-30, 1.000000000000000000, -1.044405786824304065E-15 ) ) ;
#3959 = SURFACE_STYLE_FILL_AREA ( #959 ) ;
#3960 = DIRECTION ( 'NONE',  ( -3.965082230804130614E-15, -9.912705577010326536E-16, -1.000000000000000000 ) ) ;
#3961 = DIRECTION ( 'NONE',  ( 2.558534801238925484E-15, -0.6804510993672779895, 0.7327934916262990317 ) ) ;
#3962 = UNCERTAINTY_MEASURE_WITH_UNIT (LENGTH_MEASURE( 1.000000000000000082E-05 ), #484, 'distance_accuracy_value', 'NONE');
#3963 = STYLED_ITEM ( 'NONE', ( #3972 ), #4223 ) ;
#3964 = ORIENTED_EDGE ( 'NONE', *, *, #246, .F. ) ;
#3965 = CARTESIAN_POINT ( 'NONE',  ( 17.00000000000000000, -2.928633355790690086E-15, -3.642919299551294267E-14 ) ) ;
#3966 = CARTESIAN_POINT ( 'NONE',  ( 22.50499999999999901, 6.700000000000000178, -8.042583302492039010 ) ) ;
#3967 = TOROIDAL_SURFACE ( 'NONE', #211, 1.699999999999999956, 0.2000000000000000111 ) ;
#3968 = DIRECTION ( 'NONE',  ( 1.000000000000000000, 0.000000000000000000, -4.043238169624559932E-15 ) ) ;
#3969 = DIRECTION ( 'NONE',  ( -1.000000000000000000, 0.000000000000000000, 3.491481338843135327E-15 ) ) ;
#3970 = ORIENTED_EDGE ( 'NONE', *, *, #4105, .F. ) ;
#3971 = VERTEX_POINT ( 'NONE', #852 ) ;
#3972 = PRESENTATION_STYLE_ASSIGNMENT (( #3947 ) ) ;
#3973 = EDGE_LOOP ( 'NONE', ( #560, #3834 ) ) ;
#3974 = LINE ( 'NONE', #2794, #3375 ) ;
#3975 = EDGE_CURVE ( 'NONE', #3032, #4857, #3517, .T. ) ;
#3976 = ORIENTED_EDGE ( 'NONE', *, *, #4357, .T. ) ;
#3977 = CARTESIAN_POINT ( 'NONE',  ( 3.750000000000006217, 11.67312853167970133, -2.901341823842455536 ) ) ;
#3978 = AXIS2_PLACEMENT_3D ( 'NONE', #871, #2823, #901 ) ;
#3979 = FACE_OUTER_BOUND ( 'NONE', #3390, .T. ) ;
#3980 = DIRECTION ( 'NONE',  ( -5.556628334053620959E-15, 0.000000000000000000, -1.000000000000000000 ) ) ;
#3981 = EDGE_CURVE ( 'NONE', #4528, #3580, #3909, .T. ) ;
#3982 = FACE_OUTER_BOUND ( 'NONE', #3372, .T. ) ;
#3983 = DIRECTION ( 'NONE',  ( 0.000000000000000000, -1.644003628459039925E-15, -1.000000000000000000 ) ) ;
#3984 = EDGE_CURVE ( 'NONE', #261, #2432, #3181, .T. ) ;
#3985 = PLANE ( 'NONE',  #4502 ) ;
#3986 = EDGE_LOOP ( 'NONE', ( #2616, #854, #2252, #293, #1260, #4849 ) ) ;
#3987 = CARTESIAN_POINT ( 'NONE',  ( 3.653846153846189715, -4.519230769230760281, -4.700000000000000178 ) ) ;
#3988 = ADVANCED_FACE ( 'NONE', ( #961 ), #1077, .T. ) ;
#3989 = CARTESIAN_POINT ( 'NONE',  ( 18.75000000000000000, 12.86156426583980128, -4.799999999999999822 ) ) ;
#3990 =( LENGTH_UNIT ( ) NAMED_UNIT ( * ) SI_UNIT ( .MILLI., .METRE. ) );
#3991 = ORIENTED_EDGE ( 'NONE', *, *, #3596, .F. ) ;
#3992 = VERTEX_POINT ( 'NONE', #984 ) ;
#3993 = FILL_AREA_STYLE_COLOUR ( '', #1071 ) ;
#3994 = SURFACE_SIDE_STYLE ('',( #2043 ) ) ;
#3995 =( GEOMETRIC_REPRESENTATION_CONTEXT ( 3 ) GLOBAL_UNCERTAINTY_ASSIGNED_CONTEXT ( ( #253 ) ) GLOBAL_UNIT_ASSIGNED_CONTEXT ( ( #4187, #3447, #3841 ) ) REPRESENTATION_CONTEXT ( 'NONE', 'WORKASPACE' ) );
#3996 = ORIENTED_EDGE ( 'NONE', *, *, #2581, .T. ) ;
#3997 = PRESENTATION_STYLE_ASSIGNMENT (( #147 ) ) ;
#3998 = LINE ( 'NONE', #198, #883 ) ;
#3999 = LINE ( 'NONE', #1334, #3545 ) ;
#4000 = AXIS2_PLACEMENT_3D ( 'NONE', #4950, #2694, #761 ) ;
#4001 =( NAMED_UNIT ( * ) PLANE_ANGLE_UNIT ( ) SI_UNIT ( $, .RADIAN. ) );
#4002 = LINE ( 'NONE', #3533, #3731 ) ;
#4003 = AXIS2_PLACEMENT_3D ( 'NONE', #4869, #1444, #3747 ) ;
#4004 = CARTESIAN_POINT ( 'NONE',  ( 12.96424679675904024, 12.86156426583980128, -5.200000000000000178 ) ) ;
#4005 = CARTESIAN_POINT ( 'NONE',  ( 13.75000000000000000, 11.49572309693832040, -5.876375774871440343E-14 ) ) ;
#4006 = CARTESIAN_POINT ( 'NONE',  ( -0.4700000000000220113, 6.700000000000000178, -7.929999999999999716 ) ) ;
#4007 = ADVANCED_FACE ( 'NONE', ( #1791 ), #4427, .F. ) ;
#4008 = EDGE_CURVE ( 'NONE', #3540, #2895, #3343, .T. ) ;
#4009 = ORIENTED_EDGE ( 'NONE', *, *, #4443, .F. ) ;
#4010 = CARTESIAN_POINT ( 'NONE',  ( -3.035766082959414308E-14, 5.000000000000000000, -10.20000000000000107 ) ) ;
#4011 =( GEOMETRIC_REPRESENTATION_CONTEXT ( 3 ) GLOBAL_UNCERTAINTY_ASSIGNED_CONTEXT ( ( #4156 ) ) GLOBAL_UNIT_ASSIGNED_CONTEXT ( ( #1026, #2612, #4808 ) ) REPRESENTATION_CONTEXT ( 'NONE', 'WORKASPACE' ) );
#4012 = SURFACE_STYLE_FILL_AREA ( #4064 ) ;
#4013 = ADVANCED_FACE ( 'NONE', ( #616 ), #2111, .F. ) ;
#4014 = PRESENTATION_LAYER_ASSIGNMENT (  '', '', ( #2357 ) ) ;
#4015 = ADVANCED_FACE ( 'NONE', ( #4361 ), #3985, .T. ) ;
#4016 = CARTESIAN_POINT ( 'NONE',  ( 20.46424679675910241, 12.86156426583980128, -4.400000000000000355 ) ) ;
#4017 =( NAMED_UNIT ( * ) PLANE_ANGLE_UNIT ( ) SI_UNIT ( $, .RADIAN. ) );
#4018 = ORIENTED_EDGE ( 'NONE', *, *, #4325, .F. ) ;
#4019 = EDGE_CURVE ( 'NONE', #3627, #1711, #3386, .T. ) ;
#4020 = ORIENTED_EDGE ( 'NONE', *, *, #725, .T. ) ;
#4021 = CARTESIAN_POINT ( 'NONE',  ( 8.750000000000000000, -3.500000000000000000, -5.500000000000000000 ) ) ;
#4022 = FACE_OUTER_BOUND ( 'NONE', #2602, .T. ) ;
#4023 = AXIS2_PLACEMENT_3D ( 'NONE', #2374, #1262, #4251 ) ;
#4024 = ORIENTED_EDGE ( 'NONE', *, *, #2019, .F. ) ;
#4025 = CARTESIAN_POINT ( 'NONE',  ( 12.87712262842533661, 12.94999999999999574, -5.200000000000003730 ) ) ;
#4026 = CARTESIAN_POINT ( 'NONE',  ( 2.035753203240995290, 12.86156426584000023, -5.200000000000000178 ) ) ;
#4027 = VECTOR ( 'NONE', #3263, 1000.000000000000000 ) ;
#4028 = B_SPLINE_CURVE_WITH_KNOTS ( 'NONE', 3,
 ( #115, #2119, #1657, #3623, #3191, #1275 ),
 .UNSPECIFIED., .F., .F.,
 ( 4, 2, 4 ),
 ( 0.000000000000000000, 0.4442809022261779983, 1.000000000000000000 ),
 .UNSPECIFIED. ) ;
#4029 = VECTOR ( 'NONE', #1272, 1000.000000000000000 ) ;
#4030 = LINE ( 'NONE', #4378, #3125 ) ;
#4031 = PRESENTATION_LAYER_ASSIGNMENT (  '', '', ( #3003 ) ) ;
#4032 = MECHANICAL_DESIGN_GEOMETRIC_PRESENTATION_REPRESENTATION (  '', ( #335 ), #1319 ) ;
#4033 =( LENGTH_UNIT ( ) NAMED_UNIT ( * ) SI_UNIT ( .MILLI., .METRE. ) );
#4034 = CARTESIAN_POINT ( 'NONE',  ( 16.78000000000000114, 12.14999999999999858, -5.200000000000000178 ) ) ;
#4035 =( GEOMETRIC_REPRESENTATION_CONTEXT ( 3 ) GLOBAL_UNCERTAINTY_ASSIGNED_CONTEXT ( ( #797 ) ) GLOBAL_UNIT_ASSIGNED_CONTEXT ( ( #3082, #1168, #3113 ) ) REPRESENTATION_CONTEXT ( 'NONE', 'WORKASPACE' ) );
#4036 = CARTESIAN_POINT ( 'NONE',  ( 5.709999999999999964, 12.14999999999999858, -4.400000000000000355 ) ) ;
#4037 = VERTEX_POINT ( 'NONE', #4903 ) ;
#4038 = STYLED_ITEM ( 'NONE', ( #370 ), #4107 ) ;
#4039 = CARTESIAN_POINT ( 'NONE',  ( 20.04999999999999716, 5.299999999999999822, -1.600000000000050271 ) ) ;
#4040 = CARTESIAN_POINT ( 'NONE',  ( 18.75000000000000711, 12.86156426583980306, -3.039703979383406196 ) ) ;
#4041 = STYLED_ITEM ( 'NONE', ( #1882 ), #4290 ) ;
#4042 = DIRECTION ( 'NONE',  ( 1.445393392988216415E-14, 3.334909476821829649E-28, -1.000000000000000000 ) ) ;
#4043 = EDGE_CURVE ( 'NONE', #1725, #1778, #3492, .T. ) ;
#4044 = LINE ( 'NONE', #3649, #4258 ) ;
#4045 = VECTOR ( 'NONE', #3491, 1000.000000000000000 ) ;
#4046 = FILL_AREA_STYLE ('',( #1396 ) ) ;
#4047 = ORIENTED_EDGE ( 'NONE', *, *, #2586, .F. ) ;
#4048 = ADVANCED_FACE ( 'NONE', ( #3417 ), #344, .F. ) ;
#4049 = ORIENTED_EDGE ( 'NONE', *, *, #3097, .T. ) ;
#4050 = FACE_OUTER_BOUND ( 'NONE', #2982, .T. ) ;
#4051 = ORIENTED_EDGE ( 'NONE', *, *, #1577, .T. ) ;
#4052 = B_SPLINE_CURVE_WITH_KNOTS ( 'NONE', 3,
 ( #2649, #321, #2306, #718, #2277, #1084 ),
 .UNSPECIFIED., .F., .F.,
 ( 4, 2, 4 ),
 ( 0.000000000000000000, 0.5557190870564419072, 1.000000000000000000 ),
 .UNSPECIFIED. ) ;
#4053 = LINE ( 'NONE', #4851, #4806 ) ;
#4054 =( NAMED_UNIT ( * ) SI_UNIT ( $, .STERADIAN. ) SOLID_ANGLE_UNIT ( ) );
#4055 = DIRECTION ( 'NONE',  ( -1.000000000000000000, 0.000000000000000000, 3.491481338843135327E-15 ) ) ;
#4056 = LINE ( 'NONE', #2195, #1177 ) ;
#4057 = DIRECTION ( 'NONE',  ( -3.439448255846680688E-30, 1.000000000000000000, -9.850971327219820043E-16 ) ) ;
#4058 = FACE_OUTER_BOUND ( 'NONE', #4930, .T. ) ;
#4059 = PRODUCT ( 'Same_Sky_TB004-750-03GR', 'Same_Sky_TB004-750-03GR', '', ( #489 ) ) ;
#4060 =( NAMED_UNIT ( * ) SI_UNIT ( $, .STERADIAN. ) SOLID_ANGLE_UNIT ( ) );
#4061 = STYLED_ITEM ( 'NONE', ( #2657 ), #4963 ) ;
#4062 = ORIENTED_EDGE ( 'NONE', *, *, #393, .T. ) ;
#4063 = CYLINDRICAL_SURFACE ( 'NONE', #2212, 0.1299999999999999489 ) ;
#4064 = FILL_AREA_STYLE ('',( #1752 ) ) ;
#4065 = LINE ( 'NONE', #3718, #3329 ) ;
#4066 = UNCERTAINTY_MEASURE_WITH_UNIT (LENGTH_MEASURE( 1.000000000000000082E-05 ), #3509, 'distance_accuracy_value', 'NONE');
#4067 = LINE ( 'NONE', #2597, #2134 ) ;
#4068 = ORIENTED_EDGE ( 'NONE', *, *, #4620, .T. ) ;
#4069 = DIRECTION ( 'NONE',  ( -1.063767053708800029E-15, 1.000000000000000000, -1.644003628459039925E-15 ) ) ;
#4070 = DIRECTION ( 'NONE',  ( 3.456627036440165418E-30, -1.000000000000000000, 9.912705577010320619E-16 ) ) ;
#4071 = ORIENTED_EDGE ( 'NONE', *, *, #1811, .T. ) ;
#4072 = CYLINDRICAL_SURFACE ( 'NONE', #1383, 1.975000000000000089 ) ;
#4073 = CARTESIAN_POINT ( 'NONE',  ( 12.96146852822778328, 12.88480341595011502, -5.200000000000012612 ) ) ;
#4074 = CYLINDRICAL_SURFACE ( 'NONE', #2550, 0.1300000000000016420 ) ;
#4075 = EDGE_CURVE ( 'NONE', #3052, #4348, #2869, .T. ) ;
#4076 = CARTESIAN_POINT ( 'NONE',  ( 2.894230769230784706, -0.7211538461538389289, -5.500000000000000000 ) ) ;
#4077 = PRESENTATION_STYLE_ASSIGNMENT (( #2182 ) ) ;
#4078 = ORIENTED_EDGE ( 'NONE', *, *, #2117, .F. ) ;
#4079 = CARTESIAN_POINT ( 'NONE',  ( 21.87999999999999901, -4.392950033686029607E-15, -8.793094010767639190 ) ) ;
#4080 = CARTESIAN_POINT ( 'NONE',  ( 20.47684466442055040, 12.75618793725179856, -5.200000000000000178 ) ) ;
#4081 = LINE ( 'NONE', #3621, #2456 ) ;
#4082 = CARTESIAN_POINT ( 'NONE',  ( 17.44999999999999929, 2.299999999999999822, -1.300000000000039790 ) ) ;
#4083 = PLANE ( 'NONE',  #698 ) ;
#4084 = PRESENTATION_LAYER_ASSIGNMENT (  '', '', ( #1136 ) ) ;
#4085 = ORIENTED_EDGE ( 'NONE', *, *, #4886, .T. ) ;
#4086 = CARTESIAN_POINT ( 'NONE',  ( 18.75000000000000000, 12.94999999999999929, -4.799999999999999822 ) ) ;
#4087 = ORIENTED_EDGE ( 'NONE', *, *, #2960, .T. ) ;
#4088 = DIRECTION ( 'NONE',  ( -1.000000000000000000, -1.794541526872519968E-14, -1.445393392988216415E-14 ) ) ;
#4089 = AXIS2_PLACEMENT_3D ( 'NONE', #1990, #3845, #4592 ) ;
#4090 = LINE ( 'NONE', #4118, #169 ) ;
#4091 = CARTESIAN_POINT ( 'NONE',  ( 18.45000000000000284, -3.500000000000000000, -4.700000000000000178 ) ) ;
#4092 = CARTESIAN_POINT ( 'NONE',  ( 17.09222942994194128, 12.93980888197386392, -4.399951796219802702 ) ) ;
#4093 = VECTOR ( 'NONE', #4178, 1000.000000000000000 ) ;
#4094 = EDGE_CURVE ( 'NONE', #3333, #4777, #2665, .T. ) ;
#4095 = DIRECTION ( 'NONE',  ( 3.797408668138413450E-15, 1.898704334069206725E-15, 1.000000000000000000 ) ) ;
#4096 = VECTOR ( 'NONE', #1187, 1000.000000000000000 ) ;
#4097 = CARTESIAN_POINT ( 'NONE',  ( 3.750000000000000000, 12.86156426583980128, -4.799999999999999822 ) ) ;
#4098 = ADVANCED_FACE ( 'NONE', ( #4174 ), #1159, .F. ) ;
#4099 = EDGE_CURVE ( 'NONE', #4857, #1442, #4874, .T. ) ;
#4100 = VECTOR ( 'NONE', #2868, 1000.000000000000000 ) ;
#4101 = CARTESIAN_POINT ( 'NONE',  ( 13.20999999999999908, 12.94999999999999929, -4.400000000000000355 ) ) ;
#4102 = ORIENTED_EDGE ( 'NONE', *, *, #4792, .T. ) ;
#4103 = FACE_OUTER_BOUND ( 'NONE', #590, .T. ) ;
#4104 = VECTOR ( 'NONE', #4557, 1000.000000000000000 ) ;
#4105 = EDGE_CURVE ( 'NONE', #3582, #635, #206, .T. ) ;
#4106 = AXIS2_PLACEMENT_3D ( 'NONE', #3591, #155, #1694 ) ;
#4107 = ADVANCED_FACE ( 'NONE', ( #709 ), #4838, .T. ) ;
#4108 = SURFACE_STYLE_FILL_AREA ( #350 ) ;
#4109 = CARTESIAN_POINT ( 'NONE',  ( 13.04921132732846090, 12.14999999999999858, -5.200000000000000178 ) ) ;
#4110 = UNCERTAINTY_MEASURE_WITH_UNIT (LENGTH_MEASURE( 1.000000000000000082E-05 ), #1517, 'distance_accuracy_value', 'NONE');
#4111 = MECHANICAL_DESIGN_GEOMETRIC_PRESENTATION_REPRESENTATION (  '', ( #2775 ), #3399 ) ;
#4112 = LINE ( 'NONE', #1849, #2362 ) ;
#4113 = ORIENTED_EDGE ( 'NONE', *, *, #725, .F. ) ;
#4114 = CARTESIAN_POINT ( 'NONE',  ( 10.94999999999999929, -3.500000000000000000, -5.500000000000000000 ) ) ;
#4115 = ORIENTED_EDGE ( 'NONE', *, *, #2350, .F. ) ;
#4116 = MECHANICAL_DESIGN_GEOMETRIC_PRESENTATION_REPRESENTATION (  '', ( #3019 ), #3568 ) ;
#4117 =( NAMED_UNIT ( * ) SI_UNIT ( $, .STERADIAN. ) SOLID_ANGLE_UNIT ( ) );
#4118 = CARTESIAN_POINT ( 'NONE',  ( 9.279999999999999361, 12.14999999999999858, -5.200000000000000178 ) ) ;
#4119 =( NAMED_UNIT ( * ) PLANE_ANGLE_UNIT ( ) SI_UNIT ( $, .RADIAN. ) );
#4120 = VECTOR ( 'NONE', #2156, 1000.000000000000000 ) ;
#4121 = EDGE_LOOP ( 'NONE', ( #3922, #4489, #1564, #4863 ) ) ;
#4122 = CARTESIAN_POINT ( 'NONE',  ( 22.50000000000000000, 14.09999999999999964, -0.9000000000000579758 ) ) ;
#4123 = FILL_AREA_STYLE ('',( #1006 ) ) ;
#4124 = DIRECTION ( 'NONE',  ( -0.000000000000000000, 1.000000000000000000, 0.000000000000000000 ) ) ;
#4125 = DIRECTION ( 'NONE',  ( 0.000000000000000000, -1.000000000000000000, 0.000000000000000000 ) ) ;
#4126 = ORIENTED_EDGE ( 'NONE', *, *, #1020, .T. ) ;
#4127 = ORIENTED_EDGE ( 'NONE', *, *, #1545, .F. ) ;
#4128 =( NAMED_UNIT ( * ) PLANE_ANGLE_UNIT ( ) SI_UNIT ( $, .RADIAN. ) );
#4129 = ORIENTED_EDGE ( 'NONE', *, *, #4043, .F. ) ;
#4130 = ADVANCED_FACE ( 'NONE', ( #3074 ), #4204, .F. ) ;
#4131 = ORIENTED_EDGE ( 'NONE', *, *, #1057, .F. ) ;
#4132 = CARTESIAN_POINT ( 'NONE',  ( 18.65384615384595079, -4.519230769230760281, -4.700000000000000178 ) ) ;
#4133 =( GEOMETRIC_REPRESENTATION_CONTEXT ( 3 ) GLOBAL_UNCERTAINTY_ASSIGNED_CONTEXT ( ( #57 ) ) GLOBAL_UNIT_ASSIGNED_CONTEXT ( ( #4165, #1146, #1914 ) ) REPRESENTATION_CONTEXT ( 'NONE', 'WORKASPACE' ) );
#4134 = PRESENTATION_STYLE_ASSIGNMENT (( #3266 ) ) ;
#4135 = EDGE_CURVE ( 'NONE', #2609, #2816, #1899, .T. ) ;
#4136 = EDGE_CURVE ( 'NONE', #4558, #2743, #2587, .T. ) ;
#4137 = PLANE ( 'NONE',  #3521 ) ;
#4138 = EDGE_LOOP ( 'NONE', ( #3814, #2998, #525, #3804, #2536, #4801, #4444, #1027 ) ) ;
#4139 = CARTESIAN_POINT ( 'NONE',  ( 22.50000000000000000, 5.000000000000000000, -10.20000000000000107 ) ) ;
#4140 = DIRECTION ( 'NONE',  ( -1.000000000000000000, 0.000000000000000000, 3.491481338843135327E-15 ) ) ;
#4141 = ORIENTED_EDGE ( 'NONE', *, *, #1213, .T. ) ;
#4142 = CARTESIAN_POINT ( 'NONE',  ( 16.25000000000000000, -3.500000000000000000, -5.500000000000000000 ) ) ;
#4143 = ORIENTED_EDGE ( 'NONE', *, *, #1388, .F. ) ;
#4144 = LINE ( 'NONE', #4122, #1579 ) ;
#4145 = ORIENTED_EDGE ( 'NONE', *, *, #2439, .T. ) ;
#4146 = DIRECTION ( 'NONE',  ( -0.5000000000000008882, 0.000000000000000000, -0.8660254037844382635 ) ) ;
#4147 = LINE ( 'NONE', #3415, #3341 ) ;
#4148 = ORIENTED_EDGE ( 'NONE', *, *, #4772, .T. ) ;
#4149 = PRESENTATION_LAYER_ASSIGNMENT (  '', '', ( #3523 ) ) ;
#4150 = ORIENTED_EDGE ( 'NONE', *, *, #960, .F. ) ;
#4151 = DIRECTION ( 'NONE',  ( 0.000000000000000000, -1.000000000000000000, 0.000000000000000000 ) ) ;
#4152 = EDGE_LOOP ( 'NONE', ( #4205, #249, #1116, #1946 ) ) ;
#4153 = LINE ( 'NONE', #4132, #3004 ) ;
#4154 = DIRECTION ( 'NONE',  ( -1.000000000000000000, 0.000000000000000000, 3.684596229616635536E-15 ) ) ;
#4155 = EDGE_CURVE ( 'NONE', #4647, #1554, #292, .T. ) ;
#4156 = UNCERTAINTY_MEASURE_WITH_UNIT (LENGTH_MEASURE( 1.000000000000000082E-05 ), #1026, 'distance_accuracy_value', 'NONE');
#4157 = CARTESIAN_POINT ( 'NONE',  ( 17.00000000000000000, 6.700000000000000178, -2.645453300864629872E-14 ) ) ;
#4158 = VECTOR ( 'NONE', #1181, 999.9999999999998863 ) ;
#4159 = FILL_AREA_STYLE ('',( #2650 ) ) ;
#4160 = ORIENTED_EDGE ( 'NONE', *, *, #581, .T. ) ;
#4161 = CARTESIAN_POINT ( 'NONE',  ( 9.950000000000001066, 6.463650144630769706E-15, -1.600000000000000089 ) ) ;
#4162 = AXIS2_PLACEMENT_3D ( 'NONE', #3245, #3581, #4393 ) ;
#4163 = CARTESIAN_POINT ( 'NONE',  ( 4.700000000000000178, 5.000000000000000000, -10.20000000000000107 ) ) ;
#4164 = EDGE_CURVE ( 'NONE', #2297, #1244, #2124, .T. ) ;
#4165 =( LENGTH_UNIT ( ) NAMED_UNIT ( * ) SI_UNIT ( .MILLI., .METRE. ) );
#4166 = EDGE_LOOP ( 'NONE', ( #610, #3917, #1871, #1342 ) ) ;
#4167 = LINE ( 'NONE', #362, #265 ) ;
#4168 = ORIENTED_EDGE ( 'NONE', *, *, #3349, .F. ) ;
#4169 = DIRECTION ( 'NONE',  ( 0.000000000000000000, 1.000000000000000000, 0.000000000000000000 ) ) ;
#4170 = DIRECTION ( 'NONE',  ( 3.513364001978343273E-15, 0.000000000000000000, 1.000000000000000000 ) ) ;
#4171 = CARTESIAN_POINT ( 'NONE',  ( 9.482239702486101152, 12.41362307109989871, -4.400000000000000355 ) ) ;
#4172 = AXIS2_PLACEMENT_3D ( 'NONE', #86, #557, #2038 ) ;
#4173 = CARTESIAN_POINT ( 'NONE',  ( 22.07499999999999929, -4.392950033686029607E-15, -0.6443226867404939773 ) ) ;
#4174 = FACE_OUTER_BOUND ( 'NONE', #3576, .T. ) ;
#4175 = VERTEX_POINT ( 'NONE', #2814 ) ;
#4176 = MECHANICAL_DESIGN_GEOMETRIC_PRESENTATION_REPRESENTATION (  '', ( #583 ), #4739 ) ;
#4177 = ORIENTED_EDGE ( 'NONE', *, *, #1305, .T. ) ;
#4178 = DIRECTION ( 'NONE',  ( 1.889646980599320192E-14, -1.000000000000000000, -6.045464536109090009E-29 ) ) ;
#4179 = ORIENTED_EDGE ( 'NONE', *, *, #2680, .T. ) ;
#4180 = DIRECTION ( 'NONE',  ( 0.000000000000000000, -1.000000000000000000, 0.000000000000000000 ) ) ;
#4181 = ORIENTED_EDGE ( 'NONE', *, *, #3183, .T. ) ;
#4182 =( LENGTH_UNIT ( ) NAMED_UNIT ( * ) SI_UNIT ( .MILLI., .METRE. ) );
#4183 = VECTOR ( 'NONE', #4364, 1000.000000000000000 ) ;
#4184 = COLOUR_RGB ( '',0.8313725490196077761, 0.8392156862745098200, 0.8313725490196077761 ) ;
#4185 = DIRECTION ( 'NONE',  ( 3.994847236882269991E-30, -1.000000000000000000, 1.084202172485509956E-15 ) ) ;
#4186 = AXIS2_PLACEMENT_3D ( 'NONE', #2008, #2085, #3960 ) ;
#4187 =( LENGTH_UNIT ( ) NAMED_UNIT ( * ) SI_UNIT ( .MILLI., .METRE. ) );
#4188 = AXIS2_PLACEMENT_3D ( 'NONE', #4408, #991, #1392 ) ;
#4189 = DIRECTION ( 'NONE',  ( -1.000000000000000000, 0.000000000000000000, 3.491481338843135327E-15 ) ) ;
#4190 = MANIFOLD_SOLID_BREP ( 'NONE', #1848 ) ;
#4191 = FACE_OUTER_BOUND ( 'NONE', #3288, .T. ) ;
#4192 = EDGE_CURVE ( 'NONE', #3016, #1501, #4748, .T. ) ;
#4193 = DIRECTION ( 'NONE',  ( 0.4999999999999990008, 0.000000000000000000, -0.8660254037844392627 ) ) ;
#4194 = CARTESIAN_POINT ( 'NONE',  ( 11.25000000000000000, 11.65000000000000036, -4.799999999999999822 ) ) ;
#4195 = ORIENTED_EDGE ( 'NONE', *, *, #4549, .T. ) ;
#4196 = CARTESIAN_POINT ( 'NONE',  ( 22.50000000000000000, -4.392950033686029607E-15, -0.8896965511460830367 ) ) ;
#4197 =( GEOMETRIC_REPRESENTATION_CONTEXT ( 3 ) GLOBAL_UNCERTAINTY_ASSIGNED_CONTEXT ( ( #3910 ) ) GLOBAL_UNIT_ASSIGNED_CONTEXT ( ( #2149, #864, #3579 ) ) REPRESENTATION_CONTEXT ( 'NONE', 'WORKASPACE' ) );
#4198 = ORIENTED_EDGE ( 'NONE', *, *, #2946, .T. ) ;
#4199 = FACE_OUTER_BOUND ( 'NONE', #1281, .T. ) ;
#4200 = CARTESIAN_POINT ( 'NONE',  ( 3.749999999999993783, 12.94999999999999751, -6.549999999999999822 ) ) ;
#4201 = CARTESIAN_POINT ( 'NONE',  ( -0.4700000000000249534, 6.700000000000000178, -8.769999999999999574 ) ) ;
#4202 = DIRECTION ( 'NONE',  ( -0.9449860734402593110, 0.000000000000000000, -0.3271105638831631190 ) ) ;
#4203 = CARTESIAN_POINT ( 'NONE',  ( 22.00999999999999801, -4.392950033686029607E-15, -0.7569059892324699890 ) ) ;
#4204 = PLANE ( 'NONE',  #2781 ) ;
#4205 = ORIENTED_EDGE ( 'NONE', *, *, #2851, .F. ) ;
#4206 = VERTEX_POINT ( 'NONE', #4373 ) ;
#4207 = CARTESIAN_POINT ( 'NONE',  ( 26.25000000000000000, 0.000000000000000000, -5.499999999999809930 ) ) ;
#4208 = FILL_AREA_STYLE ('',( #3817 ) ) ;
#4209 = DIRECTION ( 'NONE',  ( -0.1961161351381830731, -0.9805806756909203337, 9.000568790190091080E-16 ) ) ;
#4210 = SURFACE_STYLE_FILL_AREA ( #2708 ) ;
#4211 = ORIENTED_EDGE ( 'NONE', *, *, #3347, .T. ) ;
#4212 = DIRECTION ( 'NONE',  ( -1.000000000000000000, 0.000000000000000000, 3.336006684570784088E-15 ) ) ;
#4213 = CARTESIAN_POINT ( 'NONE',  ( 18.75000000000000711, 11.49572309693832217, -2.972729218709859733 ) ) ;
#4214 = DIRECTION ( 'NONE',  ( -0.9449860734402568685, 0.000000000000000000, 0.3271105638831699469 ) ) ;
#4215 = SURFACE_STYLE_USAGE ( .BOTH. , #4870 ) ;
#4216 = FILL_AREA_STYLE_COLOUR ( '', #113 ) ;
#4217 = PRESENTATION_LAYER_ASSIGNMENT (  '', '', ( #4061 ) ) ;
#4218 = CARTESIAN_POINT ( 'NONE',  ( -0.4049999999999999711, 1.464316677895339915E-15, -1.732583302491960131 ) ) ;
#4219 = CARTESIAN_POINT ( 'NONE',  ( 10.75000000000000000, -2.500000000000000000, -5.500000000000000000 ) ) ;
#4220 = DIRECTION ( 'NONE',  ( 0.2292668109506974250, -0.7132745229577348578, -0.6623263427464688435 ) ) ;
#4221 = ORIENTED_EDGE ( 'NONE', *, *, #3571, .F. ) ;
#4222 = FACE_OUTER_BOUND ( 'NONE', #3837, .T. ) ;
#4223 = ADVANCED_FACE ( 'NONE', ( #950 ), #3272, .T. ) ;
#4224 = VERTEX_POINT ( 'NONE', #2898 ) ;
#4225 = PLANE ( 'NONE',  #104 ) ;
#4226 = CARTESIAN_POINT ( 'NONE',  ( 18.75000000000000711, 11.59999999999999964, -2.824999999999999289 ) ) ;
#4227 = LINE ( 'NONE', #1210, #578 ) ;
#4228 = EDGE_CURVE ( 'NONE', #334, #4448, #4390, .T. ) ;
#4229 = ADVANCED_FACE ( 'NONE', ( #4022 ), #4600, .T. ) ;
#4230 = DIRECTION ( 'NONE',  ( -1.445393392988216415E-14, 0.000000000000000000, 1.000000000000000000 ) ) ;
#4231 = ORIENTED_EDGE ( 'NONE', *, *, #3565, .T. ) ;
#4232 = CARTESIAN_POINT ( 'NONE',  ( 22.50000000000000000, 7.100000000000000533, -5.464378949326939192E-14 ) ) ;
#4233 = DIRECTION ( 'NONE',  ( -1.000000000000000000, 0.000000000000000000, 3.491481338843135327E-15 ) ) ;
#4234 = MANIFOLD_SOLID_BREP ( 'NONE', #1603 ) ;
#4235 = LINE ( 'NONE', #296, #922 ) ;
#4236 = VECTOR ( 'NONE', #2013, 1000.000000000000000 ) ;
#4237 = ORIENTED_EDGE ( 'NONE', *, *, #4008, .F. ) ;
#4238 = CARTESIAN_POINT ( 'NONE',  ( 3.250000000000000000, 0.000000000000000000, -4.700000000000000178 ) ) ;
#4239 = FACE_OUTER_BOUND ( 'NONE', #3911, .T. ) ;
#4240 = FILL_AREA_STYLE_COLOUR ( '', #3869 ) ;
#4241 = CARTESIAN_POINT ( 'NONE',  ( 20.50000000000000000, 6.700000000000000178, -3.859759734048394523E-14 ) ) ;
#4242 = FILL_AREA_STYLE_COLOUR ( '', #4800 ) ;
#4243 =( NAMED_UNIT ( * ) PLANE_ANGLE_UNIT ( ) SI_UNIT ( $, .RADIAN. ) );
#4244 =( GEOMETRIC_REPRESENTATION_CONTEXT ( 3 ) GLOBAL_UNCERTAINTY_ASSIGNED_CONTEXT ( ( #4770 ) ) GLOBAL_UNIT_ASSIGNED_CONTEXT ( ( #9, #4243, #2364 ) ) REPRESENTATION_CONTEXT ( 'NONE', 'WORKASPACE' ) );
#4245 = ORIENTED_EDGE ( 'NONE', *, *, #673, .T. ) ;
#4246 = LINE ( 'NONE', #2766, #2513 ) ;
#4247 = ORIENTED_EDGE ( 'NONE', *, *, #3684, .T. ) ;
#4248 = AXIS2_PLACEMENT_3D ( 'NONE', #1133, #4233, #823 ) ;
#4249 = DIRECTION ( 'NONE',  ( 1.000000000000000000, 0.000000000000000000, -3.491481338843135327E-15 ) ) ;
#4250 =( LENGTH_UNIT ( ) NAMED_UNIT ( * ) SI_UNIT ( .MILLI., .METRE. ) );
#4251 = DIRECTION ( 'NONE',  ( -3.491481338843135327E-15, 0.000000000000000000, -1.000000000000000000 ) ) ;
#4252 = CARTESIAN_POINT ( 'NONE',  ( 20.54921132732845024, 12.14999999999999858, -5.200000000000000178 ) ) ;
#4253 = ORIENTED_EDGE ( 'NONE', *, *, #3588, .F. ) ;
#4254 = DIRECTION ( 'NONE',  ( -3.491481338843135327E-15, 0.000000000000000000, -1.000000000000000000 ) ) ;
#4255 =( NAMED_UNIT ( * ) SI_UNIT ( $, .STERADIAN. ) SOLID_ANGLE_UNIT ( ) );
#4256 = PLANE ( 'NONE',  #3638 ) ;
#4257 = AXIS2_PLACEMENT_3D ( 'NONE', #2543, #4057, #1410 ) ;
#4258 = VECTOR ( 'NONE', #3689, 1000.000000000000000 ) ;
#4259 = DIRECTION ( 'NONE',  ( 0.8660254037844392627, 0.000000000000000000, 0.4999999999999990563 ) ) ;
#4260 = UNCERTAINTY_MEASURE_WITH_UNIT (LENGTH_MEASURE( 1.000000000000000082E-05 ), #1435, 'distance_accuracy_value', 'NONE');
#4261 = ORIENTED_EDGE ( 'NONE', *, *, #4784, .T. ) ;
#4262 = EDGE_CURVE ( 'NONE', #2065, #1481, #259, .T. ) ;
#4263 = EDGE_CURVE ( 'NONE', #4340, #3369, #3886, .T. ) ;
#4264 = DIRECTION ( 'NONE',  ( -0.8660254037844381525, 0.000000000000000000, 0.5000000000000007772 ) ) ;
#4265 = AXIS2_PLACEMENT_3D ( 'NONE', #1141, #1494, #4504 ) ;
#4266 = COLOUR_RGB ( '',0.8313725490196077761, 0.8392156862745098200, 0.8313725490196077761 ) ;
#4267 = ADVANCED_FACE ( 'NONE', ( #3335 ), #2921, .T. ) ;
#4268 = CARTESIAN_POINT ( 'NONE',  ( 12.55000000000000071, 6.700000000000000178, -1.300000000000024025 ) ) ;
#4269 = AXIS2_PLACEMENT_3D ( 'NONE', #3497, #3961, #2064 ) ;
#4270 = AXIS2_PLACEMENT_3D ( 'NONE', #2322, #2378, #3515 ) ;
#4271 = APPLICATION_PROTOCOL_DEFINITION ( 'draft international standard', 'automotive_design', 1998, #1850 ) ;
#4272 = EDGE_LOOP ( 'NONE', ( #3668, #1495, #541, #4345 ) ) ;
#4273 = SURFACE_STYLE_FILL_AREA ( #3919 ) ;
#4274 = ORIENTED_EDGE ( 'NONE', *, *, #4094, .F. ) ;
#4275 = VECTOR ( 'NONE', #4259, 999.9999999999998863 ) ;
#4276 = PLANE ( 'NONE',  #177 ) ;
#4277 = FILL_AREA_STYLE_COLOUR ( '', #1062 ) ;
#4278 = DIRECTION ( 'NONE',  ( 0.000000000000000000, -1.000000000000000000, 0.000000000000000000 ) ) ;
#4279 = SURFACE_SIDE_STYLE ('',( #869 ) ) ;
#4280 = PRESENTATION_STYLE_ASSIGNMENT (( #3177 ) ) ;
#4281 = PRESENTATION_LAYER_ASSIGNMENT (  '', '', ( #4038 ) ) ;
#4282 = ORIENTED_EDGE ( 'NONE', *, *, #1929, .T. ) ;
#4283 = MECHANICAL_DESIGN_GEOMETRIC_PRESENTATION_REPRESENTATION (  '', ( #3650 ), #4916 ) ;
#4284 = CARTESIAN_POINT ( 'NONE',  ( 5.049999999999999822, 5.299999999999999822, -1.300000000000000044 ) ) ;
#4285 = FILL_AREA_STYLE_COLOUR ( '', #2192 ) ;
#4286 = CARTESIAN_POINT ( 'NONE',  ( 20.04999999999999716, 5.299999999999999822, -1.300000000000050004 ) ) ;
#4287 = CIRCLE ( 'NONE', #1491, 0.1999999999999996503 ) ;
#4288 = CARTESIAN_POINT ( 'NONE',  ( 2.449999999999999734, 5.299999999999999822, -1.299999999999988054 ) ) ;
#4289 = EDGE_CURVE ( 'NONE', #3369, #1171, #2190, .T. ) ;
#4290 = ADVANCED_FACE ( 'NONE', ( #999 ), #4529, .T. ) ;
#4291 = EDGE_LOOP ( 'NONE', ( #2865, #3653, #4168, #88 ) ) ;
#4292 = DIRECTION ( 'NONE',  ( 3.491481338843135327E-15, 0.000000000000000000, 1.000000000000000000 ) ) ;
#4293 = EDGE_CURVE ( 'NONE', #3552, #587, #2469, .T. ) ;
#4294 = LINE ( 'NONE', #2068, #3795 ) ;
#4295 = EDGE_CURVE ( 'NONE', #4319, #3006, #4328, .T. ) ;
#4296 = CARTESIAN_POINT ( 'NONE',  ( 4.250000000000000000, -2.500000000000000000, -5.500000000000000000 ) ) ;
#4297 = VERTEX_POINT ( 'NONE', #547 ) ;
#4298 = FILL_AREA_STYLE ('',( #2074 ) ) ;
#4299 = AXIS2_PLACEMENT_3D ( 'NONE', #2444, #3955, #1690 ) ;
#4300 = CARTESIAN_POINT ( 'NONE',  ( -0.4049999999999949751, 6.700000000000000178, -0.6674166975080020325 ) ) ;
#4301 = VERTEX_POINT ( 'NONE', #2883 ) ;
#4302 = CARTESIAN_POINT ( 'NONE',  ( 12.55000000000000071, 2.299999999999999822, -1.300000000000024025 ) ) ;
#4303 = ORIENTED_EDGE ( 'NONE', *, *, #3297, .F. ) ;
#4304 = DIRECTION ( 'NONE',  ( 0.000000000000000000, -1.000000000000000000, 0.000000000000000000 ) ) ;
#4305 = FACE_OUTER_BOUND ( 'NONE', #4475, .T. ) ;
#4306 = CARTESIAN_POINT ( 'NONE',  ( 9.577778913047600540, 12.93132894078256179, -4.399986820169312196 ) ) ;
#4307 = EDGE_CURVE ( 'NONE', #2136, #4206, #4757, .T. ) ;
#4308 = ORIENTED_EDGE ( 'NONE', *, *, #2355, .F. ) ;
#4309 = PLANE ( 'NONE',  #421 ) ;
#4310 = DIRECTION ( 'NONE',  ( 1.000000000000000000, 1.889646980599320192E-14, 1.445393392988216415E-14 ) ) ;
#4311 = DIRECTION ( 'NONE',  ( -3.965082230804130614E-15, -9.912705577010326536E-16, -1.000000000000000000 ) ) ;
#4312 = VERTEX_POINT ( 'NONE', #3586 ) ;
#4313 = DIRECTION ( 'NONE',  ( -3.491481338843135327E-15, 0.000000000000000000, -1.000000000000000000 ) ) ;
#4314 = LINE ( 'NONE', #3966, #3252 ) ;
#4315 =( NAMED_UNIT ( * ) PLANE_ANGLE_UNIT ( ) SI_UNIT ( $, .RADIAN. ) );
#4316 = SURFACE_SIDE_STYLE ('',( #4737 ) ) ;
#4317 = FACE_OUTER_BOUND ( 'NONE', #3986, .T. ) ;
#4318 = ORIENTED_EDGE ( 'NONE', *, *, #3500, .F. ) ;
#4319 = VERTEX_POINT ( 'NONE', #902 ) ;
#4320 = STYLED_ITEM ( 'NONE', ( #3275 ), #431 ) ;
#4321 = ORIENTED_EDGE ( 'NONE', *, *, #1037, .T. ) ;
#4322 = LINE ( 'NONE', #1712, #1225 ) ;
#4323 = ORIENTED_EDGE ( 'NONE', *, *, #2214, .F. ) ;
#4324 = VECTOR ( 'NONE', #2127, 999.9999999999998863 ) ;
#4325 = EDGE_CURVE ( 'NONE', #713, #2963, #4680, .T. ) ;
#4326 = DIRECTION ( 'NONE',  ( 0.000000000000000000, -1.000000000000000000, 0.000000000000000000 ) ) ;
#4327 = DIRECTION ( 'NONE',  ( 0.2292668109506983687, -0.7132745229577346358, -0.6623263427464686215 ) ) ;
#4328 = LINE ( 'NONE', #1336, #750 ) ;
#4329 = AXIS2_PLACEMENT_3D ( 'NONE', #1616, #2779, #2007 ) ;
#4330 = CARTESIAN_POINT ( 'NONE',  ( 3.250000000000000000, -2.500000000000000000, -5.500000000000000000 ) ) ;
#4331 = TOROIDAL_SURFACE ( 'NONE', #2126, 1.660966932452119904, 0.1000000000000000056 ) ;
#4332 = DIRECTION ( 'NONE',  ( -1.794541526872519968E-14, 1.000000000000000000, 7.429178088055459347E-29 ) ) ;
#4333 = COLOUR_RGB ( '',0.8313725490196077761, 0.8392156862745098200, 0.8313725490196077761 ) ;
#4334 = EDGE_LOOP ( 'NONE', ( #3084, #2369, #2528, #3936, #3042, #1809 ) ) ;
#4335 = DIRECTION ( 'NONE',  ( 3.440759152716020001E-30, -1.000000000000000000, 9.854725885076841607E-16 ) ) ;
#4336 = LINE ( 'NONE', #1654, #4029 ) ;
#4337 =( NAMED_UNIT ( * ) PLANE_ANGLE_UNIT ( ) SI_UNIT ( $, .RADIAN. ) );
#4338 = AXIS2_PLACEMENT_3D ( 'NONE', #4652, #3459, #4628 ) ;
#4339 = AXIS2_PLACEMENT_3D ( 'NONE', #2416, #496, #2047 ) ;
#4340 = VERTEX_POINT ( 'NONE', #173 ) ;
#4341 = VECTOR ( 'NONE', #535, 1000.000000000000000 ) ;
#4342 = ORIENTED_EDGE ( 'NONE', *, *, #552, .F. ) ;
#4343 = MECHANICAL_DESIGN_GEOMETRIC_PRESENTATION_REPRESENTATION (  '', ( #3092 ), #3241 ) ;
#4344 = PRESENTATION_STYLE_ASSIGNMENT (( #1629 ) ) ;
#4345 = ORIENTED_EDGE ( 'NONE', *, *, #679, .T. ) ;
#4346 = SURFACE_SIDE_STYLE ('',( #952 ) ) ;
#4347 = EDGE_CURVE ( 'NONE', #232, #3828, #283, .T. ) ;
#4348 = VERTEX_POINT ( 'NONE', #979 ) ;
#4349 = EDGE_CURVE ( 'NONE', #83, #2875, #4002, .T. ) ;
#4350 = CIRCLE ( 'NONE', #2210, 1.827270781290140089 ) ;
#4351 = COLOUR_RGB ( '',0.8313725490196077761, 0.8392156862745098200, 0.8313725490196077761 ) ;
#4352 = DIRECTION ( 'NONE',  ( 0.000000000000000000, -1.000000000000000000, 0.000000000000000000 ) ) ;
#4353 = CARTESIAN_POINT ( 'NONE',  ( 9.560565600584894241, 12.91623869234281585, -5.200004712590711620 ) ) ;
#4354 = DIRECTION ( 'NONE',  ( 0.000000000000000000, 0.000000000000000000, -1.000000000000000000 ) ) ;
#4355 = DIRECTION ( 'NONE',  ( 0.000000000000000000, 1.000000000000000000, 0.000000000000000000 ) ) ;
#4356 = MECHANICAL_DESIGN_GEOMETRIC_PRESENTATION_REPRESENTATION (  '', ( #1326 ), #1245 ) ;
#4357 = EDGE_CURVE ( 'NONE', #1419, #2727, #129, .T. ) ;
#4358 = CARTESIAN_POINT ( 'NONE',  ( 11.75000000000000000, -5.550000000781570186, -4.700000000000000178 ) ) ;
#4359 = SURFACE_SIDE_STYLE ('',( #3959 ) ) ;
#4360 = PRESENTATION_LAYER_ASSIGNMENT (  '', '', ( #1741 ) ) ;
#4361 = FACE_OUTER_BOUND ( 'NONE', #2226, .T. ) ;
#4362 = PRESENTATION_LAYER_ASSIGNMENT (  '', '', ( #3727 ) ) ;
#4363 = EDGE_LOOP ( 'NONE', ( #1771, #741, #4211, #2640 ) ) ;
#4364 = DIRECTION ( 'NONE',  ( 0.000000000000000000, 1.000000000000000000, 0.000000000000000000 ) ) ;
#4365 =( GEOMETRIC_REPRESENTATION_CONTEXT ( 3 ) GLOBAL_UNCERTAINTY_ASSIGNED_CONTEXT ( ( #2674 ) ) GLOBAL_UNIT_ASSIGNED_CONTEXT ( ( #1861, #677, #3681 ) ) REPRESENTATION_CONTEXT ( 'NONE', 'WORKASPACE' ) );
#4366 = PRESENTATION_STYLE_ASSIGNMENT (( #1320 ) ) ;
#4367 = UNCERTAINTY_MEASURE_WITH_UNIT (LENGTH_MEASURE( 1.000000000000000082E-05 ), #4684, 'distance_accuracy_value', 'NONE');
#4368 =( LENGTH_UNIT ( ) NAMED_UNIT ( * ) SI_UNIT ( .MILLI., .METRE. ) );
#4369 = SURFACE_STYLE_FILL_AREA ( #4046 ) ;
#4370 = EDGE_LOOP ( 'NONE', ( #2618, #1032, #4198, #996 ) ) ;
#4371 = ORIENTED_EDGE ( 'NONE', *, *, #64, .F. ) ;
#4372 = PLANE ( 'NONE',  #184 ) ;
#4373 = CARTESIAN_POINT ( 'NONE',  ( 18.75000000000000711, 11.67312853167970133, -2.901341823842455536 ) ) ;
#4374 = ORIENTED_EDGE ( 'NONE', *, *, #3921, .T. ) ;
#4375 = FILL_AREA_STYLE ('',( #3551 ) ) ;
#4376 =( NAMED_UNIT ( * ) PLANE_ANGLE_UNIT ( ) SI_UNIT ( $, .RADIAN. ) );
#4377 = CARTESIAN_POINT ( 'NONE',  ( 9.549289970351003021, 12.90113813255464770, -5.200014613598400892 ) ) ;
#4378 = CARTESIAN_POINT ( 'NONE',  ( 4.404347826086945084, 3.291304347826100152, -3.165217391304354866 ) ) ;
#4379 = LINE ( 'NONE', #3203, #1337 ) ;
#4380 = CARTESIAN_POINT ( 'NONE',  ( 12.86208286099052067, 12.94999999999999929, -5.200000000000000178 ) ) ;
#4381 = DIRECTION ( 'NONE',  ( 0.2292668109507029761, 0.7132745229577348578, 0.6623263427464668451 ) ) ;
#4382 = ORIENTED_EDGE ( 'NONE', *, *, #4517, .T. ) ;
#4383 = CARTESIAN_POINT ( 'NONE',  ( 20.04999999999999716, 2.299999999999999822, -1.300000000000050004 ) ) ;
#4384 = DIRECTION ( 'NONE',  ( -3.646523314876840477E-30, 1.000000000000000000, -1.044405786824304065E-15 ) ) ;
#4385 = CARTESIAN_POINT ( 'NONE',  ( 16.25000000000000000, -3.500000000000000000, -5.500000000000000000 ) ) ;
#4386 = ORIENTED_EDGE ( 'NONE', *, *, #2583, .F. ) ;
#4387 = EDGE_CURVE ( 'NONE', #4647, #1258, #4379, .T. ) ;
#4388 = EDGE_LOOP ( 'NONE', ( #4506, #3344, #2272, #1587, #3312, #3991, #2847, #1079, #4261, #1482, #374, #1805, #1613, #1163, #1665, #668, #220 ) ) ;
#4389 = CARTESIAN_POINT ( 'NONE',  ( 20.36208286099055087, 12.94999999999999929, -5.200000000000000178 ) ) ;
#4390 = LINE ( 'NONE', #972, #2701 ) ;
#4391 = PRESENTATION_LAYER_ASSIGNMENT (  '', '', ( #160 ) ) ;
#4392 = ORIENTED_EDGE ( 'NONE', *, *, #4458, .T. ) ;
#4393 = DIRECTION ( 'NONE',  ( 0.000000000000000000, 0.000000000000000000, -1.000000000000000000 ) ) ;
#4394 = CARTESIAN_POINT ( 'NONE',  ( 20.04999999999999716, 2.299999999999999822, -1.300000000000050004 ) ) ;
#4395 = DIRECTION ( 'NONE',  ( 0.000000000000000000, 0.000000000000000000, -1.000000000000000000 ) ) ;
#4396 = PRESENTATION_LAYER_ASSIGNMENT (  '', '', ( #4642 ) ) ;
#4397 = FACE_OUTER_BOUND ( 'NONE', #4121, .T. ) ;
#4398 = DIRECTION ( 'NONE',  ( 0.000000000000000000, -1.171453342316279939E-15, -1.000000000000000000 ) ) ;
#4399 = CARTESIAN_POINT ( 'NONE',  ( 9.950000000000001066, 6.463650144630769706E-15, -1.300000000000014033 ) ) ;
#4400 = PRESENTATION_STYLE_ASSIGNMENT (( #3665 ) ) ;
#4401 = COLOUR_RGB ( '',0.8313725490196077761, 0.8392156862745098200, 0.8313725490196077761 ) ;
#4402 = ADVANCED_FACE ( 'NONE', ( #933 ), #3956, .F. ) ;
#4403 = PRESENTATION_STYLE_ASSIGNMENT (( #3615 ) ) ;
#4404 = ORIENTED_EDGE ( 'NONE', *, *, #2230, .F. ) ;
#4405 = CARTESIAN_POINT ( 'NONE',  ( 2.449999999999999734, 1.232091685621209860E-14, -1.600000000000000089 ) ) ;
#4406 =( GEOMETRIC_REPRESENTATION_CONTEXT ( 3 ) GLOBAL_UNCERTAINTY_ASSIGNED_CONTEXT ( ( #2569 ) ) GLOBAL_UNIT_ASSIGNED_CONTEXT ( ( #1525, #1502, #2768 ) ) REPRESENTATION_CONTEXT ( 'NONE', 'WORKASPACE' ) );
#4407 = VECTOR ( 'NONE', #3060, 1000.000000000000000 ) ;
#4408 = CARTESIAN_POINT ( 'NONE',  ( 11.54999999999999893, -3.500000000000000000, -5.500000000000000000 ) ) ;
#4409 = CARTESIAN_POINT ( 'NONE',  ( -0.4699999999999999734, 6.700000000000000178, -1.619999999999999885 ) ) ;
#4410 = CARTESIAN_POINT ( 'NONE',  ( 3.250000000000000000, 0.1499999992184100073, -4.700000000000000178 ) ) ;
#4411 = VERTEX_POINT ( 'NONE', #2080 ) ;
#4412 = AXIS2_PLACEMENT_3D ( 'NONE', #1877, #1539, #2710 ) ;
#4413 = VERTEX_POINT ( 'NONE', #3637 ) ;
#4414 = SURFACE_STYLE_USAGE ( .BOTH. , #2920 ) ;
#4415 = COLOUR_RGB ( '',0.8313725490196077761, 0.8392156862745098200, 0.8313725490196077761 ) ;
#4416 = VECTOR ( 'NONE', #3313, 1000.000000000000000 ) ;
#4417 = ORIENTED_EDGE ( 'NONE', *, *, #2946, .F. ) ;
#4418 = PLANE ( 'NONE',  #990 ) ;
#4419 = AXIS2_PLACEMENT_3D ( 'NONE', #2832, #4335, #2867 ) ;
#4420 = STYLED_ITEM ( 'NONE', ( #3028 ), #2202 ) ;
#4421 = CARTESIAN_POINT ( 'NONE',  ( 17.07495780783547445, 12.92936467594071814, -4.400000362272405319 ) ) ;
#4422 = CARTESIAN_POINT ( 'NONE',  ( 11.25000000000000355, 12.95000000000000107, -3.139033067547879696 ) ) ;
#4423 = STYLED_ITEM ( 'NONE', ( #4618 ), #3595 ) ;
#4424 = MECHANICAL_DESIGN_GEOMETRIC_PRESENTATION_REPRESENTATION (  '', ( #3482 ), #3544 ) ;
#4425 = CARTESIAN_POINT ( 'NONE',  ( 18.75000000000000000, 12.94999999999999929, -4.799999999999999822 ) ) ;
#4426 = COLOUR_RGB ( '',0.8313725490196077761, 0.8392156862745098200, 0.8313725490196077761 ) ;
#4427 = PLANE ( 'NONE',  #2381 ) ;
#4428 = ORIENTED_EDGE ( 'NONE', *, *, #2680, .F. ) ;
#4429 = CARTESIAN_POINT ( 'NONE',  ( 9.950000000000001066, 6.448253190701979736E-15, -1.500000000000000000 ) ) ;
#4430 = AXIS2_PLACEMENT_3D ( 'NONE', #2445, #1746, #4398 ) ;
#4431 = DIRECTION ( 'NONE',  ( 0.000000000000000000, 0.000000000000000000, 1.000000000000000000 ) ) ;
#4432 = STYLED_ITEM ( 'NONE', ( #1024 ), #4496 ) ;
#4433 = ADVANCED_FACE ( 'NONE', ( #3278 ), #4782, .F. ) ;
#4434 = ORIENTED_EDGE ( 'NONE', *, *, #791, .F. ) ;
#4435 =( NAMED_UNIT ( * ) SI_UNIT ( $, .STERADIAN. ) SOLID_ANGLE_UNIT ( ) );
#4436 = ORIENTED_EDGE ( 'NONE', *, *, #4164, .T. ) ;
#4437 = FACE_OUTER_BOUND ( 'NONE', #1134, .T. ) ;
#4438 = FILL_AREA_STYLE_COLOUR ( '', #647 ) ;
#4439 = CARTESIAN_POINT ( 'NONE',  ( 5.549211327328459120, 12.14999999999999858, -5.200000000000000178 ) ) ;
#4440 = DIRECTION ( 'NONE',  ( -0.9805806756909202226, -0.1961161351381840445, 3.423679130405040838E-15 ) ) ;
#4441 = CARTESIAN_POINT ( 'NONE',  ( 10.74999999999985967, 0.1499999992184100073, -4.700000000000000178 ) ) ;
#4442 =( NAMED_UNIT ( * ) PLANE_ANGLE_UNIT ( ) SI_UNIT ( $, .RADIAN. ) );
#4443 = EDGE_CURVE ( 'NONE', #2743, #2266, #2509, .T. ) ;
#4444 = ORIENTED_EDGE ( 'NONE', *, *, #2470, .F. ) ;
#4445 = CARTESIAN_POINT ( 'NONE',  ( 2.137917139009494871, 12.94999999999999929, -4.400000000000000355 ) ) ;
#4446 = DIRECTION ( 'NONE',  ( 3.394318807178988950E-15, 1.044405786824304262E-15, 1.000000000000000000 ) ) ;
#4447 = CARTESIAN_POINT ( 'NONE',  ( 22.50000000000000000, 6.700000000000000178, -8.039696551146089831 ) ) ;
#4448 = VERTEX_POINT ( 'NONE', #1287 ) ;
#4449 = EDGE_CURVE ( 'NONE', #20, #1760, #2824, .T. ) ;
#4450 = ORIENTED_EDGE ( 'NONE', *, *, #2849, .T. ) ;
#4451 = FILL_AREA_STYLE ('',( #3676 ) ) ;
#4452 = ORIENTED_EDGE ( 'NONE', *, *, #2178, .F. ) ;
#4453 = SURFACE_SIDE_STYLE ('',( #1065 ) ) ;
#4454 = CARTESIAN_POINT ( 'NONE',  ( 3.316709928617794567, 2.603569110966920341, -3.803828682673580097 ) ) ;
#4455 = CARTESIAN_POINT ( 'NONE',  ( 17.08453057920237939, 12.93756816607937310, -5.200002378465128139 ) ) ;
#4456 = CARTESIAN_POINT ( 'NONE',  ( 5.049999999999999822, 2.299999999999999822, -1.500000000000000000 ) ) ;
#4457 = PRESENTATION_STYLE_ASSIGNMENT (( #1764 ) ) ;
#4458 = EDGE_CURVE ( 'NONE', #4956, #3336, #1989, .T. ) ;
#4459 = FACE_OUTER_BOUND ( 'NONE', #2733, .T. ) ;
#4460 = STYLED_ITEM ( 'NONE', ( #2363 ), #91 ) ;
#4461 = DIRECTION ( 'NONE',  ( 1.000000000000000000, 0.000000000000000000, -3.491481338843135327E-15 ) ) ;
#4462 = FILL_AREA_STYLE ('',( #2698 ) ) ;
#4463 = COLOUR_RGB ( '',0.8313725490196077761, 0.8392156862745098200, 0.8313725490196077761 ) ;
#4464 = EDGE_CURVE ( 'NONE', #4340, #3734, #4144, .T. ) ;
#4465 = EDGE_LOOP ( 'NONE', ( #2764, #3402, #2053, #2314, #4882, #467, #1513, #4071, #3024, #4565, #1076, #947, #3738, #3392, #849, #1780, #2481, #4904, #137, #1738, #2077, #4713, #3101, #1009, #285, #1139, #4374, #4624 ) ) ;
#4466 = CARTESIAN_POINT ( 'NONE',  ( 2.077778913047600096, 12.93132894078256179, -4.399986820169313084 ) ) ;
#4467 = PRESENTATION_LAYER_ASSIGNMENT (  '', '', ( #1703 ) ) ;
#4468 = CARTESIAN_POINT ( 'NONE',  ( 2.449999999999999734, 1.232091685621209860E-14, -1.299999999999988054 ) ) ;
#4469 = AXIS2_PLACEMENT_3D ( 'NONE', #1722, #874, #205 ) ;
#4470 = DIRECTION ( 'NONE',  ( -1.000000000000000000, 0.000000000000000000, 0.000000000000000000 ) ) ;
#4471 = ORIENTED_EDGE ( 'NONE', *, *, #3274, .F. ) ;
#4472 = VECTOR ( 'NONE', #1048, 999.9999999999998863 ) ;
#4473 = ORIENTED_EDGE ( 'NONE', *, *, #1766, .T. ) ;
#4474 =( NAMED_UNIT ( * ) SI_UNIT ( $, .STERADIAN. ) SOLID_ANGLE_UNIT ( ) );
#4475 = EDGE_LOOP ( 'NONE', ( #1362, #4342, #2850, #3127 ) ) ;
#4476 = CIRCLE ( 'NONE', #4730, 0.1300000000000016420 ) ;
#4477 = SURFACE_STYLE_FILL_AREA ( #674 ) ;
#4478 = FACE_BOUND ( 'NONE', #3066, .T. ) ;
#4479 =( GEOMETRIC_REPRESENTATION_CONTEXT ( 3 ) GLOBAL_UNCERTAINTY_ASSIGNED_CONTEXT ( ( #1515 ) ) GLOBAL_UNIT_ASSIGNED_CONTEXT ( ( #4033, #597, #3298 ) ) REPRESENTATION_CONTEXT ( 'NONE', 'WORKASPACE' ) );
#4480 = EDGE_LOOP ( 'NONE', ( #2289, #3293, #3441, #2101, #1437 ) ) ;
#4481 = PRESENTATION_LAYER_ASSIGNMENT (  '', '', ( #1548 ) ) ;
#4482 = CARTESIAN_POINT ( 'NONE',  ( 26.25000000000000000, 0.000000000000000000, -10.20000000000000107 ) ) ;
#4483 =( NAMED_UNIT ( * ) PLANE_ANGLE_UNIT ( ) SI_UNIT ( $, .RADIAN. ) );
#4484 = STYLED_ITEM ( 'NONE', ( #3597 ), #2081 ) ;
#4485 = FACE_BOUND ( 'NONE', #683, .T. ) ;
#4486 = EDGE_CURVE ( 'NONE', #1102, #1821, #4056, .T. ) ;
#4487 = VECTOR ( 'NONE', #2827, 1000.000000000000000 ) ;
#4488 = ORIENTED_EDGE ( 'NONE', *, *, #1827, .F. ) ;
#4489 = ORIENTED_EDGE ( 'NONE', *, *, #432, .T. ) ;
#4490 = SURFACE_STYLE_FILL_AREA ( #712 ) ;
#4491 = ORIENTED_EDGE ( 'NONE', *, *, #2532, .F. ) ;
#4492 = ORIENTED_EDGE ( 'NONE', *, *, #2912, .F. ) ;
#4493 = AXIS2_PLACEMENT_3D ( 'NONE', #4086, #3675, #608 ) ;
#4494 = AXIS2_PLACEMENT_3D ( 'NONE', #2227, #1926, #4254 ) ;
#4495 =( NAMED_UNIT ( * ) PLANE_ANGLE_UNIT ( ) SI_UNIT ( $, .RADIAN. ) );
#4496 = ADVANCED_FACE ( 'NONE', ( #307 ), #3967, .T. ) ;
#4497 = CARTESIAN_POINT ( 'NONE',  ( 22.00999999999999801, 6.700000000000000178, -1.643094010767635060 ) ) ;
#4498 = UNCERTAINTY_MEASURE_WITH_UNIT (LENGTH_MEASURE( 1.000000000000000082E-05 ), #3870, 'distance_accuracy_value', 'NONE');
#4499 = AXIS2_PLACEMENT_3D ( 'NONE', #4497, #1489, #3794 ) ;
#4500 = CARTESIAN_POINT ( 'NONE',  ( 12.96424679675910063, 12.86156426583980128, -4.400000000000000355 ) ) ;
#4501 = ORIENTED_EDGE ( 'NONE', *, *, #3468, .T. ) ;
#4502 = AXIS2_PLACEMENT_3D ( 'NONE', #1341, #549, #1452 ) ;
#4503 = ORIENTED_EDGE ( 'NONE', *, *, #2086, .F. ) ;
#4504 = DIRECTION ( 'NONE',  ( 3.449154059776895647E-15, 9.854725885076845551E-16, 1.000000000000000000 ) ) ;
#4505 = DIRECTION ( 'NONE',  ( 0.000000000000000000, -1.000000000000000000, -3.334909476821829649E-28 ) ) ;
#4506 = ORIENTED_EDGE ( 'NONE', *, *, #953, .T. ) ;
#4507 = COLOUR_RGB ( '',0.8313725490196077761, 0.8392156862745098200, 0.8313725490196077761 ) ;
#4508 = FILL_AREA_STYLE ('',( #3338 ) ) ;
#4509 = DIRECTION ( 'NONE',  ( -4.012160682393135454E-16, -0.9932908816600527491, -0.1156426582667281766 ) ) ;
#4510 = CIRCLE ( 'NONE', #2388, 1.975000000000000977 ) ;
#4511 = ORIENTED_EDGE ( 'NONE', *, *, #3231, .T. ) ;
#4512 = DIRECTION ( 'NONE',  ( 0.000000000000000000, 1.000000000000000000, 0.000000000000000000 ) ) ;
#4513 = B_SPLINE_CURVE_WITH_KNOTS ( 'NONE', 3,
 ( #930, #4803, #1285, #2820, #3954, #2105 ),
 .UNSPECIFIED., .F., .F.,
 ( 4, 2, 4 ),
 ( 0.000000000000000000, 0.5557190870556969475, 1.000000000000000000 ),
 .UNSPECIFIED. ) ;
#4514 = ORIENTED_EDGE ( 'NONE', *, *, #3289, .F. ) ;
#4515 =( NAMED_UNIT ( * ) SI_UNIT ( $, .STERADIAN. ) SOLID_ANGLE_UNIT ( ) );
#4516 = CARTESIAN_POINT ( 'NONE',  ( 2.602085213965209853E-15, 6.700000000000000178, -0.9012435565298020368 ) ) ;
#4517 = EDGE_CURVE ( 'NONE', #4956, #3185, #4768, .T. ) ;
#4518 = CARTESIAN_POINT ( 'NONE',  ( 1.779999999999999805, 12.94999999999999929, -5.200000000000000178 ) ) ;
#4519 = CARTESIAN_POINT ( 'NONE',  ( -0.4700000000000249534, 6.700000000000000178, -8.769999999999999574 ) ) ;
#4520 = ORIENTED_EDGE ( 'NONE', *, *, #1340, .T. ) ;
#4521 = VERTEX_POINT ( 'NONE', #2177 ) ;
#4522 = CARTESIAN_POINT ( 'NONE',  ( -0.4699999999999999734, 6.700000000000000178, -0.7799999999999779332 ) ) ;
#4523 = ORIENTED_EDGE ( 'NONE', *, *, #2086, .T. ) ;
#4524 = AXIS2_PLACEMENT_3D ( 'NONE', #1023, #2580, #1356 ) ;
#4525 = CARTESIAN_POINT ( 'NONE',  ( -0.5999999999999999778, 1.464316677895339915E-15, -1.619999999999999885 ) ) ;
#4526 = DIRECTION ( 'NONE',  ( 3.440759152716020001E-30, -1.000000000000000000, 9.854725885076841607E-16 ) ) ;
#4527 = EDGE_LOOP ( 'NONE', ( #2947, #829, #3625, #2242 ) ) ;
#4528 = VERTEX_POINT ( 'NONE', #2220 ) ;
#4529 = PLANE ( 'NONE',  #4430 ) ;
#4530 = VERTEX_POINT ( 'NONE', #4422 ) ;
#4531 =( NAMED_UNIT ( * ) SI_UNIT ( $, .STERADIAN. ) SOLID_ANGLE_UNIT ( ) );
#4532 = PRODUCT_RELATED_PRODUCT_CATEGORY ( 'part', '', ( #4059 ) ) ;
#4533 = PRESENTATION_STYLE_ASSIGNMENT (( #2310 ) ) ;
#4534 = CARTESIAN_POINT ( 'NONE',  ( 18.25000000000000000, 0.000000000000000000, -4.700000000000000178 ) ) ;
#4535 = ORIENTED_EDGE ( 'NONE', *, *, #3553, .F. ) ;
#4536 = DIRECTION ( 'NONE',  ( -0.8660254037844381525, 0.000000000000000000, 0.5000000000000007772 ) ) ;
#4537 = ORIENTED_EDGE ( 'NONE', *, *, #2552, .F. ) ;
#4538 = DIRECTION ( 'NONE',  ( 3.654630407103378399E-15, 9.136576017758445997E-16, 1.000000000000000000 ) ) ;
#4539 = DIRECTION ( 'NONE',  ( 1.000000000000000000, 0.000000000000000000, -4.043238169624559932E-15 ) ) ;
#4540 = DIRECTION ( 'NONE',  ( 3.440759152716020001E-30, -1.000000000000000000, 9.854725885076841607E-16 ) ) ;
#4541 = ORIENTED_EDGE ( 'NONE', *, *, #3763, .T. ) ;
#4542 = PRESENTATION_LAYER_ASSIGNMENT (  '', '', ( #1773 ) ) ;
#4543 = ORIENTED_EDGE ( 'NONE', *, *, #2406, .T. ) ;
#4544 = LINE ( 'NONE', #2668, #3007 ) ;
#4545 = EDGE_LOOP ( 'NONE', ( #4520, #3616, #4797, #424 ) ) ;
#4546 = SURFACE_STYLE_FILL_AREA ( #4208 ) ;
#4547 = ORIENTED_EDGE ( 'NONE', *, *, #764, .F. ) ;
#4548 = DIRECTION ( 'NONE',  ( 0.000000000000000000, 0.000000000000000000, -1.000000000000000000 ) ) ;
#4549 = EDGE_CURVE ( 'NONE', #2254, #2554, #132, .T. ) ;
#4550 = AXIS2_PLACEMENT_3D ( 'NONE', #1974, #1559, #4925 ) ;
#4551 = DIRECTION ( 'NONE',  ( 3.941890354030738221E-15, 9.854725885076845551E-16, 1.000000000000000000 ) ) ;
#4552 = UNCERTAINTY_MEASURE_WITH_UNIT (LENGTH_MEASURE( 1.000000000000000082E-05 ), #84, 'distance_accuracy_value', 'NONE');
#4553 = EDGE_CURVE ( 'NONE', #2816, #2609, #4510, .T. ) ;
#4554 = ADVANCED_FACE ( 'NONE', ( #2990 ), #2639, .T. ) ;
#4555 = FACE_OUTER_BOUND ( 'NONE', #534, .T. ) ;
#4556 = DIRECTION ( 'NONE',  ( -0.9805806756909202226, -0.1961161351381840445, 3.423679130405040838E-15 ) ) ;
#4557 = DIRECTION ( 'NONE',  ( -3.491481338843135327E-15, 0.000000000000000000, -1.000000000000000000 ) ) ;
#4558 = VERTEX_POINT ( 'NONE', #341 ) ;
#4559 = DIRECTION ( 'NONE',  ( -3.491481338843135327E-15, 0.000000000000000000, -1.000000000000000000 ) ) ;
#4560 = LINE ( 'NONE', #1144, #312 ) ;
#4561 = CARTESIAN_POINT ( 'NONE',  ( 11.24999999999999289, 11.49572309693831684, -6.627270781290139468 ) ) ;
#4562 = ORIENTED_EDGE ( 'NONE', *, *, #3286, .F. ) ;
#4563 = DIRECTION ( 'NONE',  ( 0.000000000000000000, -1.000000000000000000, 0.000000000000000000 ) ) ;
#4564 = VECTOR ( 'NONE', #1547, 1000.000000000000000 ) ;
#4565 = ORIENTED_EDGE ( 'NONE', *, *, #1239, .F. ) ;
#4566 = PRESENTATION_STYLE_ASSIGNMENT (( #2722 ) ) ;
#4567 = LINE ( 'NONE', #4200, #4738 ) ;
#4568 = CARTESIAN_POINT ( 'NONE',  ( 9.466509407023998790, 12.28181210550289926, -4.400000000000000355 ) ) ;
#4569 = PLANE ( 'NONE',  #4825 ) ;
#4570 =( GEOMETRIC_REPRESENTATION_CONTEXT ( 3 ) GLOBAL_UNCERTAINTY_ASSIGNED_CONTEXT ( ( #4817 ) ) GLOBAL_UNIT_ASSIGNED_CONTEXT ( ( #3854, #1235, #847 ) ) REPRESENTATION_CONTEXT ( 'NONE', 'WORKASPACE' ) );
#4571 = DIRECTION ( 'NONE',  ( 0.000000000000000000, 1.000000000000000000, 0.000000000000000000 ) ) ;
#4572 = CARTESIAN_POINT ( 'NONE',  ( 13.00000000000000000, 1.800000000000000044, -2.515349040166369971E-14 ) ) ;
#4573 = ORIENTED_EDGE ( 'NONE', *, *, #888, .T. ) ;
#4574 = AXIS2_PLACEMENT_3D ( 'NONE', #3129, #705, #4249 ) ;
#4575 = VECTOR ( 'NONE', #4292, 1000.000000000000000 ) ;
#4576 = VERTEX_POINT ( 'NONE', #4173 ) ;
#4577 = PLANE ( 'NONE',  #832 ) ;
#4578 = ORIENTED_EDGE ( 'NONE', *, *, #4861, .F. ) ;
#4579 = CARTESIAN_POINT ( 'NONE',  ( 22.50000000000000000, 5.000000000000000000, -10.20000000000000107 ) ) ;
#4580 = AXIS2_PLACEMENT_3D ( 'NONE', #2313, #1916, #1205 ) ;
#4581 = STYLED_ITEM ( 'NONE', ( #1243 ), #2342 ) ;
#4582 = DIRECTION ( 'NONE',  ( -1.000000000000000000, -1.794541526872519968E-14, -1.445393392988216415E-14 ) ) ;
#4583 = ORIENTED_EDGE ( 'NONE', *, *, #1922, .F. ) ;
#4584 = DIRECTION ( 'NONE',  ( 0.000000000000000000, 1.000000000000000000, 0.000000000000000000 ) ) ;
#4585 = VECTOR ( 'NONE', #2006, 1000.000000000000000 ) ;
#4586 = PRESENTATION_STYLE_ASSIGNMENT (( #34 ) ) ;
#4587 = CARTESIAN_POINT ( 'NONE',  ( 17.10783767663052757, 12.95000000000000817, -5.199999999999992184 ) ) ;
#4588 = EDGE_CURVE ( 'NONE', #4820, #1501, #2225, .T. ) ;
#4589 = EDGE_CURVE ( 'NONE', #4312, #3627, #1479, .T. ) ;
#4590 = MECHANICAL_DESIGN_GEOMETRIC_PRESENTATION_REPRESENTATION (  '', ( #2607 ), #4035 ) ;
#4591 = CARTESIAN_POINT ( 'NONE',  ( -2.168404344971009815E-14, 13.87351249054149882, -7.957244095797189942 ) ) ;
#4592 = DIRECTION ( 'NONE',  ( 4.336808689942025625E-15, 0.000000000000000000, 1.000000000000000000 ) ) ;
#4593 = EDGE_CURVE ( 'NONE', #117, #4175, #4287, .T. ) ;
#4594 = VECTOR ( 'NONE', #492, 1000.000000000000000 ) ;
#4595 = DIRECTION ( 'NONE',  ( 3.426216006659417643E-15, 9.136576017758445997E-16, 1.000000000000000000 ) ) ;
#4596 = EDGE_CURVE ( 'NONE', #2183, #4676, #1898, .T. ) ;
#4597 = DIRECTION ( 'NONE',  ( -1.000000000000000000, 0.000000000000000000, 3.684596229616635536E-15 ) ) ;
#4598 = ORIENTED_EDGE ( 'NONE', *, *, #754, .T. ) ;
#4599 = DIRECTION ( 'NONE',  ( 0.000000000000000000, -1.000000000000000000, 0.000000000000000000 ) ) ;
#4600 = CONICAL_SURFACE ( 'NONE', #932, 1.749999999999999778, 0.1159019744065877128 ) ;
#4601 = ORIENTED_EDGE ( 'NONE', *, *, #3031, .F. ) ;
#4602 = DIRECTION ( 'NONE',  ( -3.495484022111249990E-30, 1.000000000000000000, -9.411788633772680037E-16 ) ) ;
#4603 = CARTESIAN_POINT ( 'NONE',  ( 18.75000000000000000, 12.94999999999999929, -4.799999999999999822 ) ) ;
#4604 = CARTESIAN_POINT ( 'NONE',  ( 22.00999999999999801, 6.700000000000000178, -7.906905989232479115 ) ) ;
#4605 = LINE ( 'NONE', #1188, #1391 ) ;
#4606 = AXIS2_PLACEMENT_3D ( 'NONE', #3072, #423, #2344 ) ;
#4607 = CARTESIAN_POINT ( 'NONE',  ( 8.673617379884030542E-16, 1.464316677895339915E-15, -1.498756443470159905 ) ) ;
#4608 = ORIENTED_EDGE ( 'NONE', *, *, #835, .T. ) ;
#4609 = CARTESIAN_POINT ( 'NONE',  ( 12.55000000000000071, 6.448253190701979736E-15, -1.500000000000024869 ) ) ;
#4610 = PLANE ( 'NONE',  #4248 ) ;
#4611 = SURFACE_STYLE_FILL_AREA ( #2402 ) ;
#4612 = CARTESIAN_POINT ( 'NONE',  ( 21.87999999999999901, 6.700000000000000178, -1.643094010767635060 ) ) ;
#4613 = VERTEX_POINT ( 'NONE', #2696 ) ;
#4614 = B_SPLINE_CURVE_WITH_KNOTS ( 'NONE', 3,
 ( #2358, #1176, #1960, #1910, #3477, #37, #2628, #440, #1578, #3119, #1087, #2737 ),
 .UNSPECIFIED., .F., .F.,
 ( 4, 2, 2, 2, 2, 4 ),
 ( 0.000000000000000000, 0.1656850625120299958, 0.3885890814077059829, 0.6150867865062989992, 0.8474117590107780318, 1.000000000000000000 ),
 .UNSPECIFIED. ) ;
#4615 = CARTESIAN_POINT ( 'NONE',  ( 9.466509407023998790, 12.28181210550289926, -5.200000000000000178 ) ) ;
#4616 = CARTESIAN_POINT ( 'NONE',  ( 17.75000000000000000, 4.984159143999969288, -4.700000000000000178 ) ) ;
#4617 = CARTESIAN_POINT ( 'NONE',  ( 12.49038461538460076, 1.201923076923079980, -5.500000000000000000 ) ) ;
#4618 = PRESENTATION_STYLE_ASSIGNMENT (( #693 ) ) ;
#4619 = DIRECTION ( 'NONE',  ( 0.000000000000000000, -1.000000000000000000, 0.000000000000000000 ) ) ;
#4620 = EDGE_CURVE ( 'NONE', #4731, #469, #51, .T. ) ;
#4621 = PLANE ( 'NONE',  #3303 ) ;
#4622 = ORIENTED_EDGE ( 'NONE', *, *, #363, .F. ) ;
#4623 = DIRECTION ( 'NONE',  ( -1.000000000000000000, 0.000000000000000000, 3.491481338843135327E-15 ) ) ;
#4624 = ORIENTED_EDGE ( 'NONE', *, *, #2094, .T. ) ;
#4625 = FILL_AREA_STYLE ('',( #3487 ) ) ;
#4626 = EDGE_CURVE ( 'NONE', #4857, #4922, #4147, .T. ) ;
#4627 = EDGE_CURVE ( 'NONE', #3179, #4867, #1427, .T. ) ;
#4628 = DIRECTION ( 'NONE',  ( 0.000000000000000000, 0.000000000000000000, 1.000000000000000000 ) ) ;
#4629 = CARTESIAN_POINT ( 'NONE',  ( 9.523155335579298608, 12.75618793725189981, -4.400000000000000355 ) ) ;
#4630 = DIRECTION ( 'NONE',  ( 0.000000000000000000, -1.000000000000000000, -3.334909476821829649E-28 ) ) ;
#4631 = EDGE_CURVE ( 'NONE', #4576, #3745, #1747, .T. ) ;
#4632 = EDGE_LOOP ( 'NONE', ( #413, #301, #4143, #2491 ) ) ;
#4633 = DIRECTION ( 'NONE',  ( 1.000000000000000000, 0.000000000000000000, 1.445393392988216415E-14 ) ) ;
#4634 = MECHANICAL_DESIGN_GEOMETRIC_PRESENTATION_REPRESENTATION (  '', ( #4707 ), #3913 ) ;
#4635 = PLANE ( 'NONE',  #3306 ) ;
#4636 = CARTESIAN_POINT ( 'NONE',  ( -2.341876692568689893E-14, 6.700000000000000178, -8.648756443470160704 ) ) ;
#4637 = CARTESIAN_POINT ( 'NONE',  ( 17.02315533557930038, 12.75618793725189981, -4.400000000000000355 ) ) ;
#4638 = AXIS2_PLACEMENT_3D ( 'NONE', #3167, #2498, #2527 ) ;
#4639 = EDGE_LOOP ( 'NONE', ( #324, #4392, #216, #2546 ) ) ;
#4640 = CARTESIAN_POINT ( 'NONE',  ( -3.035766082959414308E-14, 0.000000000000000000, -10.20000000000000107 ) ) ;
#4641 = DIRECTION ( 'NONE',  ( 2.558534801238925484E-15, -0.6804510993672779895, 0.7327934916262990317 ) ) ;
#4642 = STYLED_ITEM ( 'NONE', ( #3809 ), #406 ) ;
#4643 = DIRECTION ( 'NONE',  ( 0.000000000000000000, -1.000000000000000000, 0.000000000000000000 ) ) ;
#4644 =( NAMED_UNIT ( * ) PLANE_ANGLE_UNIT ( ) SI_UNIT ( $, .RADIAN. ) );
#4645 = CARTESIAN_POINT ( 'NONE',  ( -0.4699999999999999734, 6.700000000000000178, -1.619999999999999885 ) ) ;
#4646 = CARTESIAN_POINT ( 'NONE',  ( 3.749999999999993783, 12.86156426583979950, -6.560296020604722500 ) ) ;
#4647 = VERTEX_POINT ( 'NONE', #1507 ) ;
#4648 = CYLINDRICAL_SURFACE ( 'NONE', #428, 1.975000000000000089 ) ;
#4649 = ORIENTED_EDGE ( 'NONE', *, *, #1239, .T. ) ;
#4650 = PRESENTATION_STYLE_ASSIGNMENT (( #785 ) ) ;
#4651 = AXIS2_PLACEMENT_3D ( 'NONE', #4751, #1331, #1282 ) ;
#4652 = CARTESIAN_POINT ( 'NONE',  ( 18.75000000000000711, 12.85000000000000142, -3.139033067547879696 ) ) ;
#4653 = DIRECTION ( 'NONE',  ( 0.000000000000000000, -1.000000000000000000, 0.000000000000000000 ) ) ;
#4654 = VECTOR ( 'NONE', #2171, 1000.000000000000000 ) ;
#4655 = EDGE_CURVE ( 'NONE', #4717, #2250, #3108, .T. ) ;
#4656 = ORIENTED_EDGE ( 'NONE', *, *, #2646, .F. ) ;
#4657 = DIRECTION ( 'NONE',  ( 5.375817731739150084E-31, 1.000000000000000000, 1.539695392878819727E-16 ) ) ;
#4658 = COLOUR_RGB ( '',0.8313725490196077761, 0.8392156862745098200, 0.8313725490196077761 ) ;
#4659 = ADVANCED_FACE ( 'NONE', ( #1921 ), #3045, .T. ) ;
#4660 = VECTOR ( 'NONE', #3446, 1000.000000000000000 ) ;
#4661 = FACE_OUTER_BOUND ( 'NONE', #3064, .T. ) ;
#4662 = UNCERTAINTY_MEASURE_WITH_UNIT (LENGTH_MEASURE( 1.000000000000000082E-05 ), #3990, 'distance_accuracy_value', 'NONE');
#4663 = ORIENTED_EDGE ( 'NONE', *, *, #1714, .T. ) ;
#4664 = CIRCLE ( 'NONE', #2519, 1.843139007342379898 ) ;
#4665 = MECHANICAL_DESIGN_GEOMETRIC_PRESENTATION_REPRESENTATION (  '', ( #4484 ), #2049 ) ;
#4666 =( LENGTH_UNIT ( ) NAMED_UNIT ( * ) SI_UNIT ( .MILLI., .METRE. ) );
#4667 = VECTOR ( 'NONE', #1375, 1000.000000000000227 ) ;
#4668 = AXIS2_PLACEMENT_3D ( 'NONE', #3264, #278, #3304 ) ;
#4669 = DIRECTION ( 'NONE',  ( 3.440759152716020001E-30, -1.000000000000000000, 9.854725885076841607E-16 ) ) ;
#4670 = STYLED_ITEM ( 'NONE', ( #136 ), #3916 ) ;
#4671 = ORIENTED_EDGE ( 'NONE', *, *, #4589, .F. ) ;
#4672 = SURFACE_STYLE_USAGE ( .BOTH. , #3172 ) ;
#4673 = ORIENTED_EDGE ( 'NONE', *, *, #499, .T. ) ;
#4674 = CONICAL_SURFACE ( 'NONE', #275, 1.749999999999999778, 0.1159019744065877128 ) ;
#4675 = SURFACE_SIDE_STYLE ('',( #1207 ) ) ;
#4676 = VERTEX_POINT ( 'NONE', #1127 ) ;
#4677 = FACE_OUTER_BOUND ( 'NONE', #2125, .T. ) ;
#4678 = DIRECTION ( 'NONE',  ( 3.456627036440165418E-30, -1.000000000000000000, 9.912705577010320619E-16 ) ) ;
#4679 = MECHANICAL_DESIGN_GEOMETRIC_PRESENTATION_REPRESENTATION (  '', ( #4041 ), #1658 ) ;
#4680 = LINE ( 'NONE', #957, #1008 ) ;
#4681 = ORIENTED_EDGE ( 'NONE', *, *, #556, .T. ) ;
#4682 = VECTOR ( 'NONE', #4355, 1000.000000000000000 ) ;
#4683 = DIRECTION ( 'NONE',  ( -1.794541526872519968E-14, 1.000000000000000000, 7.429178088055459347E-29 ) ) ;
#4684 =( LENGTH_UNIT ( ) NAMED_UNIT ( * ) SI_UNIT ( .MILLI., .METRE. ) );
#4685 = SURFACE_STYLE_FILL_AREA ( #825 ) ;
#4686 = ORIENTED_EDGE ( 'NONE', *, *, #1922, .T. ) ;
#4687 = CARTESIAN_POINT ( 'NONE',  ( 3.749999999999993339, 14.09999999999999964, -6.774999999999999467 ) ) ;
#4688 = CARTESIAN_POINT ( 'NONE',  ( 22.50000000000000000, 6.700000000000000178, -1.498756443470227850 ) ) ;
#4689 = EDGE_CURVE ( 'NONE', #3789, #1969, #3572, .T. ) ;
#4690 = ORIENTED_EDGE ( 'NONE', *, *, #2035, .F. ) ;
#4691 = EDGE_LOOP ( 'NONE', ( #4404, #4488, #898, #1099 ) ) ;
#4692 = VECTOR ( 'NONE', #2540, 1000.000000000000000 ) ;
#4693 = DIRECTION ( 'NONE',  ( 0.000000000000000000, -1.000000000000000000, 0.000000000000000000 ) ) ;
#4694 = ORIENTED_EDGE ( 'NONE', *, *, #1995, .T. ) ;
#4695 = ORIENTED_EDGE ( 'NONE', *, *, #3710, .T. ) ;
#4696 = CARTESIAN_POINT ( 'NONE',  ( 2.052702967663833533, 12.90637586781572033, -5.200011966170221989 ) ) ;
#4697 = CARTESIAN_POINT ( 'NONE',  ( 2.010564534211404908, 12.65081076366960033, -5.200000000000000178 ) ) ;
#4698 = LINE ( 'NONE', #1610, #614 ) ;
#4699 = CARTESIAN_POINT ( 'NONE',  ( 9.538531471775712589, 12.88480341597918510, -4.400000000000004796 ) ) ;
#4700 = DIRECTION ( 'NONE',  ( 1.000000000000000000, 0.000000000000000000, -5.556628334053620959E-15 ) ) ;
#4701 =( NAMED_UNIT ( * ) PLANE_ANGLE_UNIT ( ) SI_UNIT ( $, .RADIAN. ) );
#4702 = DIRECTION ( 'NONE',  ( 0.000000000000000000, 1.000000000000000000, 0.000000000000000000 ) ) ;
#4703 = CARTESIAN_POINT ( 'NONE',  ( 5.390692957102435123, 12.94680792429095106, -5.200052738297833876 ) ) ;
#4704 = VERTEX_POINT ( 'NONE', #4952 ) ;
#4705 = DIRECTION ( 'NONE',  ( 1.000000000000000000, 0.000000000000000000, -3.491481338843135327E-15 ) ) ;
#4706 = EDGE_CURVE ( 'NONE', #1711, #4752, #2663, .T. ) ;
#4707 = STYLED_ITEM ( 'NONE', ( #3005 ), #36 ) ;
#4708 = UNCERTAINTY_MEASURE_WITH_UNIT (LENGTH_MEASURE( 1.000000000000000082E-05 ), #831, 'distance_accuracy_value', 'NONE');
#4709 = CARTESIAN_POINT ( 'NONE',  ( 16.95078867267150002, 12.14999999999999858, -5.200000000000000178 ) ) ;
#4710 = MECHANICAL_DESIGN_GEOMETRIC_PRESENTATION_REPRESENTATION (  '', ( #4460 ), #2822 ) ;
#4711 = B_SPLINE_CURVE_WITH_KNOTS ( 'NONE', 3,
 ( #2403, #4637, #3137, #876, #56, #2351 ),
 .UNSPECIFIED., .F., .F.,
 ( 4, 2, 4 ),
 ( 0.000000000000000000, 0.4442809022261779983, 1.000000000000000000 ),
 .UNSPECIFIED. ) ;
#4712 = ORIENTED_EDGE ( 'NONE', *, *, #3238, .F. ) ;
#4713 = ORIENTED_EDGE ( 'NONE', *, *, #4655, .T. ) ;
#4714 = VECTOR ( 'NONE', #1306, 1000.000000000000000 ) ;
#4715 =( NAMED_UNIT ( * ) PLANE_ANGLE_UNIT ( ) SI_UNIT ( $, .RADIAN. ) );
#4716 =( NAMED_UNIT ( * ) SI_UNIT ( $, .STERADIAN. ) SOLID_ANGLE_UNIT ( ) );
#4717 = VERTEX_POINT ( 'NONE', #4607 ) ;
#4718 =( NAMED_UNIT ( * ) SI_UNIT ( $, .STERADIAN. ) SOLID_ANGLE_UNIT ( ) );
#4719 = ORIENTED_EDGE ( 'NONE', *, *, #1951, .T. ) ;
#4720 = VECTOR ( 'NONE', #2901, 1000.000000000000000 ) ;
#4721 = CARTESIAN_POINT ( 'NONE',  ( 5.500000000000000000, 1.800000000000000044, 8.673617379884030542E-16 ) ) ;
#4722 = CARTESIAN_POINT ( 'NONE',  ( 2.023155335574000180, 12.75618793725309885, -5.200000000000000178 ) ) ;
#4723 = DIRECTION ( 'NONE',  ( 0.000000000000000000, -1.000000000000000000, 0.000000000000000000 ) ) ;
#4724 = CARTESIAN_POINT ( 'NONE',  ( 3.750000000000000000, 14.09999999999999964, -4.799999999999999822 ) ) ;
#4725 = AXIS2_PLACEMENT_3D ( 'NONE', #2323, #102, #398 ) ;
#4726 = CARTESIAN_POINT ( 'NONE',  ( 17.13791713900950242, 12.94999999999999929, -5.200000000000000178 ) ) ;
#4727 =( NAMED_UNIT ( * ) PLANE_ANGLE_UNIT ( ) SI_UNIT ( $, .RADIAN. ) );
#4728 = VECTOR ( 'NONE', #4169, 1000.000000000000000 ) ;
#4729 = DIRECTION ( 'NONE',  ( 0.000000000000000000, 1.000000000000000000, 0.000000000000000000 ) ) ;
#4730 = AXIS2_PLACEMENT_3D ( 'NONE', #3801, #4619, #1961 ) ;
#4731 = VERTEX_POINT ( 'NONE', #1189 ) ;
#4732 = CARTESIAN_POINT ( 'NONE',  ( 5.461281791298350008, 12.87765322036949911, -4.400000000000000355 ) ) ;
#4733 = CARTESIAN_POINT ( 'NONE',  ( 160.9869999999999948, 10.75000000000000000, -1.500000000000540012 ) ) ;
#4734 = VECTOR ( 'NONE', #3420, 1000.000000000000114 ) ;
#4735 = AXIS2_PLACEMENT_3D ( 'NONE', #4409, #236, #1031 ) ;
#4736 = DIRECTION ( 'NONE',  ( 0.9805806756909204447, -0.1961161351381831008, -3.423679130405038866E-15 ) ) ;
#4737 = SURFACE_STYLE_FILL_AREA ( #2760 ) ;
#4738 = VECTOR ( 'NONE', #2315, 999.9999999999998863 ) ;
#4739 =( GEOMETRIC_REPRESENTATION_CONTEXT ( 3 ) GLOBAL_UNCERTAINTY_ASSIGNED_CONTEXT ( ( #1460 ) ) GLOBAL_UNIT_ASSIGNED_CONTEXT ( ( #408, #3520, #1677 ) ) REPRESENTATION_CONTEXT ( 'NONE', 'WORKASPACE' ) );
#4740 = ORIENTED_EDGE ( 'NONE', *, *, #4164, .F. ) ;
#4741 = EDGE_CURVE ( 'NONE', #676, #2183, #3752, .T. ) ;
#4742 = EDGE_CURVE ( 'NONE', #767, #2875, #790, .T. ) ;
#4743 = CIRCLE ( 'NONE', #3478, 1.827270781290140089 ) ;
#4744 = ORIENTED_EDGE ( 'NONE', *, *, #2493, .T. ) ;
#4745 = VECTOR ( 'NONE', #2913, 1000.000000000000000 ) ;
#4746 = CARTESIAN_POINT ( 'NONE',  ( 168.4869999999999948, 10.75000000000000000, -1.500000000000570211 ) ) ;
#4747 = ADVANCED_FACE ( 'NONE', ( #680 ), #1096, .T. ) ;
#4748 = LINE ( 'NONE', #4300, #3337 ) ;
#4749 = EDGE_CURVE ( 'NONE', #1628, #2963, #4698, .T. ) ;
#4750 = ORIENTED_EDGE ( 'NONE', *, *, #1827, .T. ) ;
#4751 = CARTESIAN_POINT ( 'NONE',  ( 17.44999999999999929, -1.403678334590400015E-14, -1.300000000000039790 ) ) ;
#4752 = VERTEX_POINT ( 'NONE', #2397 ) ;
#4753 = MECHANICAL_DESIGN_GEOMETRIC_PRESENTATION_REPRESENTATION (  '', ( #2935 ), #995 ) ;
#4754 = SURFACE_STYLE_USAGE ( .BOTH. , #564 ) ;
#4755 = DIRECTION ( 'NONE',  ( 1.063767053708800029E-15, -1.000000000000000000, 1.898704334069205147E-15 ) ) ;
#4756 = SURFACE_STYLE_USAGE ( .BOTH. , #3253 ) ;
#4757 = LINE ( 'NONE', #3254, #1412 ) ;
#4758 = AXIS2_PLACEMENT_3D ( 'NONE', #379, #28, #2275 ) ;
#4759 = B_SPLINE_CURVE_WITH_KNOTS ( 'NONE', 3,
 ( #4815, #4080, #2163, #1344, #2891, #3646 ),
 .UNSPECIFIED., .F., .F.,
 ( 4, 2, 4 ),
 ( 0.000000000000000000, 0.4442809022260499896, 1.000000000000000000 ),
 .UNSPECIFIED. ) ;
#4760 = CARTESIAN_POINT ( 'NONE',  ( 26.25000000000000000, 0.000000000000000000, -7.155734338404330527E-14 ) ) ;
#4761 = LINE ( 'NONE', #4034, #2986 ) ;
#4762 =( GEOMETRIC_REPRESENTATION_CONTEXT ( 3 ) GLOBAL_UNCERTAINTY_ASSIGNED_CONTEXT ( ( #3864 ) ) GLOBAL_UNIT_ASSIGNED_CONTEXT ( ( #3686, #4442, #634 ) ) REPRESENTATION_CONTEXT ( 'NONE', 'WORKASPACE' ) );
#4763 = CARTESIAN_POINT ( 'NONE',  ( 22.00999999999999801, -4.392950033686029607E-15, -1.643094010767635060 ) ) ;
#4764 = PRESENTATION_LAYER_ASSIGNMENT (  '', '', ( #3019 ) ) ;
#4765 = ORIENTED_EDGE ( 'NONE', *, *, #4262, .T. ) ;
#4766 = DIRECTION ( 'NONE',  ( 0.000000000000000000, -1.000000000000000000, 0.000000000000000000 ) ) ;
#4767 =( NAMED_UNIT ( * ) SI_UNIT ( $, .STERADIAN. ) SOLID_ANGLE_UNIT ( ) );
#4768 = CIRCLE ( 'NONE', #2617, 1.827270781290140089 ) ;
#4769 = CARTESIAN_POINT ( 'NONE',  ( 2.035753203240995290, 12.86156426584000023, -5.200000000000000178 ) ) ;
#4770 = UNCERTAINTY_MEASURE_WITH_UNIT (LENGTH_MEASURE( 1.000000000000000082E-05 ), #9, 'distance_accuracy_value', 'NONE');
#4771 = DIRECTION ( 'NONE',  ( 0.000000000000000000, -1.000000000000000000, 0.000000000000000000 ) ) ;
#4772 = EDGE_CURVE ( 'NONE', #4959, #2246, #2026, .T. ) ;
#4773 = EDGE_LOOP ( 'NONE', ( #3443, #356, #4127, #4765 ) ) ;
#4774 = ORIENTED_EDGE ( 'NONE', *, *, #529, .T. ) ;
#4775 = FACE_OUTER_BOUND ( 'NONE', #3366, .T. ) ;
#4776 = CARTESIAN_POINT ( 'NONE',  ( 18.75000000000000000, 12.94999999999999929, -4.799999999999999822 ) ) ;
#4777 = VERTEX_POINT ( 'NONE', #3927 ) ;
#4778 = DIRECTION ( 'NONE',  ( -3.684596229616635536E-15, -1.171453342316279939E-15, -1.000000000000000000 ) ) ;
#4779 = CARTESIAN_POINT ( 'NONE',  ( 9.950000000000001066, 2.299999999999999822, -1.500000000000000000 ) ) ;
#4780 = CARTESIAN_POINT ( 'NONE',  ( 1.950788672671505131, 12.14999999999999858, -5.200000000000000178 ) ) ;
#4781 = EDGE_CURVE ( 'NONE', #3215, #1760, #3153, .T. ) ;
#4782 = PLANE ( 'NONE',  #3496 ) ;
#4783 = ADVANCED_FACE ( 'NONE', ( #151, #3557, #3884, #1286 ), #2106, .T. ) ;
#4784 = EDGE_CURVE ( 'NONE', #4037, #1171, #3202, .T. ) ;
#4785 = DIRECTION ( 'NONE',  ( -0.9449860734402593110, 0.000000000000000000, -0.3271105638831631190 ) ) ;
#4786 = FILL_AREA_STYLE ('',( #1749 ) ) ;
#4787 = ADVANCED_FACE ( 'NONE', ( #3905 ), #2418, .T. ) ;
#4788 = DIRECTION ( 'NONE',  ( 0.000000000000000000, -1.000000000000000000, 0.000000000000000000 ) ) ;
#4789 = ORIENTED_EDGE ( 'NONE', *, *, #3563, .F. ) ;
#4790 = CARTESIAN_POINT ( 'NONE',  ( 11.25000000000000711, 11.49572309693832217, -2.972729218709859733 ) ) ;
#4791 = CARTESIAN_POINT ( 'NONE',  ( 5.049999999999999822, 6.700000000000000178, -7.372574772901430151E-15 ) ) ;
#4792 = EDGE_CURVE ( 'NONE', #3828, #232, #2165, .T. ) ;
#4793 = DIRECTION ( 'NONE',  ( 0.000000000000000000, 0.000000000000000000, 1.000000000000000000 ) ) ;
#4794 = DIRECTION ( 'NONE',  ( 0.000000000000000000, -1.000000000000000000, 0.000000000000000000 ) ) ;
#4795 = LINE ( 'NONE', #558, #3605 ) ;
#4796 = VERTEX_POINT ( 'NONE', #4252 ) ;
#4797 = ORIENTED_EDGE ( 'NONE', *, *, #1421, .F. ) ;
#4798 = DIRECTION ( 'NONE',  ( 0.000000000000000000, -1.644003628459039925E-15, -1.000000000000000000 ) ) ;
#4799 = PRESENTATION_STYLE_ASSIGNMENT (( #646 ) ) ;
#4800 = COLOUR_RGB ( '',0.8313725490196077761, 0.8392156862745098200, 0.8313725490196077761 ) ;
#4801 = ORIENTED_EDGE ( 'NONE', *, *, #4627, .T. ) ;
#4802 = FILL_AREA_STYLE_COLOUR ( '', #3530 ) ;
#4803 = CARTESIAN_POINT ( 'NONE',  ( 16.96650940702399879, 12.28181210550289926, -5.200000000000000178 ) ) ;
#4804 = CARTESIAN_POINT ( 'NONE',  ( 17.10930704292897886, 12.94680792429968186, -4.399947261701675494 ) ) ;
#4805 = CARTESIAN_POINT ( 'NONE',  ( 11.24999999999999467, 11.64999999999999858, -6.500000000000000000 ) ) ;
#4806 = VECTOR ( 'NONE', #1425, 1000.000000000000000 ) ;
#4807 = PRESENTATION_STYLE_ASSIGNMENT (( #3664 ) ) ;
#4808 =( NAMED_UNIT ( * ) SI_UNIT ( $, .STERADIAN. ) SOLID_ANGLE_UNIT ( ) );
#4809 = CIRCLE ( 'NONE', #714, 0.1299999999999999489 ) ;
#4810 = ADVANCED_FACE ( 'NONE', ( #4305 ), #2856, .T. ) ;
#4811 = ORIENTED_EDGE ( 'NONE', *, *, #1929, .F. ) ;
#4812 = PLANE ( 'NONE',  #1733 ) ;
#4813 = AXIS2_PLACEMENT_3D ( 'NONE', #2264, #4124, #2930 ) ;
#4814 = ADVANCED_FACE ( 'NONE', ( #3979 ), #678, .T. ) ;
#4815 = CARTESIAN_POINT ( 'NONE',  ( 20.46424679675905267, 12.86156426583980128, -5.200000000000000178 ) ) ;
#4816 = VECTOR ( 'NONE', #861, 1000.000000000000000 ) ;
#4817 = UNCERTAINTY_MEASURE_WITH_UNIT (LENGTH_MEASURE( 1.000000000000000082E-05 ), #3854, 'distance_accuracy_value', 'NONE');
#4818 = CYLINDRICAL_SURFACE ( 'NONE', #256, 0.2999999999999999334 ) ;
#4819 = CARTESIAN_POINT ( 'NONE',  ( 20.04999999999999716, 2.299999999999999822, -1.300000000000050004 ) ) ;
#4820 = VERTEX_POINT ( 'NONE', #2375 ) ;
#4821 = VECTOR ( 'NONE', #214, 1000.000000000000000 ) ;
#4822 = EDGE_LOOP ( 'NONE', ( #1830, #3677 ) ) ;
#4823 =( LENGTH_UNIT ( ) NAMED_UNIT ( * ) SI_UNIT ( .MILLI., .METRE. ) );
#4824 = STYLED_ITEM ( 'NONE', ( #3115 ), #3057 ) ;
#4825 = AXIS2_PLACEMENT_3D ( 'NONE', #3437, #3490, #4630 ) ;
#4826 = ORIENTED_EDGE ( 'NONE', *, *, #2285, .F. ) ;
#4827 = FILL_AREA_STYLE ('',( #2557 ) ) ;
#4828 = CARTESIAN_POINT ( 'NONE',  ( -0.6000000000000249578, 1.464316677895339915E-15, -8.769999999999999574 ) ) ;
#4829 = CARTESIAN_POINT ( 'NONE',  ( 9.708459743290539734, 2.031621936989500110, -0.6022170361727100518 ) ) ;
#4830 = AXIS2_PLACEMENT_3D ( 'NONE', #3484, #43, #729 ) ;
#4831 =( LENGTH_UNIT ( ) NAMED_UNIT ( * ) SI_UNIT ( .MILLI., .METRE. ) );
#4832 = CONICAL_SURFACE ( 'NONE', #4186, 1.749999999999999778, 0.1159019744065877128 ) ;
#4833 = SURFACE_SIDE_STYLE ('',( #270 ) ) ;
#4834 = AXIS2_PLACEMENT_3D ( 'NONE', #252, #4384, #4446 ) ;
#4835 = DIRECTION ( 'NONE',  ( 2.955291398165945421E-15, 9.850971327219820043E-16, 1.000000000000000000 ) ) ;
#4836 = EDGE_CURVE ( 'NONE', #4224, #1856, #4030, .T. ) ;
#4837 = EDGE_LOOP ( 'NONE', ( #2168, #2398 ) ) ;
#4838 = CONICAL_SURFACE ( 'NONE', #3404, 1.749999999999999778, 0.1159019744065877128 ) ;
#4839 = FACE_OUTER_BOUND ( 'NONE', #973, .T. ) ;
#4840 = MECHANICAL_DESIGN_GEOMETRIC_PRESENTATION_REPRESENTATION (  '', ( #3727 ), #4197 ) ;
#4841 = CARTESIAN_POINT ( 'NONE',  ( 22.50000000000000000, 13.79999999999999893, -7.666390328872389581 ) ) ;
#4842 = EDGE_CURVE ( 'NONE', #2200, #1454, #244, .T. ) ;
#4843 = DIRECTION ( 'NONE',  ( -1.000000000000000000, 0.000000000000000000, 0.000000000000000000 ) ) ;
#4844 = PRESENTATION_LAYER_ASSIGNMENT (  '', '', ( #4432 ) ) ;
#4845 = ORIENTED_EDGE ( 'NONE', *, *, #3832, .T. ) ;
#4846 = ORIENTED_EDGE ( 'NONE', *, *, #4228, .F. ) ;
#4847 = ADVANCED_FACE ( 'NONE', ( #4397 ), #4074, .F. ) ;
#4848 = FILL_AREA_STYLE ('',( #240 ) ) ;
#4849 = ORIENTED_EDGE ( 'NONE', *, *, #1388, .T. ) ;
#4850 = SURFACE_STYLE_USAGE ( .BOTH. , #4868 ) ;
#4851 = CARTESIAN_POINT ( 'NONE',  ( 4.049999999999999822, -3.500000000000000000, -4.700000000000000178 ) ) ;
#4852 = FILL_AREA_STYLE ('',( #3340 ) ) ;
#4853 = CARTESIAN_POINT ( 'NONE',  ( 22.50000000000000000, 6.700000000000000178, -8.648756443470240640 ) ) ;
#4854 = CARTESIAN_POINT ( 'NONE',  ( 18.25000000000000000, -2.500000000000000000, -10.69999999999999929 ) ) ;
#4855 = LINE ( 'NONE', #2584, #8 ) ;
#4856 = VECTOR ( 'NONE', #4597, 1000.000000000000000 ) ;
#4857 = VERTEX_POINT ( 'NONE', #4456 ) ;
#4858 = CARTESIAN_POINT ( 'NONE',  ( 2.050273443621684955, 12.90828216482546331, -4.399997778231291790 ) ) ;
#4859 = CARTESIAN_POINT ( 'NONE',  ( 22.50000000000000000, -4.392950033686029607E-15, -5.464378949326939192E-14 ) ) ;
#4860 = CARTESIAN_POINT ( 'NONE',  ( 6.071532165918820097E-15, 7.100000000000000533, 2.038300084272749914E-14 ) ) ;
#4861 = EDGE_CURVE ( 'NONE', #3514, #682, #2219, .T. ) ;
#4862 = DIRECTION ( 'NONE',  ( 0.000000000000000000, -1.000000000000000000, 0.000000000000000000 ) ) ;
#4863 = ORIENTED_EDGE ( 'NONE', *, *, #2052, .T. ) ;
#4864 = EDGE_CURVE ( 'NONE', #2818, #3644, #3730, .T. ) ;
#4865 = ORIENTED_EDGE ( 'NONE', *, *, #3122, .T. ) ;
#4866 = FILL_AREA_STYLE_COLOUR ( '', #2286 ) ;
#4867 = VERTEX_POINT ( 'NONE', #4439 ) ;
#4868 = SURFACE_SIDE_STYLE ('',( #2216 ) ) ;
#4869 = CARTESIAN_POINT ( 'NONE',  ( 18.75000000000000000, 12.94999999999999929, -4.799999999999999822 ) ) ;
#4870 = SURFACE_SIDE_STYLE ('',( #2968 ) ) ;
#4871 = CIRCLE ( 'NONE', #2251, 1.898658176328949843 ) ;
#4872 = AXIS2_PLACEMENT_3D ( 'NONE', #4604, #3882, #3512 ) ;
#4873 = CYLINDRICAL_SURFACE ( 'NONE', #3620, 0.2999999999999999334 ) ;
#4874 = LINE ( 'NONE', #3833, #1983 ) ;
#4875 = ORIENTED_EDGE ( 'NONE', *, *, #3099, .F. ) ;
#4876 = ORIENTED_EDGE ( 'NONE', *, *, #3067, .F. ) ;
#4877 = PRESENTATION_LAYER_ASSIGNMENT (  '', '', ( #2495 ) ) ;
#4878 = DIRECTION ( 'NONE',  ( -3.439448255846680688E-30, 1.000000000000000000, -9.850971327219820043E-16 ) ) ;
#4879 = DIRECTION ( 'NONE',  ( -1.794541526872519968E-14, 1.000000000000000000, 0.000000000000000000 ) ) ;
#4880 = DIRECTION ( 'NONE',  ( 1.063767053708800029E-15, -1.000000000000000000, 1.898704334069205147E-15 ) ) ;
#4881 = LINE ( 'NONE', #1085, #2025 ) ;
#4882 = ORIENTED_EDGE ( 'NONE', *, *, #4155, .F. ) ;
#4883 = CARTESIAN_POINT ( 'NONE',  ( 20.42504219215919292, 12.92936467594549121, -5.199999637726497426 ) ) ;
#4884 = ORIENTED_EDGE ( 'NONE', *, *, #2058, .F. ) ;
#4885 =( NAMED_UNIT ( * ) SI_UNIT ( $, .STERADIAN. ) SOLID_ANGLE_UNIT ( ) );
#4886 = EDGE_CURVE ( 'NONE', #1725, #4558, #2060, .T. ) ;
#4887 = CIRCLE ( 'NONE', #4089, 0.09999999999999982514 ) ;
#4888 = EDGE_CURVE ( 'NONE', #4312, #158, #3277, .T. ) ;
#4889 = LINE ( 'NONE', #303, #4970 ) ;
#4890 = CARTESIAN_POINT ( 'NONE',  ( 10.94999999999999929, -3.500000000000000000, -5.500000000000000000 ) ) ;
#4891 = MECHANICAL_DESIGN_GEOMETRIC_PRESENTATION_REPRESENTATION (  '', ( #1390 ), #2048 ) ;
#4892 = ORIENTED_EDGE ( 'NONE', *, *, #1811, .F. ) ;
#4893 = AXIS2_PLACEMENT_3D ( 'NONE', #773, #4584, #4212 ) ;
#4894 = DIRECTION ( 'NONE',  ( -3.491481338843135327E-15, 0.000000000000000000, -1.000000000000000000 ) ) ;
#4895 = CIRCLE ( 'NONE', #4419, 1.760296020616589852 ) ;
#4896 = STYLED_ITEM ( 'NONE', ( #613 ), #2016 ) ;
#4897 = CARTESIAN_POINT ( 'NONE',  ( 12.55000000000000071, 1.800000000000000044, -2.862293735361729181E-14 ) ) ;
#4898 = CARTESIAN_POINT ( 'NONE',  ( 5.517760297513899737, 12.41362307109989871, -5.200000000000000178 ) ) ;
#4899 = EDGE_CURVE ( 'NONE', #701, #2944, #225, .T. ) ;
#4900 = AXIS2_PLACEMENT_3D ( 'NONE', #1274, #2808, #3968 ) ;
#4901 = EDGE_CURVE ( 'NONE', #3483, #364, #3613, .T. ) ;
#4902 = COLOUR_RGB ( '',0.8313725490196077761, 0.8392156862745098200, 0.8313725490196077761 ) ;
#4903 = CARTESIAN_POINT ( 'NONE',  ( 2.602085213965209853E-15, 8.000000000000000000, -0.8999999999999800382 ) ) ;
#4904 = ORIENTED_EDGE ( 'NONE', *, *, #4588, .F. ) ;
#4905 = ORIENTED_EDGE ( 'NONE', *, *, #3948, .F. ) ;
#4906 = DIRECTION ( 'NONE',  ( -3.495484022111249990E-30, 1.000000000000000000, -9.411788633772680037E-16 ) ) ;
#4907 = EDGE_LOOP ( 'NONE', ( #617, #3970, #1803, #4514 ) ) ;
#4908 = CIRCLE ( 'NONE', #1309, 1.660966932452119682 ) ;
#4909 = CARTESIAN_POINT ( 'NONE',  ( 22.50000000000000000, 6.700000000000000178, -8.660303448854030250 ) ) ;
#4910 = EDGE_CURVE ( 'NONE', #3687, #839, #1273, .T. ) ;
#4911 = AXIS2_PLACEMENT_3D ( 'NONE', #1900, #4540, #3021 ) ;
#4912 = CARTESIAN_POINT ( 'NONE',  ( 8.673617379884030542E-16, 6.700000000000000178, -1.498756443470159905 ) ) ;
#4913 = ORIENTED_EDGE ( 'NONE', *, *, #1994, .T. ) ;
#4914 = SURFACE_SIDE_STYLE ('',( #327 ) ) ;
#4915 = EDGE_LOOP ( 'NONE', ( #2643, #3711, #2170, #3419 ) ) ;
#4916 =( GEOMETRIC_REPRESENTATION_CONTEXT ( 3 ) GLOBAL_UNCERTAINTY_ASSIGNED_CONTEXT ( ( #107 ) ) GLOBAL_UNIT_ASSIGNED_CONTEXT ( ( #2576, #1088, #4435 ) ) REPRESENTATION_CONTEXT ( 'NONE', 'WORKASPACE' ) );
#4917 = PLANE ( 'NONE',  #638 ) ;
#4918 = CARTESIAN_POINT ( 'NONE',  ( 2.449999999999999734, 2.299999999999999822, -1.499999999999988010 ) ) ;
#4919 = AXIS2_PLACEMENT_3D ( 'NONE', #19, #3439, #3132 ) ;
#4920 = VERTEX_POINT ( 'NONE', #3803 ) ;
#4921 = DIRECTION ( 'NONE',  ( -0.1961161351381830731, -0.9805806756909203337, 9.000568790190091080E-16 ) ) ;
#4922 = VERTEX_POINT ( 'NONE', #4918 ) ;
#4923 = FACE_OUTER_BOUND ( 'NONE', #872, .T. ) ;
#4924 = CARTESIAN_POINT ( 'NONE',  ( -0.5999999999999999778, 1.464316677895339915E-15, -1.619999999999999885 ) ) ;
#4925 = DIRECTION ( 'NONE',  ( 3.394318807178988950E-15, 1.044405786824304262E-15, 1.000000000000000000 ) ) ;
#4926 = CARTESIAN_POINT ( 'NONE',  ( 5.476844664420549513, 12.75618793725179856, -5.200000000000000178 ) ) ;
#4927 = EDGE_CURVE ( 'NONE', #1264, #1296, #1891, .T. ) ;
#4928 = CARTESIAN_POINT ( 'NONE',  ( 20.04999999999999716, 2.299999999999999822, -1.500000000000050182 ) ) ;
#4929 = ORIENTED_EDGE ( 'NONE', *, *, #2084, .T. ) ;
#4930 = EDGE_LOOP ( 'NONE', ( #2146, #4719, #889, #1018, #1510 ) ) ;
#4931 = CARTESIAN_POINT ( 'NONE',  ( -2.168404344971009815E-14, 6.700000000000000178, -8.051243556529810164 ) ) ;
#4932 = ORIENTED_EDGE ( 'NONE', *, *, #4075, .T. ) ;
#4933 = VERTEX_POINT ( 'NONE', #4890 ) ;
#4934 = ADVANCED_FACE ( 'NONE', ( #1498, #4478, #1446, #332 ), #3063, .T. ) ;
#4935 =( NAMED_UNIT ( * ) SI_UNIT ( $, .STERADIAN. ) SOLID_ANGLE_UNIT ( ) );
#4936 = PRESENTATION_LAYER_ASSIGNMENT (  '', '', ( #2630 ) ) ;
#4937 = DIRECTION ( 'NONE',  ( 3.440759152716020001E-30, -1.000000000000000000, 9.854725885076841607E-16 ) ) ;
#4938 = CARTESIAN_POINT ( 'NONE',  ( 19.25000000000000000, -2.500000000000000000, -4.700000000000000178 ) ) ;
#4939 = FACE_OUTER_BOUND ( 'NONE', #274, .T. ) ;
#4940 = CARTESIAN_POINT ( 'NONE',  ( 23.75000000000000000, -3.500000000000000000, -4.700000000000059686 ) ) ;
#4941 = ORIENTED_EDGE ( 'NONE', *, *, #3975, .F. ) ;
#4942 = CARTESIAN_POINT ( 'NONE',  ( 5.049999999999999822, 2.299999999999999822, -1.300000000000000044 ) ) ;
#4943 = LINE ( 'NONE', #1203, #3765 ) ;
#4944 = CARTESIAN_POINT ( 'NONE',  ( 26.25000000000000000, 8.000000000000000000, -0.9000000000000709655 ) ) ;
#4945 = EDGE_LOOP ( 'NONE', ( #1119, #2346, #2658, #1104 ) ) ;
#4946 = DIRECTION ( 'NONE',  ( 0.8660254037844392627, 0.000000000000000000, 0.4999999999999990563 ) ) ;
#4947 = ORIENTED_EDGE ( 'NONE', *, *, #4295, .T. ) ;
#4948 = CARTESIAN_POINT ( 'NONE',  ( 5.049999999999999822, 6.700000000000000178, -1.300000000000000044 ) ) ;
#4949 = CARTESIAN_POINT ( 'NONE',  ( 3.250000000000000000, 0.1499999992184100073, -5.500000000000000000 ) ) ;
#4950 = CARTESIAN_POINT ( 'NONE',  ( 18.75000000000000000, 12.14999999999999858, -4.799999999999999822 ) ) ;
#4951 = LINE ( 'NONE', #1156, #3704 ) ;
#4952 = CARTESIAN_POINT ( 'NONE',  ( -0.4050000000000209543, 1.464316677895339915E-15, -7.817416697508010159 ) ) ;
#4953 =( NAMED_UNIT ( * ) SI_UNIT ( $, .STERADIAN. ) SOLID_ANGLE_UNIT ( ) );
#4954 = ORIENTED_EDGE ( 'NONE', *, *, #400, .F. ) ;
#4955 = AXIS2_PLACEMENT_3D ( 'NONE', #3743, #4556, #298 ) ;
#4956 = VERTEX_POINT ( 'NONE', #4561 ) ;
#4957 = B_SPLINE_CURVE_WITH_KNOTS ( 'NONE', 3,
 ( #2804, #1650, #4703, #909, #3159, #1221, #2829, #2864, #1292, #2755 ),
 .UNSPECIFIED., .F., .F.,
 ( 4, 2, 2, 2, 4 ),
 ( 0.000000000000000000, 0.2500000000000236478, 0.3750000000000205946, 0.5000000000000175415, 1.000000000000000000 ),
 .UNSPECIFIED. ) ;
#4958 = CARTESIAN_POINT ( 'NONE',  ( 26.25000000000000000, 14.09999999999999964, -7.900000000000000355 ) ) ;
#4959 = VERTEX_POINT ( 'NONE', #4534 ) ;
#4960 = VERTEX_POINT ( 'NONE', #726 ) ;
#4961 = CARTESIAN_POINT ( 'NONE',  ( 18.75000000000000000, 12.84999999999999964, -4.799999999999999822 ) ) ;
#4962 = AXIS2_PLACEMENT_3D ( 'NONE', #1636, #2078, #3176 ) ;
#4963 = ADVANCED_FACE ( 'NONE', ( #1937 ), #945, .T. ) ;
#4964 = CARTESIAN_POINT ( 'NONE',  ( 9.950000000000001066, 2.299999999999999822, -1.300000000000014033 ) ) ;
#4965 = UNCERTAINTY_MEASURE_WITH_UNIT (LENGTH_MEASURE( 1.000000000000000082E-05 ), #2087, 'distance_accuracy_value', 'NONE');
#4966 = EDGE_CURVE ( 'NONE', #626, #4037, #3100, .T. ) ;
#4967 = ORIENTED_EDGE ( 'NONE', *, *, #4689, .F. ) ;
#4968 = CARTESIAN_POINT ( 'NONE',  ( 20.36208286099055087, 12.94999999999999929, -4.400000000000000355 ) ) ;
#4969 = DIRECTION ( 'NONE',  ( 1.000000000000000000, 0.000000000000000000, -4.043238169624559932E-15 ) ) ;
#4970 = VECTOR ( 'NONE', #2538, 1000.000000000000114 ) ;
ENDSEC;
END-ISO-10303-21;
