target_x,target_y,target_z,target_radius,miss_distance,t_closest,closest_x,closest_y,closest_z,apogee,impact_time,max_gimbal_pitch_deg,max_gimbal_yaw_deg,waypoint_index,waypoint_count,final_waypoint_reached,ground_terminated,terminal_guidance
0.000000,0.000000,20.000000,20.000000,0.014649,0.728874,-0.000143,-0.014648,19.999990,2264.150934,49.871000,30.000000,28.836764,0,1,1,1,1
15.965434,-24.829918,10.253906,31.250000,25.702605,0.844785,5.146846,-5.541222,23.350786,448.884725,21.988000,29.997977,29.986100,0,1,1,1,1
4.980461,28.979876,10.579427,31.250000,25.743337,0.834268,2.351937,6.641157,23.101084,503.228670,23.272000,29.996991,29.986650,0,1,1,1,1
-23.153850,-17.931643,10.904948,31.250000,24.617327,0.814133,-5.436778,-4.547786,21.534647,856.530527,30.269000,30.000000,29.991612,0,1,1,1,1
29.062719,-2.407787,11.230469,31.250000,24.788981,0.877239,8.115110,-2.792112,24.479753,383.207727,20.297000,29.999953,26.960420,0,1,1,1,1
-19.716956,21.313452,11.555990,31.250000,25.004694,0.773000,-5.341073,2.789703,20.241578,1134.689894,34.689000,30.000000,29.989939,0,1,1,1,1
0.140998,-28.902808,11.881510,31.250000,25.998081,0.755281,-0.641782,-4.311851,20.282242,1267.389594,36.587000,30.000000,29.987686,0,1,1,1,1
19.328244,21.306568,12.207031,31.250000,22.747673,0.921247,6.311632,8.566270,25.834549,367.927439,19.927000,29.999967,29.864763,0,1,1,1,1
-28.504710,-2.641810,12.532552,31.250000,24.456053,0.840595,-6.780576,0.241433,23.388309,1051.873058,33.442000,30.000000,20.624923,0,1,1,1,1
22.687720,-17.219170,12.858073,31.250000,21.861983,0.939442,9.035384,-6.826856,26.406498,351.169918,19.422000,29.999977,29.963341,0,1,1,1,1
-5.071131,27.875419,13.183594,31.250000,24.846669,0.805390,-1.013086,5.233905,22.577797,988.480907,32.272000,30.000000,29.988869,0,1,1,1,1
-15.008390,-23.849833,13.509115,31.250000,23.046089,0.820567,-5.277486,-4.804981,22.095459,1013.488126,32.834000,30.000000,29.992863,0,1,1,1,1
27.024303,7.406241,13.834635,31.250000,23.043096,0.902864,7.806227,3.585364,25.961083,446.581468,21.968000,29.999972,22.593374,0,1,1,1,1
-24.784630,12.719063,14.160156,31.250000,22.142542,0.848766,-7.288282,2.575313,23.175382,946.231473,31.776000,30.000000,29.994622,0,1,1,1,1
9.625457,-25.963017,14.485677,31.250000,23.279637,0.864577,3.093428,-6.247331,25.000705,755.978703,28.336000,30.000000,29.990531,0,1,1,1,1
10.375121,25.486227,14.811198,31.250000,20.165426,0.963586,5.813294,10.381531,27.368360,374.098045,20.132000,29.999825,29.992863,0,1,1,1,1
-24.705400,-11.708350,15.136719,31.250000,21.456329,0.876138,-6.697426,-4.608069,24.392686,958.800596,31.981000,30.000000,28.660838,0,1,1,1,1
25.951206,-8.001034,15.462240,31.250000,19.741896,0.954887,10.308901,-5.543075,27.252878,412.575019,21.191000,29.999950,29.633599,0,1,1,1,1
-13.635962,23.267352,15.787760,31.250000,22.409128,0.830307,-4.598306,4.285312,23.544818,1396.857912,38.523000,30.000000,29.990906,0,1,1,1,1
-5.621569,-26.178667,16.113281,31.250000,22.084163,0.835188,-3.210654,-5.585944,23.718377,1389.276375,38.423000,30.000000,29.991087,0,1,1,1,1
21.666688,15.391001,16.438802,31.250000,18.834843,0.963270,8.098766,8.676290,27.644848,432.140219,21.697000,29.999946,29.582898,0,1,1,1,1
-26.170256,3.261549,16.764323,31.250000,19.767413,0.906322,-8.554652,2.284918,25.679889,965.562006,32.107000,30.000000,29.449883,0,1,1,1,1
16.958023,-19.922981,17.089844,31.250000,17.941223,0.981081,9.074273,-8.265015,28.217547,428.413958,21.617000,29.999653,29.995039,0,1,1,1,1
0.945607,25.930164,17.415365,31.250000,20.073145,0.917865,1.124025,8.447405,27.277030,766.677524,28.551000,30.000000,29.992863,0,1,1,1,1
-18.057382,-18.323603,17.740885,31.250000,18.650581,0.907858,-7.157593,-5.542112,25.844725,990.510278,32.503000,30.000000,29.995779,0,1,1,1,1
25.465116,1.302049,18.066406,31.250000,18.185400,0.968297,10.706623,-0.976376,28.444481,491.760545,23.108000,29.999968,26.619440,0,1,1,1,1
-19.476475,16.092434,18.391927,31.250000,18.556573,0.895793,-8.161347,3.289174,25.630075,1113.461250,34.410000,30.000000,29.993928,0,1,1,1,1
3.457872,-24.784325,18.717448,31.250000,19.760436,0.895760,0.621954,-7.037827,26.932934,1147.203327,34.778000,30.000000,29.992105,0,1,1,1,1
14.051871,20.407664,19.042969,31.250000,15.212252,0.992372,6.918774,10.989080,28.625339,483.579667,22.984000,29.999966,29.977058,0,1,1,1,1
-23.899432,-5.499204,19.368490,31.250000,17.705725,0.929347,-8.500618,-2.261815,27.485664,1183.616505,35.500000,30.000000,19.426364,0,1,1,1,1
21.110588,-11.960415,19.694010,31.250000,14.516596,0.992302,10.619062,-7.528151,28.694815,507.954868,23.551000,29.999955,29.955134,0,1,1,1,1
-7.404484,22.824427,20.019531,31.250000,18.375950,0.905293,-3.077415,6.586699,27.455134,1328.004724,37.487000,30.000000,29.992263,0,1,1,1,1
-9.843567,-21.581139,20.345052,31.250000,16.758736,0.914085,-6.411453,-6.483578,26.759060,1254.590915,36.527000,30.000000,29.993283,0,1,1,1,1
21.575548,9.153449,20.670573,31.250000,14.570364,0.996587,10.106363,6.496965,29.255233,554.008367,24.555000,29.999995,29.274942,0,1,1,1,1
-21.817743,7.727397,20.996094,31.250000,14.654822,0.956779,-9.915559,2.763260,27.957356,1071.335831,33.810000,30.000000,29.996552,0,1,1,1,1
10.727308,-20.171171,21.321615,31.250000,14.672470,0.973833,5.838768,-8.872758,29.304686,766.124148,28.592000,30.000000,29.995236,0,1,1,1,1
5.638346,21.821390,21.647135,31.250000,13.376589,0.991907,4.086765,11.069996,29.453112,668.216087,26.820000,30.000000,29.996028,0,1,1,1,1
-18.631682,-12.108893,21.972656,31.250000,13.312063,0.972432,-8.828578,-5.966146,28.558764,1094.021571,34.173000,30.000000,29.996883,0,1,1,1,1
21.595645,-3.603041,22.298177,31.250000,11.905552,1.003934,12.028897,-4.259664,29.354263,604.577736,25.603000,30.000000,29.551105,0,1,1,1,1
-13.282781,16.979355,22.623698,31.250000,14.479032,0.931420,-7.404947,4.952156,28.140935,1473.463043,39.647000,30.000000,29.992718,0,1,1,1,1
-1.648128,-21.146620,22.949219,31.250000,14.611748,0.932357,-2.191964,-7.740717,28.736203,1551.801848,40.705000,30.000000,29.992718,0,1,1,1,1
15.238217,14.235370,23.274740,31.250000,9.851505,1.002027,8.318969,10.409119,29.151470,654.563259,26.594000,30.000000,29.925653,0,1,1,1,1
-20.482926,-0.199850,23.600260,31.250000,12.136040,0.967193,-9.637087,0.664601,28.976500,1284.960275,37.028000,30.000000,27.790723,0,1,1,1,1
14.954902,-13.433927,23.925781,31.250000,8.472944,1.012320,10.264634,-8.878466,29.314652,646.567712,26.450000,30.000000,29.993417,0,1,1,1,1
-1.914526,19.615592,24.251302,31.250000,12.073205,0.963597,-0.862176,9.002200,29.909107,1190.107711,35.444000,30.000000,29.993805,0,1,1,1,1
-11.593690,-15.431417,24.576823,31.250000,10.288860,0.966544,-8.123006,-6.724476,28.819957,1344.603419,37.892000,30.000000,29.994169,0,1,1,1,1
18.557936,3.469694,24.902344,31.250000,9.875566,0.986132,10.378307,1.974910,30.230204,833.614794,29.748000,30.000000,1.279204,0,1,1,1,1
-15.656597,9.746195,25.227865,31.250000,9.134124,0.970960,-10.100385,3.540460,28.976142,1363.755067,38.166000,30.000000,29.993678,0,1,1,1,1
4.839163,-17.325400,25.553385,31.250000,9.742300,0.971647,2.548797,-9.071961,30.195298,1216.314860,35.838000,30.000000,29.993805,0,1,1,1,1
7.921649,15.623450,25.878906,31.250000,5.508155,1.009514,6.258178,11.652196,29.314277,790.102798,29.093000,30.000000,29.994050,0,1,1,1,1
-15.935300,-5.996392,26.204427,31.250000,8.082759,0.977441,-8.991296,-3.640949,29.604969,1481.391335,39.861000,30.000000,27.861654,0,1,1,1,1
15.325733,-6.151931,26.529948,31.250000,4.694999,0.997732,11.381495,-6.301268,29.072328,912.596898,31.156000,30.000000,29.923900,0,1,1,1,1
-6.913757,14.406466,26.855469,31.250000,8.249303,0.958067,-4.890692,7.075200,30.050895,1731.986088,43.175000,30.000000,29.991087,0,1,1,1,1
-4.471000,-14.756912,27.180990,31.250000,7.426424,0.958567,-4.345317,-7.832170,29.861274,1777.850365,43.818000,30.000000,29.990140,0,1,1,1,1
12.758663,7.561144,27.506510,31.250000,3.955612,0.992450,9.566170,6.633487,29.649944,1022.614300,32.889000,30.000000,24.269087,0,1,1,1,1
-13.908237,2.915731,27.832031,31.250000,4.801984,0.985260,-9.713180,1.615734,29.773822,1672.719619,42.513000,30.000000,29.807369,0,1,1,1,1
7.903196,-11.011551,28.157552,31.250000,3.091309,0.983367,6.496760,-8.786873,29.778952,1232.862769,36.099000,30.000000,29.989310,0,1,1,1,1
1.527668,12.764924,28.483073,31.250000,3.446676,0.974346,1.296484,9.741262,30.121242,1417.761759,38.753000,30.000000,29.987435,0,1,1,1,1
-9.182544,-7.893561,28.808594,31.250000,3.213498,0.979101,-7.846090,-5.140778,29.789739,1900.932728,45.567000,30.000000,29.851149,0,1,1,1,1
11.297723,-0.356822,29.134115,31.250000,1.389434,0.971593,10.080713,-0.476951,29.793645,1392.723525,38.365000,30.000000,9.823044,0,1,1,1,1
-7.461343,7.281534,29.459635,31.250000,2.866600,0.960709,-6.245794,4.813176,30.264026,2038.667505,47.340000,30.000000,29.964381,0,1,1,1,1
0.528897,-9.440722,29.785156,31.250000,2.137628,0.955249,0.199876,-7.442543,30.469609,1983.198816,46.439000,30.000000,29.967461,0,1,1,1,1
5.294208,6.471552,30.110677,31.250000,0.318067,0.958071,5.115538,6.233600,30.223029,1825.975782,44.281000,30.000000,27.784658,0,1,1,1,1
-7.012394,-1.013257,30.436198,31.250000,0.103931,0.952494,-6.976370,-1.110601,30.441507,2108.795440,48.140000,30.000000,29.987341,0,1,1,1,1
4.547343,-3.098520,30.761719,31.250000,0.366916,0.947025,4.451531,-2.750113,30.825438,2077.748656,47.536000,30.000000,23.195404,0,1,1,1,1
-0.729397,3.100648,31.087240,31.250000,0.619370,0.941686,-0.527684,2.518030,31.146298,2236.718164,49.542000,30.000000,29.992895,0,1,1,1,1
-7.926536,-61.168528,10.091146,62.500000,56.446315,1.066300,-5.199756,-10.648953,35.121602,622.307868,25.652000,30.000000,29.996883,0,1,1,1,1
47.079380,39.678551,10.742188,62.500000,46.600047,1.458270,23.222768,24.302056,47.701488,128.695276,9.326000,30.000000,29.916072,0,1,1,1,1
-61.400304,2.539095,11.393229,62.500000,51.260266,1.298000,-20.989502,0.667078,42.874613,318.640071,17.865000,29.997453,29.991715,0,1,1,1,1
43.471448,-43.259897,12.044271,62.500000,45.045409,1.475552,25.628693,-23.173437,48.200308,129.759152,9.426000,30.000000,29.998432,0,1,1,1,1
-2.826780,61.131730,12.695312,62.500000,52.500161,1.272319,-1.140818,19.516289,44.657471,284.909273,16.480000,29.999999,29.997919,0,1,1,1,1
-39.120658,-46.879622,13.346354,62.500000,50.450317,1.267687,-17.925958,-10.918817,41.680780,320.163039,17.989000,29.976431,29.998719,0,1,1,1,1
60.368436,8.122488,13.997396,62.500000,48.202697,1.411738,27.397000,4.619792,48.984757,179.265431,11.635000,30.000000,29.037519,0,1,1,1,1
-49.874648,34.701481,14.648438,62.500000,49.914884,1.265564,-20.460223,4.830995,41.741635,334.372424,18.522000,29.977077,29.998494,0,1,1,1,1
13.300238,-59.120890,15.299479,62.500000,51.416505,1.271326,2.944061,-18.594967,45.200252,341.534815,18.530000,29.997650,29.997919,0,1,1,1,1
30.044829,52.432233,15.950521,62.500000,40.956375,1.507144,18.863592,31.438808,49.292396,133.739454,9.743000,30.000000,29.997554,0,1,1,1,1
-57.404291,-18.313534,16.601562,62.500000,47.559018,1.344617,-21.334024,-6.835995,45.395001,354.903194,19.230000,29.998300,29.985760,0,1,1,1,1
54.532470,-25.195384,17.252604,62.500000,40.454710,1.509859,31.720283,-17.713414,49.813437,140.250648,10.051000,30.000000,29.977426,0,1,1,1,1
-23.117644,55.238429,17.903646,62.500000,51.247327,1.178000,-9.433589,11.582309,40.994301,637.661131,26.023000,30.000000,29.997554,0,1,1,1,1
-20.199601,-56.160036,18.554688,62.500000,49.304952,1.230333,-13.659017,-13.094383,41.653356,482.209084,22.720000,29.965626,29.997698,0,1,1,1,1
52.647493,27.670047,19.205729,62.500000,40.076201,1.522627,29.228357,20.428155,50.910633,150.760540,10.622000,30.000000,29.989379,0,1,1,1,1
-57.304364,15.105247,19.856771,62.500000,43.720630,1.389436,-25.334493,2.443451,46.858618,319.477153,18.129000,29.993928,29.999494,0,1,1,1,1
31.930868,-49.659836,20.507812,62.500000,40.691994,1.489131,19.782556,-26.105001,51.385421,187.337241,12.373000,30.000000,29.999257,0,1,1,1,1
9.960922,57.959753,21.158854,62.500000,41.417893,1.473481,7.464499,30.082412,51.688571,210.905685,13.518000,30.000000,29.999178,0,1,1,1,1
-46.307701,-35.863286,21.809896,62.500000,42.282278,1.405722,-23.320205,-11.712050,47.811508,338.048167,18.827000,29.992105,29.999440,0,1,1,1,1
58.125438,-4.815574,22.460938,62.500000,36.670415,1.547502,36.227842,-7.111478,51.785730,153.872161,10.805000,30.000000,29.994777,0,1,1,1,1
-39.433913,42.626904,23.111979,62.500000,45.016640,1.305108,-20.572499,7.964191,44.773956,448.216355,21.958000,29.973484,29.998081,0,1,1,1,1
0.281995,-57.805617,23.763021,62.500000,46.375643,1.285673,-4.224556,-17.822219,46.822058,617.318372,25.649000,30.000000,29.998041,0,1,1,1,1
38.656489,42.613137,24.414062,62.500000,32.678026,1.551182,24.637379,30.168623,51.180685,157.595474,11.236000,30.000000,29.991266,0,1,1,1,1
-57.009419,-5.283620,25.065104,62.500000,39.854937,1.444337,-26.158725,-2.420231,50.134042,392.728169,20.567000,29.998719,29.992563,0,1,1,1,1
45.375440,-34.438341,25.716146,62.500000,31.259766,1.554636,31.247506,-23.549026,51.387088,161.946440,11.484000,30.000000,29.997651,0,1,1,1,1
-10.142261,55.750838,26.367188,62.500000,41.918038,1.407842,-6.277597,23.140656,52.420256,433.278305,21.460000,29.996338,29.998553,0,1,1,1,1
-30.016780,-47.699667,27.018229,62.500000,39.765640,1.411569,-21.470712,-15.683213,49.000440,409.200712,21.054000,29.979233,29.998744,0,1,1,1,1
54.048606,14.812482,27.669271,62.500000,32.730574,1.560868,35.011725,8.504587,53.536200,188.763929,12.765000,30.000000,29.995412,0,1,1,1,1
-49.569261,25.438126,28.320312,62.500000,36.614898,1.474312,-28.800557,5.792966,51.197799,371.493902,20.002000,29.981111,29.999242,0,1,1,1,1
19.250913,-51.926034,28.971354,62.500000,36.471103,1.479317,10.983712,-26.954303,54.234122,327.017438,18.446000,30.000000,29.999109,0,1,1,1,1
20.750243,50.972454,29.622396,62.500000,27.194676,1.571181,17.228540,35.823192,51.930418,176.245567,12.400000,30.000000,29.999368,0,1,1,1,1
-49.410800,-23.416700,30.273438,62.500000,33.443757,1.522450,-28.193407,-11.381919,53.152930,399.845540,20.896000,29.996754,29.999827,0,1,1,1,1
51.902412,-16.002068,30.924479,62.500000,25.969246,1.576300,36.889144,-15.175185,52.098042,180.936273,12.690000,30.000000,29.987260,0,1,1,1,1
-27.271924,46.534704,31.575521,62.500000,39.388685,1.365389,-16.426221,13.838807,50.675719,742.187796,28.135000,30.000000,29.998300,0,1,1,1,1
-11.243138,-52.357335,32.226562,62.500000,38.413976,1.380253,-11.902409,-18.944294,51.167726,726.253304,27.846000,30.000000,29.998300,0,1,1,1,1
43.333377,30.782001,32.877604,62.500000,24.027317,1.579787,30.146448,25.955615,52.374345,192.831559,13.377000,30.000000,29.991827,0,1,1,1,1
-52.340511,6.523097,33.528646,62.500000,29.593127,1.545343,-31.648904,1.582772,54.100562,415.670838,21.358000,29.996261,29.999827,0,1,1,1,1
33.916046,-39.845963,34.179688,62.500000,22.552749,1.573407,27.440324,-28.356226,52.473879,213.982503,14.418000,30.000000,29.999329,0,1,1,1,1
1.891214,51.860328,34.830729,62.500000,29.272978,1.514300,2.342528,31.162042,55.525766,361.177476,19.678000,30.000000,29.999342,0,1,1,1,1
-36.114765,-36.647206,35.481771,62.500000,28.299936,1.535716,-27.312965,-17.032368,53.884837,441.709381,22.067000,29.981128,29.999417,0,1,1,1,1
50.930232,2.604097,36.132812,62.500000,24.062156,1.567304,35.844747,2.865078,54.877075,261.461512,16.387000,30.000000,29.992133,0,1,1,1,1
-38.952951,32.184868,36.783854,62.500000,29.789236,1.504169,-28.272051,10.260350,53.890357,542.442157,24.352000,29.974872,29.998888,0,1,1,1,1
6.915744,-49.568650,37.434896,62.500000,29.993709,1.479747,1.424129,-26.864417,56.249320,584.733534,25.109000,30.000000,29.998974,0,1,1,1,1
28.103742,40.815329,38.085938,62.500000,16.792542,1.567430,22.658687,32.883104,51.848955,248.787624,16.149000,30.000000,29.994512,0,1,1,1,1
-47.798865,-10.998407,38.736979,62.500000,25.073108,1.515816,-29.168633,-5.725301,54.667125,569.649633,24.962000,29.999861,29.996800,0,1,1,1,1
42.221176,-23.920830,39.388021,62.500000,15.288273,1.566922,34.075756,-20.444730,51.849968,271.216154,17.087000,30.000000,29.987179,0,1,1,1,1
-14.808968,45.648855,40.039062,62.500000,28.394166,1.471419,-11.335417,22.816530,56.557176,752.766650,28.362000,30.000000,29.998932,0,1,1,1,1
-19.687134,-43.162277,40.690104,62.500000,26.474866,1.504703,-20.529200,-20.918954,55.023422,680.897655,27.151000,30.000000,29.998744,0,1,1,1,1
43.151097,18.306898,41.341146,62.500000,16.078388,1.569086,33.675846,15.462942,54.015769,312.595500,18.448000,30.000000,29.995791,0,1,1,1,1
-43.635485,15.454793,41.992188,62.500000,19.770984,1.559083,-32.362145,5.754574,55.019442,561.026971,24.857000,29.986378,29.999669,0,1,1,1,1
21.454615,-40.342341,42.643229,62.500000,17.447659,1.540293,17.369021,-29.181799,55.417070,430.743689,21.789000,30.000000,29.999301,0,1,1,1,1
11.276692,43.642781,43.294271,62.500000,14.315403,1.549791,10.861587,34.322980,54.152436,389.283630,20.749000,30.000000,29.999091,0,1,1,1,1
-37.263365,-24.217786,43.945312,62.500000,16.653635,1.565867,-29.364998,-14.790639,55.174215,612.075454,25.928000,30.000000,29.999819,0,1,1,1,1
43.191291,-7.206081,44.596354,62.500000,10.405366,1.564223,36.775468,-8.226332,52.724574,354.993971,19.874000,30.000000,29.997404,0,1,1,1,1
-26.565563,33.958711,45.247396,62.500000,22.038804,1.494510,-21.685267,15.836073,56.799954,948.056926,31.793000,30.000000,29.998910,0,1,1,1,1
-3.296256,-42.293240,45.898438,62.500000,21.847518,1.483792,-6.301290,-24.166383,57.717951,992.574750,32.471000,30.000000,29.999034,0,1,1,1,1
30.476433,28.470740,46.549479,62.500000,6.541469,1.547290,26.732569,26.709530,51.616277,446.203456,22.343000,29.999992,29.983769,0,1,1,1,1
-40.965853,-0.399700,47.200521,62.500000,13.365740,1.543371,-30.916249,-3.100431,55.588282,750.229184,28.539000,30.000000,29.992544,0,1,1,1,1
29.909803,-26.867855,47.851562,62.500000,4.962981,1.528850,28.369168,-23.885513,51.507142,558.052550,24.781000,29.999995,29.995039,0,1,1,1,1
-3.829051,39.231183,48.502604,62.500000,13.701469,1.512781,-3.568921,28.787371,57.367668,749.889827,28.371000,30.000000,29.999257,0,1,1,1,1
-23.187380,-30.862834,49.153646,62.500000,12.772183,1.533541,-23.173236,-19.987365,55.850857,899.083721,31.082000,30.000000,29.999405,0,1,1,1,1
37.115873,6.939388,49.804688,62.500000,7.901312,1.512918,31.692334,5.788362,55.434173,634.195606,26.222000,30.000000,8.519771,0,1,1,1,1
-31.313194,19.492391,50.455729,62.500000,10.662273,1.530231,-28.473703,10.696449,55.771063,978.818623,32.392000,30.000000,29.999484,0,1,1,1,1
9.678326,-34.650801,51.106771,62.500000,9.833237,1.505131,7.053821,-27.459926,57.278954,900.321661,30.980000,30.000000,29.999054,0,1,1,1,1
15.843297,31.246900,51.757812,62.500000,2.906105,1.503817,15.321835,29.081650,53.624686,942.027143,31.686000,30.000000,29.990906,0,1,1,1,1
-31.870600,-11.992783,52.408854,62.500000,6.905597,1.520460,-28.426684,-6.963248,55.653925,1038.970136,33.370000,30.000000,29.956129,0,1,1,1,1
30.651467,-12.303863,53.059896,62.500000,2.768188,1.483493,28.726661,-11.199749,54.714865,1076.939873,33.766000,30.000000,29.678469,0,1,1,1,1
-13.827514,28.812932,53.710938,62.500000,9.607316,1.486058,-12.873567,20.505919,58.442116,1366.119538,38.123000,30.000000,29.999162,0,1,1,1,1
-8.942000,-29.513825,54.361979,62.500000,8.745439,1.487701,-10.183064,-21.822320,58.334789,1470.280893,39.618000,30.000000,29.999211,0,1,1,1,1
25.517326,15.122288,55.013021,62.500000,2.012007,1.471596,24.332698,13.907836,56.094655,1230.635112,36.053000,30.000000,28.501989,0,1,1,1,1
-27.816473,5.831462,55.664062,62.500000,4.243193,1.505266,-26.439203,1.951348,56.689991,1396.783159,38.670000,30.000000,29.953861,0,1,1,1,1
15.806391,-22.023103,56.315104,62.500000,2.760112,1.462494,14.193908,-20.211335,57.632531,1486.647905,39.729000,30.000000,29.979188,0,1,1,1,1
3.055335,25.529848,56.966146,62.500000,3.021209,1.459633,2.249321,22.941507,58.299762,1594.787330,41.229000,30.000000,29.987933,0,1,1,1,1
-18.365089,-15.787122,57.617188,62.500000,3.645895,1.481374,-18.854592,-12.250379,58.355012,1722.082493,43.112000,30.000000,29.904259,0,1,1,1,1
22.595446,-0.713643,58.268229,62.500000,1.595794,1.442169,21.142569,-0.691962,58.927953,1640.351278,41.785000,30.000000,11.663970,0,1,1,1,1
-14.922687,14.563068,58.919271,62.500000,3.522190,1.462447,-14.113107,11.282424,59.913143,1969.505803,46.366000,30.000000,29.900674,0,1,1,1,1
1.057795,-18.881444,59.570312,62.500000,2.898482,1.444961,-0.314227,-16.465116,60.395002,1964.039236,46.209000,30.000000,28.109500,0,1,1,1,1
10.588417,12.943104,60.221354,62.500000,1.525889,1.429488,9.386702,12.111430,60.660146,1937.350038,45.730000,30.000000,15.202868,0,1,1,1,1
-14.024788,-2.026514,60.872396,62.500000,1.888476,1.424768,-12.261837,-2.612335,61.211746,2164.730847,48.702000,30.000000,29.988046,0,1,1,1,1
9.094687,-6.197041,61.523438,62.500000,0.965521,1.419937,8.144673,-6.123441,61.679286,2109.045835,47.927000,30.000000,29.814338,0,1,1,1,1
-1.458793,6.201295,62.174479,62.500000,0.489638,1.415713,-1.491672,5.714781,62.218839,2235.315667,49.522000,30.000000,29.997607,0,1,1,1,1
39.497171,-84.403160,10.253906,93.750000,73.416919,1.830428,23.143590,-44.400084,69.603365,150.007875,9.474000,30.000000,29.999034,0,1,1,1,1
27.855819,88.808741,11.230469,93.750000,63.996837,1.967531,22.445922,60.671585,68.454839,108.310904,7.755000,30.000000,29.999451,0,1,1,1,1
-80.423003,-46.606774,12.207031,93.750000,71.490329,1.828617,-43.382049,-18.737925,66.632779,173.821058,10.727000,29.995236,29.999730,0,1,1,1,1
90.653483,-19.929914,13.183594,93.750000,60.700170,2.005528,65.171021,-20.051631,68.275699,102.387730,7.541000,30.000000,29.993849,0,1,1,1,1
-53.299800,75.813480,14.160156,93.750000,80.170947,1.582464,-26.147115,16.762242,61.096962,303.348754,16.564000,29.955128,29.998265,0,1,1,1,1
-11.889803,-91.752792,15.136719,93.750000,80.371039,1.553288,-12.042797,-25.850690,61.140994,355.887038,18.518000,29.954407,29.998265,0,1,1,1,1
70.619070,59.517827,16.113281,93.750000,56.432770,2.017520,50.899604,48.554904,67.839624,100.178912,7.499000,30.000000,29.985598,0,1,1,1,1
-92.100456,3.808643,17.089844,93.750000,67.659466,1.887574,-49.822419,-0.491710,69.738470,184.550579,11.432000,29.996945,29.999879,0,1,1,1,1
65.207173,-64.889846,18.066406,93.750000,54.204815,2.022492,51.266751,-48.853122,67.932729,100.684668,7.583000,30.000000,29.998769,0,1,1,1,1
-4.240170,91.697594,19.042969,93.750000,69.027883,1.842211,-2.308483,48.421949,72.786208,187.396148,11.380000,30.000000,29.999034,0,1,1,1,1
-58.680986,-70.319433,20.019531,93.750000,67.300999,1.894566,-42.288690,-28.749237,70.344832,183.093420,11.329000,29.994688,29.999301,0,1,1,1,1
90.552654,12.183732,20.996094,93.750000,58.850866,1.999208,62.752008,9.304225,72.786604,126.553634,8.809000,30.000000,29.984558,0,1,1,1,1
-74.811972,52.052221,21.972656,93.750000,66.767706,1.896470,-48.756585,14.878088,70.933122,191.895240,11.833000,29.992960,29.999162,0,1,1,1,1
19.950356,-88.681335,22.949219,93.750000,67.388548,1.839633,8.213794,-46.264066,73.981020,214.331500,12.799000,30.000000,29.998974,0,1,1,1,1
45.067244,78.648350,23.925781,93.750000,48.068043,2.035412,35.727032,62.687941,68.294267,103.773308,7.941000,30.000000,29.997698,0,1,1,1,1
-86.106436,-27.470302,24.902344,93.750000,59.652904,1.985459,-53.373893,-16.275862,73.500020,186.378046,11.798000,29.997504,29.999945,0,1,1,1,1
81.798705,-37.793076,25.878906,93.750000,46.544173,2.040746,64.077700,-33.480085,68.700912,106.172099,8.151000,30.000000,29.989524,0,1,1,1,1
-34.676466,82.857643,26.855469,93.750000,70.720010,1.706307,-20.776801,28.650326,70.095333,364.570164,19.038000,29.970243,29.998666,0,1,1,1,1
-30.299401,-84.240055,27.832031,93.750000,67.350507,1.819522,-29.049914,-33.028671,71.557582,269.353279,15.555000,29.975201,29.998638,0,1,1,1,1
78.971239,41.505070,28.808594,93.750000,45.452693,2.066702,61.240694,37.096892,70.427616,110.709468,8.400000,30.000000,29.998845,0,1,1,1,1
-85.956547,22.657870,29.785156,93.750000,54.839863,2.005735,-57.797485,7.456579,74.320520,188.334110,12.037000,29.999999,29.999770,0,1,1,1,1
47.896302,-74.489754,30.761719,93.750000,47.271020,2.025290,38.577887,-55.019703,72.816844,132.583692,9.446000,30.000000,29.999287,0,1,1,1,1
14.941383,86.939629,31.738281,93.750000,48.264675,2.012285,13.443370,63.695545,74.010582,144.015800,9.934000,30.000000,29.999329,0,1,1,1,1
-69.461551,-53.794929,32.714844,93.750000,51.899787,2.019046,-51.712705,-29.033081,74.731712,190.797185,12.294000,29.999999,29.999740,0,1,1,1,1
87.188157,-7.223361,33.691406,93.750000,40.687026,2.074256,70.988327,-9.479946,70.946035,116.226889,8.841000,30.000000,29.999409,0,1,1,1,1
-59.150869,63.940356,34.667969,93.750000,59.014636,1.938210,-45.723397,23.847790,75.838545,258.654475,15.405000,29.984089,29.998888,0,1,1,1,1
0.422993,-86.708425,35.644531,93.750000,61.106809,1.836311,-7.496982,-42.325584,76.893526,351.280634,18.784000,29.984402,29.998953,0,1,1,1,1
57.984733,63.919705,36.621094,93.750000,34.914348,2.048581,47.010405,55.988594,68.802972,115.262222,8.994000,30.000000,29.988869,0,1,1,1,1
-85.514129,-7.925430,37.597656,93.750000,47.270263,2.042843,-58.640579,-5.572791,76.414600,212.365129,13.521000,29.998877,29.999933,0,1,1,1,1
68.063159,-51.657511,38.574219,93.750000,32.065821,2.045581,57.736882,-45.259173,68.249901,116.021359,9.115000,30.000000,29.995331,0,1,1,1,1
-15.213392,83.626257,39.550781,93.750000,52.392528,1.923906,-12.743211,49.383956,79.127796,268.150640,15.799000,30.000000,29.999242,0,1,1,1,1
-45.025171,-71.549500,40.527344,93.750000,49.609426,2.003754,-42.047759,-37.911721,76.869194,247.463271,15.234000,29.993224,29.999315,0,1,1,1,1
81.072909,22.218723,41.503906,93.750000,35.933470,2.054897,65.667613,18.254977,73.724704,145.234526,10.398000,30.000000,29.998121,0,1,1,1,1
-74.353891,38.157189,42.480469,93.750000,43.421751,2.037017,-57.737775,16.412610,76.192876,222.387995,14.211000,29.998691,29.999626,0,1,1,1,1
28.876370,-77.889050,43.457031,93.750000,42.537675,1.987632,20.851031,-55.101599,78.468169,222.438220,14.126000,30.000000,29.999287,0,1,1,1,1
31.125364,76.458681,44.433594,93.750000,26.411147,2.049656,28.519461,66.534330,68.770093,128.441462,9.918000,30.000000,29.998193,0,1,1,1,1
-74.116200,-35.125050,45.410156,93.750000,37.368103,2.052372,-56.543497,-23.233849,76.170106,230.686940,14.771000,29.999999,29.999920,0,1,1,1,1
77.853618,-24.003103,46.386719,93.750000,25.661853,2.057158,67.601178,-23.033251,69.891561,137.113775,10.424000,30.000000,29.999085,0,1,1,1,1
-40.907886,69.802055,47.363281,93.750000,51.044672,1.892641,-30.809648,32.284077,80.468951,481.070774,22.695000,29.972589,29.999054,0,1,1,1,1
-16.864708,-78.536002,48.339844,93.750000,49.326256,1.908399,-19.620431,-41.438696,80.732365,471.440492,22.494000,29.974138,29.999072,0,1,1,1,1
65.000065,46.173002,49.316406,93.750000,22.605288,2.056334,56.611088,42.392235,69.964164,148.472405,11.163000,30.000000,29.999469,0,1,1,1,1
-78.510767,9.784646,50.292969,93.750000,32.690262,2.051313,-60.392614,4.090612,76.900557,268.215149,16.617000,29.999999,29.999909,0,1,1,1,1
50.874070,-59.768944,51.269531,93.750000,19.508119,2.031949,46.520870,-53.001210,69.040691,158.116119,11.767000,30.000000,29.998041,0,1,1,1,1
2.836821,77.790492,52.246094,93.750000,31.380094,2.000411,2.558463,60.365643,78.342214,254.235826,15.971000,30.000000,29.999072,0,1,1,1,1
-54.172147,-54.970809,53.222656,93.750000,31.778892,2.038064,-47.968185,-35.340355,77.431210,299.063206,17.828000,29.997685,29.999751,0,1,1,1,1
76.395348,3.906146,54.199219,93.750000,22.404153,2.022613,65.930791,2.515894,73.960451,202.076440,13.882000,30.000000,29.991393,0,1,1,1,1
-58.429426,48.277301,55.175781,93.750000,34.831639,2.008990,-50.248070,24.625109,79.401434,377.627612,20.303000,29.988487,29.999451,0,1,1,1,1
10.373615,-74.352975,56.152344,93.750000,34.095825,1.965697,3.212972,-52.929147,81.691922,381.117248,20.261000,29.999860,29.999227,0,1,1,1,1
42.155612,61.222993,57.128906,93.750000,11.857983,1.997838,38.080631,57.814859,67.730364,209.047015,14.684000,30.000000,29.989116,0,1,1,1,1
-71.698297,-16.497611,58.105469,93.750000,26.912191,1.997613,-55.695074,-9.458937,78.565673,398.321143,20.994000,29.999899,29.993115,0,1,1,1,1
63.331764,-35.881246,59.082031,93.750000,10.129346,1.989532,58.613674,-35.057885,68.007577,240.189235,16.080000,30.000000,29.984142,0,1,1,1,1
-22.213452,68.473282,60.058594,93.750000,32.886892,1.944414,-20.372477,44.884513,82.899970,518.618896,23.722000,29.991647,29.999211,0,1,1,1,1
-29.530701,-64.743416,61.035156,93.750000,30.938332,1.986775,-31.603213,-41.742364,81.622450,527.452632,24.041000,29.978977,29.999417,0,1,1,1,1
64.726645,27.460347,62.011719,93.750000,11.904749,1.994247,58.837147,26.586569,72.320616,277.102497,17.393000,30.000000,29.996072,0,1,1,1,1
-65.453228,23.182190,62.988281,93.750000,19.636278,2.017248,-56.187230,14.196702,77.786447,441.709306,22.199000,29.996718,29.999812,0,1,1,1,1
32.181923,-60.513512,63.964844,93.750000,14.256600,1.983408,28.611394,-53.527478,75.868511,344.629809,19.542000,30.000000,29.998300,0,1,1,1,1
16.915038,65.464171,64.941406,93.750000,9.918254,1.977169,15.582988,60.315184,73.313105,354.452979,19.909000,30.000000,29.997504,0,1,1,1,1
-55.895047,-36.326679,65.917969,93.750000,15.238469,2.008688,-49.666206,-28.684971,77.537641,508.234028,23.788000,29.997465,29.999847,0,1,1,1,1
64.786936,-10.809122,66.894531,93.750000,5.962170,1.964844,61.470695,-10.903847,71.848422,424.996335,21.842000,29.999766,29.996760,0,1,1,1,1
-39.848344,50.938066,67.871094,93.750000,24.977915,1.947909,-34.111650,32.656535,83.895207,733.451147,28.094000,30.000000,29.999342,0,1,1,1,1
-4.944383,-63.439860,68.847656,93.750000,24.299239,1.931491,-8.616816,-45.131493,84.396611,759.151728,28.547000,30.000000,29.999127,0,1,1,1,1
45.714650,42.706110,69.824219,93.750000,3.563418,1.932154,43.773447,41.577629,72.591205,611.498405,25.891000,30.000000,29.986579,0,1,1,1,1
-61.448779,-0.599550,70.800781,93.750000,11.563442,1.985065,-53.813282,-3.456961,79.001244,651.946490,26.740000,30.000000,29.984450,0,1,1,1,1
44.864705,-40.301782,71.777344,93.750000,2.713002,1.919540,43.524023,-39.082590,73.796384,749.209399,28.455000,30.000000,29.986378,0,1,1,1,1
-5.743577,58.846775,72.753906,93.750000,10.836281,1.940521,-6.370691,51.424924,80.624601,682.899761,27.216000,30.000000,29.998367,0,1,1,1,1
-34.781070,-46.294250,73.730469,93.750000,12.393694,1.951388,-33.845512,-36.704549,81.525724,883.248975,30.817000,30.000000,29.999524,0,1,1,1,1
55.673809,10.409081,74.707031,93.750000,3.374322,1.907912,53.388141,10.162187,77.177014,781.651811,28.985000,30.000000,5.795980,0,1,1,1,1
-46.969791,29.238586,75.683594,93.750000,10.270806,1.939024,-42.959934,22.207295,82.005892,974.465003,32.298000,30.000000,29.999494,0,1,1,1,1
14.517488,-51.976201,76.660156,93.750000,6.869896,1.917432,13.024198,-47.154434,81.320212,897.346762,30.968000,30.000000,29.997698,0,1,1,1,1
23.764946,46.870351,77.636719,93.750000,2.314032,1.883179,23.629998,45.035295,79.039967,1081.997262,33.872000,30.000000,29.966863,0,1,1,1,1
-47.805900,-17.989175,78.613281,93.750000,6.842263,1.927435,-43.156925,-14.832913,82.517330,1172.027301,35.386000,30.000000,29.937329,0,1,1,1,1
45.977200,-18.455794,79.589844,93.750000,2.156627,1.869095,44.615601,-17.331959,80.828425,1205.455891,35.704000,30.000000,25.103235,0,1,1,1,1
-20.741271,43.219398,80.566406,93.750000,8.167475,1.899831,-18.063127,37.069938,85.226807,1223.085764,36.056000,30.000000,29.998400,0,1,1,1,1
-13.413000,-44.270737,81.542969,93.750000,7.340945,1.899895,-11.334070,-38.475808,85.541259,1331.219296,37.656000,30.000000,29.998638,0,1,1,1,1
38.275989,22.683433,82.519531,93.750000,1.537712,1.854248,37.322323,21.802799,83.343888,1348.917678,37.762000,30.000000,15.575337,0,1,1,1,1
-41.724710,8.747194,83.496094,93.750000,5.120790,1.898811,-37.290666,7.819979,85.883983,1550.483325,40.769000,30.000000,29.821000,0,1,1,1,1
23.709587,-33.034654,84.472656,93.750000,2.842963,1.854940,23.708974,-30.413630,85.573872,1555.044771,40.686000,30.000000,29.847787,0,1,1,1,1
4.583003,38.294773,85.449219,93.750000,3.290354,1.854205,6.016259,35.582645,86.639417,1653.158280,42.042000,30.000000,29.929588,0,1,1,1,1
-27.547633,-23.680683,86.425781,93.750000,5.154596,1.887439,-22.969882,-22.065447,88.159295,1755.403331,43.546000,30.000000,29.515786,0,1,1,1,1
33.893169,-1.070465,87.402344,93.750000,1.036682,1.829522,32.950347,-1.037434,87.832117,1697.044150,42.549000,30.000000,6.000626,0,1,1,1,1
-22.384030,21.844602,88.378906,93.750000,5.114426,1.880076,-17.412882,21.371827,89.484135,1842.922745,44.728000,30.000000,29.668816,0,1,1,1,1
1.586692,-28.322166,89.355469,93.750000,3.890584,1.847796,3.042163,-24.873730,90.416850,1983.390337,46.478000,30.000000,29.514839,0,1,1,1,1
15.882625,19.414655,90.332031,93.750000,1.194286,1.818549,15.440859,18.359921,90.676557,1957.482976,45.990000,30.000000,19.464812,0,1,1,1,1
-21.037181,-3.039771,91.308594,93.750000,2.197635,1.820033,-18.944755,-3.555773,91.738819,2124.820377,48.233000,30.000000,29.942474,0,1,1,1,1
13.642030,-9.295561,92.285156,93.750000,0.791114,1.810144,13.076156,-8.764839,92.440022,2118.612295,48.049000,30.000000,29.847340,0,1,1,1,1
-2.188190,9.301943,93.261719,93.750000,1.368322,1.806379,-2.480761,7.970267,93.377247,2235.056229,49.518000,30.000000,29.972141,0,1,1,1,1
116.954011,42.711417,11.067708,125.000000,76.670135,2.442373,94.430075,38.833063,84.251998,101.607659,6.953000,30.000000,29.998605,0,2,0,1,1
-114.976060,47.460446,12.369792,125.000000,88.719713,2.391632,-83.354352,18.915905,90.193080,138.233814,8.605000,29.999999,29.999587,0,2,0,1,1
52.662894,-112.537547,13.671875,125.000000,84.903256,2.345644,39.402367,-79.517925,90.759007,130.809063,8.245000,30.000000,29.999381,0,2,0,1,1
37.141092,118.411654,14.973958,125.000000,71.662410,2.441439,33.901185,97.782148,83.526329,100.750378,6.998000,30.000000,29.999195,0,2,0,1,1
-107.230671,-62.142366,16.276042,125.000000,83.701906,2.408624,-78.875489,-36.773702,90.830878,140.216061,8.796000,29.999999,29.999833,0,2,0,1,1
120.871310,-26.573218,17.578125,125.000000,65.268118,2.478828,104.536924,-27.534199,80.761917,92.474907,6.619000,30.000000,29.997901,0,2,0,1,1
-71.066400,101.084641,18.880208,125.000000,98.250824,2.159309,-48.630772,38.842408,91.514714,212.780442,11.753000,29.985493,29.998666,0,2,0,1,1
-15.853071,-122.337056,20.182292,125.000000,99.796849,2.054471,-19.934714,-50.578474,89.417089,255.711609,13.908000,29.982547,29.998692,0,2,0,1,1
94.158759,79.357102,21.484375,125.000000,60.936726,2.471537,80.295593,72.886537,80.469364,93.021321,6.811000,30.000000,29.994151,0,2,0,1,1
-122.800608,5.078191,22.786458,125.000000,76.869848,2.440731,-89.334563,-0.499090,91.763928,141.446819,9.000000,29.999999,29.999930,0,2,0,1,1
86.942897,-86.519795,24.088542,125.000000,58.349399,2.462174,77.448214,-75.386726,80.573567,94.248142,6.937000,30.000000,29.998230,0,2,0,1,1
-5.653561,122.263459,25.390625,125.000000,79.992798,2.337471,-4.407892,83.990003,95.621947,157.830461,9.593000,30.000000,29.999329,0,2,0,1,1
-78.241315,-93.759245,26.692708,125.000000,76.865512,2.448039,-69.147910,-55.931199,92.984909,144.143709,9.130000,29.999784,29.999504,0,2,0,1,1
120.736873,16.244975,27.994792,125.000000,62.025980,2.472288,101.900568,15.094675,87.080260,108.713881,7.629000,30.000000,29.992739,0,2,0,1,1
-99.749296,69.402962,29.296875,125.000000,76.244051,2.447552,-81.523099,33.417825,93.996420,149.674126,9.431000,29.999126,29.999393,0,2,0,1,1
26.600475,-118.241780,30.598958,125.000000,78.526064,2.328761,14.841542,-79.536390,97.903958,176.939533,10.486000,30.000000,29.999272,0,2,0,1,1
60.089659,104.864467,31.901042,125.000000,49.757380,2.459879,54.201612,94.054368,80.111721,94.845206,7.205000,30.000000,29.996819,0,2,0,1,1
-114.808581,-36.627069,33.203125,125.000000,66.725761,2.472742,-87.535253,-26.098346,93.183445,146.937830,9.494000,29.999999,29.999941,0,2,0,1,1
109.064940,-50.390768,34.505208,125.000000,47.197158,2.469078,97.578056,-47.979284,80.219626,94.578468,7.186000,30.000000,29.992024,0,2,0,1,1
-46.235288,110.476857,35.807292,125.000000,85.018267,2.230875,-35.590266,55.195084,99.515335,258.633147,14.402000,29.989931,29.999015,0,2,0,1,1
-40.399202,-112.320073,37.109375,125.000000,78.067702,2.383438,-44.432334,-65.001023,99.070713,198.477672,11.671000,29.992150,29.998994,0,2,0,1,1
105.294985,55.340093,38.411458,125.000000,45.148910,2.494369,94.098236,52.517148,82.058770,98.321211,7.507000,30.000000,29.999459,0,2,0,1,1
-114.608729,30.210493,39.713542,125.000000,60.359570,2.479540,-91.618857,14.536796,93.277323,147.788906,9.653000,29.999999,29.999858,0,2,0,1,1
63.861736,-99.319672,41.015625,125.000000,48.112526,2.453179,57.852079,-85.357005,86.663660,114.411654,8.301000,30.000000,29.998910,0,2,0,1,1
19.921843,115.919505,42.317708,125.000000,50.469454,2.443734,19.294977,98.342796,89.623439,126.053037,8.910000,30.000000,29.999015,0,2,0,1,1
-92.615401,-71.726573,43.619792,125.000000,56.646250,2.485137,-79.311492,-48.679935,93.626353,152.293753,10.038000,29.999984,29.999837,0,2,0,1,1
116.250876,-9.631147,44.921875,125.000000,38.648289,2.488925,106.254188,-10.976117,82.230688,101.439870,7.876000,30.000000,29.999543,0,2,0,1,1
-78.867825,85.253808,46.223958,125.000000,66.519869,2.432566,-69.886064,46.241127,99.348638,197.197245,12.032000,29.994400,29.999949,0,2,0,1,1
0.563990,-115.611233,47.526042,125.000000,70.696559,2.317844,-9.468222,-72.844724,102.919037,256.360234,14.761000,29.999985,29.999227,0,2,0,1,1
77.312977,85.226274,48.828125,125.000000,32.094675,2.447433,70.760820,80.167360,79.836910,101.233924,8.106000,30.000000,29.985984,0,2,0,1,1
-114.018839,-10.567240,50.130208,125.000000,50.326071,2.491756,-91.706378,-9.729286,95.231930,167.370983,10.978000,29.999999,29.999815,0,2,0,1,1
90.750879,-68.876682,51.432292,125.000000,29.151170,2.434899,84.944498,-63.958184,79.572743,104.138564,8.399000,30.000000,29.993805,0,2,0,1,1
-20.284523,111.501676,52.734375,125.000000,57.202447,2.388716,-19.050186,81.988348,101.719677,212.988177,13.096000,30.000000,29.999272,0,2,0,1,1
-60.033561,-95.399333,54.036458,125.000000,54.312956,2.463452,-59.628012,-64.239982,98.520473,195.526044,12.377000,29.997146,29.999533,0,2,0,1,1
108.097212,29.624964,55.338542,125.000000,34.298932,2.448257,97.516222,26.184986,87.782739,127.974129,9.441000,30.000000,29.994058,0,2,0,1,1
-99.138522,50.876253,56.640625,125.000000,45.838823,2.475077,-85.918493,30.837626,95.690362,183.659603,12.108000,29.999004,29.999760,0,2,0,1,1
38.501827,-103.852067,57.942708,125.000000,43.135167,2.413496,32.527376,-85.992933,96.749923,180.550411,11.868000,30.000000,29.999034,0,2,0,1,1
41.500485,101.944909,59.244792,125.000000,21.480360,2.422028,40.407308,95.963112,79.846465,116.807099,9.414000,30.000000,29.997348,0,2,0,1,1
-98.821600,-46.833400,60.546875,125.000000,37.464088,2.480924,-85.391428,-36.242729,93.878933,182.963075,12.363000,29.999939,29.999903,0,2,0,1,1
103.804824,-32.004137,61.848958,125.000000,19.514563,2.428297,98.152536,-31.527214,80.520925,123.074457,9.842000,30.000000,29.995314,0,2,0,1,1
-54.543848,93.069407,63.151042,125.000000,57.235525,2.340419,-46.599768,55.795049,105.852553,343.311753,18.688000,29.990412,29.999315,0,2,0,1,1
-22.486277,-104.714670,64.453125,125.000000,55.054399,2.347823,-27.503672,-68.473171,105.591506,341.784396,18.670000,29.990245,29.999329,0,2,0,1,1
86.666754,61.564002,65.755208,125.000000,15.916581,2.418424,82.120851,59.759723,80.901723,135.752483,10.670000,30.000000,29.995765,0,2,0,1,1
-104.681022,13.046194,67.057292,125.000000,30.762727,2.462126,-91.130932,7.600593,94.132851,213.514465,14.239000,29.999738,29.999891,0,2,0,1,1
67.832093,-79.691926,68.359375,125.000000,14.315694,2.389523,65.938017,-75.114396,81.790599,161.898478,12.268000,30.000000,29.997066,0,2,0,1,1
3.782428,103.720656,69.661458,125.000000,28.664401,2.398480,4.072950,91.170603,95.430814,212.453775,14.102000,30.000000,29.998719,0,2,0,1,1
-72.229530,-73.294412,70.963542,125.000000,31.710148,2.437636,-67.784834,-56.049960,97.201053,257.139481,16.137000,29.997777,29.999774,0,2,0,1,1
101.860464,5.208194,72.265625,125.000000,17.863974,2.389113,95.028227,5.221893,88.771439,192.380557,13.586000,30.000000,29.927580,0,2,0,1,1
-77.905901,64.369735,73.567708,125.000000,36.152201,2.429371,-70.535525,43.224971,101.950064,311.118568,18.100000,29.993855,29.999940,0,2,0,1,1
13.831487,-99.137300,74.869792,125.000000,33.641948,2.385549,7.854027,-81.861192,103.111370,308.929502,18.029000,30.000000,29.999015,0,2,0,1,1
56.207483,81.630658,76.171875,125.000000,5.502984,2.338290,55.312719,79.517525,81.173565,262.376419,17.121000,30.000000,29.984930,0,2,0,1,1
-95.597730,-21.996814,77.473958,125.000000,24.599744,2.399923,-83.651648,-15.559760,97.992313,326.637909,18.907000,29.999882,29.985360,0,2,0,1,1
84.442352,-47.841661,78.776042,125.000000,4.762000,2.330285,83.002052,-46.101452,82.968160,317.555928,19.026000,29.999997,29.967526,0,2,0,1,1
-29.617935,91.297710,80.078125,125.000000,32.676148,2.363729,-28.667403,71.339943,105.933775,412.761515,21.231000,29.999999,29.999034,0,2,0,1,1
-39.374267,-86.324555,81.380208,125.000000,31.387877,2.391012,-40.385887,-65.773629,105.083266,442.375781,22.046000,29.990479,29.999462,0,2,0,1,1
86.302194,36.613795,82.682292,125.000000,5.999881,2.331254,83.954184,34.903284,87.932013,351.221502,19.938000,30.000000,29.963169,0,2,0,1,1
-87.270970,30.909587,83.984375,125.000000,18.518760,2.383758,-79.574006,22.860364,98.780024,441.761605,22.243000,29.995963,29.999779,0,2,0,1,1
42.909230,-80.684682,85.286458,125.000000,8.106764,2.332250,41.967224,-76.639674,92.248509,389.003371,20.939000,30.000000,29.997453,0,2,0,1,1
22.553384,87.285562,86.588542,125.000000,4.423065,2.315564,22.937695,84.842055,90.255295,477.577303,23.149000,29.999934,29.996107,0,2,0,1,1
-74.526729,-48.435572,87.890625,125.000000,13.578249,2.363520,-69.528880,-41.899749,98.692169,522.846014,24.117000,29.996273,29.999791,0,2,0,1,1
86.382581,-14.412163,89.192708,125.000000,3.150792,2.296889,84.757163,-13.355704,91.676536,578.123287,25.274000,30.000000,29.959261,0,2,0,1,1
-53.131125,67.917422,90.494792,125.000000,24.102940,2.328747,-48.553721,51.514639,107.551983,646.509313,26.497000,30.000000,29.999227,0,2,0,1,1
-6.592511,-84.586480,91.796875,125.000000,22.125473,2.325073,-9.725264,-69.700392,107.863200,634.488515,26.258000,30.000000,29.998932,0,2,0,1,1
60.952866,56.941479,93.098958,125.000000,2.906730,2.257021,59.975476,55.269527,95.266529,765.510021,28.749000,30.000000,29.874160,0,2,0,1,1
-81.931705,-0.799400,94.401042,125.000000,10.500653,2.325589,-74.966792,-3.002704,101.944194,717.539564,27.964000,30.000000,29.969480,0,2,0,1,1
59.819607,-53.735710,95.703125,125.000000,2.713932,2.246008,58.552351,-52.395462,97.693910,858.168766,30.322000,30.000000,29.977426,0,2,0,1,1
-7.658103,78.462367,97.005208,125.000000,7.042727,2.293183,-7.884127,73.852747,102.325013,751.961091,28.526000,30.000000,29.997744,0,2,0,1,1
-46.374761,-61.725667,98.307292,125.000000,10.404896,2.310876,-44.554512,-54.440421,105.509635,877.082368,30.726000,30.000000,29.999451,0,2,0,1,1
74.231745,13.878775,99.609375,125.000000,2.183482,2.237069,72.754886,13.446475,101.158439,933.567191,31.526000,30.000000,3.790082,0,2,0,1,1
-62.626388,38.984781,100.911458,125.000000,8.480559,2.296073,-58.573116,34.122411,106.554882,1008.088777,32.856000,30.000000,29.999417,0,2,0,1,1
19.356651,-69.301601,102.213542,125.000000,4.527440,2.259305,17.430508,-66.509320,105.212015,1018.801141,32.947000,30.000000,29.996620,0,2,0,1,1
31.686594,62.493801,103.515625,125.000000,3.033697,2.217765,30.143155,60.684612,105.399225,1173.141088,35.244000,30.000000,29.941181,0,2,0,1,1
-63.741200,-23.985566,104.817708,125.000000,5.111671,2.273359,-60.179376,-21.943560,107.862835,1173.041302,35.400000,30.000000,29.926509,0,2,0,1,1
61.302934,-24.607725,106.119792,125.000000,2.866055,2.202517,58.989551,-24.304820,107.784359,1282.313024,36.818000,30.000000,22.639830,0,2,0,1,1
-27.655027,57.625864,107.421875,125.000000,5.444453,2.257590,-26.954952,53.228626,110.554967,1256.304269,36.564000,30.000000,29.997789,0,2,0,1,1
-17.884000,-59.027650,108.723958,125.000000,5.164579,2.261178,-17.113446,-54.817219,111.613837,1365.271593,38.158000,30.000000,29.998230,0,2,0,1,1
51.034652,30.244577,110.026042,125.000000,2.382258,2.189608,49.010307,29.918939,111.238949,1436.480309,38.999000,30.000000,13.462632,0,2,0,1,1
-55.632947,11.662925,111.328125,125.000000,2.779945,2.251590,-53.291127,12.714753,112.394722,1520.637466,40.383000,30.000000,29.920130,0,2,0,1,1
31.612782,-44.046205,112.630208,125.000000,3.589984,2.193603,28.860381,-42.360732,114.202294,1601.818484,41.315000,30.000000,29.144909,0,2,0,1,1
6.110670,51.059697,113.932292,125.000000,3.993844,2.194775,4.479771,47.806792,115.578369,1685.765206,42.469000,30.000000,29.265205,0,2,0,1,1
-36.730177,-31.574244,115.234375,125.000000,3.595436,2.223707,-33.317836,-32.433190,115.972822,1753.267433,43.503000,30.000000,28.830145,0,2,0,1,1
45.190892,-1.427286,116.536458,125.000000,1.512909,2.170151,43.813634,-1.500117,117.158348,1739.217533,43.113000,30.000000,5.640614,0,2,0,1,1
-29.845373,29.126136,117.838542,125.000000,3.861118,2.218108,-26.088508,29.611252,118.586110,1834.913345,44.589000,30.000000,26.410681,0,2,0,1,1
2.115590,-37.762889,119.140625,125.000000,4.788864,2.195824,0.788356,-33.365899,120.496411,1977.849723,46.375000,30.000000,23.188553,0,2,0,1,1
21.176834,25.886207,120.442708,125.000000,1.840957,2.160351,20.006261,24.571829,120.982420,1984.395227,46.338000,30.000000,12.823028,0,2,0,1,1
-28.049575,-4.053028,121.744792,125.000000,2.190228,2.166287,-25.938636,-3.740913,122.238369,2110.755628,48.061000,30.000000,29.914147,0,2,0,1,1
18.189373,-12.394082,123.046875,125.000000,0.985469,2.152476,17.759536,-11.523917,123.217762,2137.343494,48.289000,30.000000,29.948879,0,2,0,1,1
-2.917586,12.402591,124.348958,125.000000,1.090966,2.149322,-2.648896,11.351043,124.459683,2234.524065,49.511000,30.000000,29.984348,0,2,0,1,1
-40.470087,150.546705,10.579427,156.250000,119.417122,2.575742,-34.271528,90.280671,113.487309,177.195500,9.479000,30.000000,29.998932,0,3,0,1,1
-71.796609,-138.240001,12.207031,156.250000,107.938706,2.860318,-78.322387,-92.602177,109.805021,135.910552,8.019000,29.998616,29.999091,0,3,0,1,1
146.192514,53.389272,13.834635,156.250000,78.265781,2.868199,134.655494,52.611407,91.241512,95.653243,6.398000,30.000000,29.999420,0,3,0,1,1
-143.720075,59.325558,15.462240,156.250000,96.767740,2.879306,-122.135112,34.022127,106.334794,127.164224,7.792000,29.999999,29.999682,0,3,0,1,1
65.828618,-140.671933,17.089844,156.250000,91.773124,2.779765,56.478404,-116.165296,105.034738,124.072190,7.650000,30.000000,29.999342,0,3,0,1,1
46.426365,148.014568,18.717448,156.250000,72.930602,2.848263,45.167607,137.173883,90.826863,95.694152,6.496000,30.000000,29.998953,0,3,0,1,1
-134.038339,-77.677957,20.345052,156.250000,89.285945,2.879628,-115.121308,-56.818297,105.074035,125.575543,7.837000,30.000000,29.999879,0,3,0,1,1
151.089138,-33.216523,21.972656,156.250000,65.564400,2.874345,143.350631,-34.821502,87.058984,89.853470,6.259000,30.000000,29.998773,0,3,0,1,1
-88.833000,126.355801,23.600260,156.250000,111.820786,2.681546,-74.114801,67.787510,117.711992,186.241577,10.061000,29.997442,29.998888,0,3,0,1,1
-19.816339,-152.921320,25.227865,156.250000,113.971019,2.586387,-28.334506,-87.162274,117.924046,212.707435,11.199000,30.000000,29.998910,0,3,0,1,1
117.698449,99.196378,26.855469,156.250000,60.121804,2.856133,110.477154,97.231816,86.509678,89.559860,6.353000,30.000000,29.996034,0,3,0,1,1
-153.500760,6.347738,28.483073,156.250000,82.272400,2.875726,-127.818936,-0.566457,106.337974,130.091042,8.189000,30.000000,29.999929,0,3,0,1,1
108.678621,-108.149743,30.110677,156.250000,55.963794,2.840773,104.478048,-103.191842,85.695933,88.895109,6.414000,30.000000,29.997744,0,3,0,1,1
-7.066951,152.829324,31.738281,156.250000,85.982445,2.766512,-6.228788,122.591176,112.223887,145.196280,8.733000,30.000000,29.999329,0,3,0,1,1
-97.801644,-117.199056,33.365885,156.250000,80.838553,2.933682,-96.488398,-88.250403,108.831921,130.353148,8.155000,29.999740,29.999611,0,3,0,1,1
150.921091,20.306219,34.993490,156.250000,61.802935,2.865740,140.042284,19.339171,95.823739,103.587734,7.105000,30.000000,29.987903,0,3,0,1,1
-124.686620,86.753702,36.621094,156.250000,81.377234,2.927367,-115.167257,56.535339,111.577658,137.894881,8.540000,29.999232,29.999524,0,3,0,1,1
33.250594,-147.802225,38.248698,156.250000,84.488464,2.756511,23.419125,-116.041998,115.920641,160.497395,9.489000,30.000000,29.999329,0,3,0,1,1
75.112074,131.080584,39.876302,156.250000,46.991109,2.824808,71.941605,125.921441,86.475612,90.750963,6.692000,30.000000,29.996107,0,3,0,1,1
-143.510727,-45.783836,41.503906,156.250000,68.052725,2.896542,-124.556108,-36.473944,106.197196,130.677788,8.459000,30.000000,29.999933,0,3,0,1,1
136.331175,-62.988461,43.131510,156.250000,43.368881,2.825460,130.416050,-62.834395,86.094837,90.469741,6.798000,30.000000,29.989229,0,3,0,1,1
-57.794110,138.096072,44.759115,156.250000,94.076670,2.699372,-50.926871,87.835859,123.987720,218.548834,12.031000,30.000000,29.999195,0,3,0,1,1
-50.499002,-140.400091,46.386719,156.250000,83.185597,2.867366,-58.422994,-102.065095,119.786187,171.740914,10.067000,29.995285,29.999936,0,3,0,1,1
131.618732,69.175117,48.014323,156.250000,41.240113,2.849487,125.857489,67.959550,88.831934,94.433169,7.083000,30.000000,29.998857,0,3,0,1,1
-143.260911,37.763116,49.641927,156.250000,60.292286,2.910653,-128.352811,24.792907,106.604037,131.501124,8.695000,30.000000,29.999877,0,3,0,1,1
79.827170,-124.149590,51.269531,156.250000,45.906219,2.821115,76.483454,-115.380302,96.206154,108.698235,7.844000,30.000000,29.998666,0,3,0,1,1
24.902304,144.899382,52.897135,156.250000,47.639045,2.815392,25.270521,133.971419,99.264394,115.266296,8.151000,30.000000,29.998769,0,3,0,1,1
-115.769252,-89.658216,54.524740,156.250000,56.489196,2.903590,-108.296607,-71.395470,107.455458,135.538838,8.971000,29.999946,29.999858,0,3,0,1,1
145.313595,-12.038934,56.152344,156.250000,32.971900,2.832159,140.363367,-12.257000,88.749795,96.113234,7.442000,30.000000,29.999038,0,3,0,1,1
-98.584782,106.567260,57.779948,156.250000,70.004548,2.884828,-94.052540,73.907943,119.533202,175.219502,10.549000,29.995500,29.999970,0,3,0,1,1
0.704988,-144.514042,59.407552,156.250000,76.185202,2.751692,-9.907743,-107.520323,125.157227,222.226344,12.817000,30.000000,29.999315,0,3,0,1,1
96.641222,106.532842,61.035156,156.250000,25.712502,2.774505,92.871984,104.299070,86.371610,97.071294,7.902000,30.000000,29.983328,0,3,0,1,1
-142.523549,-13.209050,62.662760,156.250000,47.982752,2.877459,-126.652976,-14.344885,107.930623,146.540934,9.824000,30.000000,29.999400,0,3,0,1,1
113.438599,-86.095852,64.290365,156.250000,22.136377,2.759932,110.016471,-84.282367,86.085306,98.860225,8.134000,30.000000,29.992569,0,3,0,1,1
-25.355654,139.377095,65.917969,156.250000,57.654039,2.775712,-25.177349,115.561734,118.423063,185.292035,11.419000,30.000000,29.999162,0,3,0,1,1
-75.041951,-119.249166,67.545573,156.250000,54.238187,2.871218,-77.848469,-94.023080,115.478328,173.464952,11.053000,29.996935,29.999912,0,3,0,1,1
135.121515,37.031205,69.173177,156.250000,30.178835,2.784901,128.068213,35.641456,98.483271,123.598782,9.211000,30.000000,29.980856,0,3,0,1,1
-123.923152,63.595316,70.800781,156.250000,46.470837,2.854928,-114.822979,44.710141,112.274577,170.406429,11.167000,29.998136,29.999783,0,3,0,1,1
48.127284,-129.815084,72.428385,156.250000,39.487655,2.774339,43.767869,-117.458494,109.678689,160.181508,10.771000,30.000000,29.998818,0,3,0,1,1
51.875606,127.431136,74.055990,156.250000,14.167272,2.733586,51.013826,124.348721,87.856991,120.617892,9.856000,30.000000,29.996688,0,3,0,1,1
-123.527000,-58.541750,75.683594,156.250000,34.432348,2.832767,-114.199255,-49.657344,107.615507,167.494043,11.451000,30.000000,29.999893,0,3,0,1,1
129.756031,-40.005171,77.311198,156.250000,11.859984,2.728625,126.911952,-39.286207,88.802652,134.803719,10.829000,30.000000,29.990345,0,3,0,1,1
-68.179810,116.336759,78.938802,156.250000,59.926296,2.753376,-63.043167,83.002535,128.472683,284.903149,16.333000,30.000000,29.999342,0,3,0,1,1
-28.107846,-130.893337,80.566406,156.250000,58.136146,2.758137,-34.278075,-98.637982,128.538604,288.654527,16.567000,29.999999,29.999355,0,3,0,1,1
108.333442,76.955003,82.194010,156.250000,9.430360,2.715262,105.965775,75.674714,91.232080,162.757986,12.507000,30.000000,29.990946,0,3,0,1,1
-130.851278,16.307743,83.821615,156.250000,27.374815,2.803911,-120.920042,11.635222,108.899864,202.006432,13.695000,30.000000,29.999877,0,3,0,1,1
84.790116,-99.614907,85.449219,156.250000,7.633402,2.695430,83.018677,-97.954116,92.686111,191.158385,14.090000,30.000000,29.996271,0,3,0,1,1
4.728034,129.650820,87.076823,156.250000,22.262663,2.732610,4.696446,121.735778,107.884929,196.917227,13.520000,30.000000,29.998432,0,3,0,1,1
-90.286912,-91.618015,88.704427,156.250000,30.060423,2.793930,-87.994170,-76.783367,114.748727,243.751187,15.586000,29.995428,29.999756,0,3,0,1,1
127.325580,6.510243,90.332031,156.250000,11.438326,2.691322,123.378376,5.788843,101.043448,217.528019,15.062000,30.000000,29.543067,0,3,0,1,1
-97.382377,80.462169,91.959635,156.250000,34.704782,2.785416,-92.996638,61.523582,120.708846,290.824022,17.411000,29.989751,29.999794,0,3,0,1,1
17.289359,-123.921625,93.587240,156.250000,30.717437,2.730483,11.583659,-110.491877,120.617737,282.302014,17.043000,30.000000,29.998865,0,3,0,1,1
70.259354,102.038322,95.214844,156.250000,3.802664,2.633990,68.860770,100.946695,98.578260,381.318925,20.889000,29.999211,29.981556,0,3,0,1,1
-119.497162,-27.496018,96.842448,156.250000,20.610728,2.739939,-110.672296,-22.675292,114.833680,307.474009,18.342000,29.999846,29.977562,0,3,0,1,1
105.552940,-59.802076,98.470052,156.250000,3.638851,2.623329,103.759337,-59.481839,101.619921,438.068942,22.285000,29.998528,29.960256,0,3,0,1,1
-37.022419,114.122137,100.097656,156.250000,29.987248,2.713940,-36.615293,98.000071,125.379039,368.189183,19.955000,30.000000,29.998910,0,3,0,1,1
-49.217834,-107.905693,101.725260,156.250000,29.130102,2.739477,-51.565181,-90.594899,125.035970,402.172793,21.043000,29.987421,29.999470,0,3,0,1,1
107.877742,45.767244,103.352865,156.250000,3.167712,2.630288,106.242387,45.651632,106.063334,477.971876,23.187000,29.999692,29.862918,0,3,0,1,1
-109.088713,38.636983,104.980469,156.250000,15.143095,2.720686,-103.199386,32.911570,117.702450,434.256930,22.097000,29.985629,29.999756,0,3,0,1,1
53.636538,-100.855853,106.608073,156.250000,5.084583,2.636593,51.904490,-98.760457,110.904852,523.645084,24.181000,29.999074,29.996819,0,3,0,1,1
28.191730,109.106952,108.235677,156.250000,3.917548,2.614163,27.181479,107.094559,111.441430,615.032115,26.038000,30.000000,29.995039,0,3,0,1,1
-93.158412,-60.544465,109.863281,156.250000,10.631904,2.697741,-88.991724,-56.267139,118.659904,534.275885,24.409000,29.984429,29.999637,0,3,0,1,1
107.978227,-18.015203,111.490885,156.250000,3.168075,2.586878,106.076308,-17.961272,114.023966,695.632297,27.520000,30.000000,29.834998,0,3,0,1,1
-66.413907,84.896777,113.118490,156.250000,20.792656,2.679128,-63.160486,71.925496,129.040037,582.984384,25.258000,29.993733,29.999162,0,3,0,1,1
-8.240639,-105.733100,114.746094,156.250000,17.943369,2.671422,-10.826930,-94.804780,128.740643,594.917349,25.524000,29.999998,29.998794,0,3,0,1,1
76.191083,71.176849,116.373698,156.250000,3.446357,2.557591,74.634046,69.496836,118.948687,869.207062,30.525000,30.000000,29.646086,0,3,0,1,1
-102.414631,-0.999250,118.001302,156.250000,8.058053,2.655067,-97.156190,-1.700548,124.066712,748.926935,28.570000,30.000000,29.956275,0,3,0,1,1
74.774509,-67.169637,119.628906,156.250000,3.010846,2.546368,73.260387,-65.745725,121.807232,950.402596,31.839000,30.000000,29.969436,0,3,0,1,1
-9.572628,98.077959,121.256510,156.250000,4.984445,2.605046,-9.057384,94.806420,124.981595,857.086283,30.356000,30.000000,29.997182,0,3,0,1,1
-57.968451,-77.157084,122.884115,156.250000,8.024376,2.639139,-55.705477,-72.063064,128.656508,897.959963,31.092000,30.000000,29.999405,0,3,0,1,1
92.789682,17.348469,124.511719,156.250000,2.608899,2.535253,90.939163,17.062144,126.328296,1029.823877,33.049000,30.000000,0.824063,0,3,0,1,1
-78.282984,48.730976,126.139323,156.250000,6.113828,2.619442,-74.214123,46.756818,130.253440,1030.721398,33.218000,30.000000,29.999355,0,3,0,1,1
24.195814,-86.627002,127.766927,156.250000,4.001045,2.573026,24.082313,-83.615596,130.398829,1108.121629,34.335000,30.000000,29.995779,0,3,0,1,1
39.608243,78.117251,129.394531,156.250000,3.392413,2.522420,39.135898,75.457244,131.446291,1247.381951,36.341000,30.000000,29.909862,0,3,0,1,1
-79.676500,-29.981958,131.022135,156.250000,5.860080,2.588439,-74.841477,-29.736620,134.324089,1264.862173,36.751000,30.000000,29.832740,0,3,0,1,1
76.628667,-30.759657,132.649740,156.250000,2.648186,2.508877,74.826578,-29.576520,134.187775,1329.616979,37.499000,30.000000,21.830905,0,3,0,1,1
-34.568784,72.032330,134.277344,156.250000,4.186336,2.565263,-33.095715,68.982572,136.737924,1326.614958,37.585000,30.000000,29.997294,0,3,0,1,1
-22.355000,-73.784562,135.904948,156.250000,3.974371,2.560608,-20.751179,-70.894668,138.112185,1404.963601,38.714000,30.000000,29.997919,0,3,0,1,1
63.793315,37.805721,137.532552,156.250000,2.864197,2.496432,62.058659,36.064713,139.003430,1507.987566,39.998000,30.000000,16.033965,0,3,0,1,1
-69.541184,14.578656,139.160156,156.250000,5.437883,2.553903,-64.779966,16.089874,141.309016,1575.324076,41.111000,30.000000,29.543439,0,3,0,1,1
39.515978,-55.057756,140.787760,156.250000,2.995547,2.500573,38.098438,-52.833255,142.207436,1643.651425,41.883000,30.000000,28.322748,0,3,0,1,1
7.638338,63.824621,142.415365,156.250000,3.039886,2.500772,7.239335,61.129920,143.764547,1714.275077,42.846000,30.000000,28.243292,0,3,0,1,1
-45.912722,-39.467805,144.042969,156.250000,4.319719,2.538628,-42.774699,-37.033734,145.742406,1764.798920,43.632000,30.000000,29.698621,0,3,0,1,1
56.488615,-1.784108,145.670573,156.250000,1.828965,2.479022,54.824496,-1.622128,146.411913,1790.456432,43.800000,30.000000,5.445698,0,3,0,1,1
-37.306716,36.407670,147.298177,156.250000,3.638065,2.535589,-35.303677,33.612363,148.485445,1880.847614,45.165000,30.000000,27.874049,0,3,0,1,1
2.644487,-47.203611,148.925781,156.250000,3.870028,2.506425,-0.213840,-44.749119,149.810404,1945.469100,45.956000,30.000000,21.971873,0,3,0,1,1
26.471042,32.357759,150.553385,156.250000,1.340556,2.469868,25.429546,31.608149,150.941279,1995.663150,46.483000,30.000000,12.362699,0,3,0,1,1
-35.061969,-5.066285,152.180990,156.250000,3.202205,2.477398,-32.089415,-4.103431,152.881669,2107.056461,48.003000,30.000000,29.913221,0,3,0,1,1
22.736716,-15.492602,153.808594,156.250000,1.091653,2.463361,21.780374,-15.011385,154.022011,2145.355443,48.390000,30.000000,29.924730,0,3,0,1,1
-3.646983,15.503238,155.436198,156.250000,1.409909,2.460025,-2.806269,14.378454,155.562316,2236.503431,49.535000,30.000000,29.982778,0,3,0,1,1
157.944265,-100.471213,10.742188,187.500000,78.687708,3.187871,155.551559,-100.934466,89.392145,89.497261,5.930000,30.000000,29.994729,0,3,0,1,1
-48.564104,180.656046,12.695312,187.500000,131.033398,3.022530,-45.529128,129.664563,133.361833,171.373857,8.952000,30.000000,29.999072,0,3,0,1,1
-86.155930,-165.888001,14.648438,187.500000,113.364051,3.352585,-99.564082,-135.739096,123.104295,132.184031,7.588000,30.000000,29.999964,0,3,0,1,1
175.431016,64.067126,16.601562,187.500000,76.555962,3.225152,172.523959,65.152614,93.094608,93.318164,6.117000,30.000000,29.999613,0,3,0,1,1
-172.464090,71.190669,18.554688,187.500000,99.026561,3.341491,-165.175242,51.760103,115.382295,121.109356,7.254000,30.000000,29.999735,0,3,0,1,1
78.994342,-168.806320,20.507812,187.500000,94.164282,3.163534,74.344831,-153.463834,113.297371,120.230744,7.242000,30.000000,29.999242,0,3,0,1,1
55.711638,177.617481,22.460938,187.500000,71.885871,3.193848,56.257712,173.792266,94.242885,94.787622,6.274000,30.000000,29.998769,0,3,0,1,1
-160.846007,-93.213549,24.414062,187.500000,92.209113,3.293377,-152.506747,-76.770333,114.761160,121.971984,7.401000,30.000000,29.999903,0,3,0,1,1
181.306965,-39.859828,26.367188,187.500000,63.721487,3.207527,179.656800,-41.121569,90.054807,90.160346,6.100000,30.000000,29.998092,0,3,0,1,1
-106.599600,151.626961,28.320312,187.500000,119.690673,3.173408,-101.453760,103.916614,137.970211,174.077961,9.254000,30.000000,29.999034,0,3,0,1,1
-23.779607,-183.505584,30.273438,187.500000,124.576195,3.055255,-35.420715,-127.691241,141.036573,197.442467,10.123000,30.000000,29.999054,0,3,0,1,1
141.238139,119.035653,32.226562,187.500000,57.389811,3.185079,139.380255,118.920738,89.586178,89.748200,6.161000,30.000000,29.994213,0,3,0,1,1
-184.200912,7.617286,34.179688,187.500000,81.617297,3.287283,-170.349035,2.098674,114.423402,122.252955,7.574000,30.000000,29.999923,0,3,0,1,1
130.414345,-129.779692,36.132812,187.500000,52.351397,3.160856,129.766787,-128.245994,88.457733,88.665383,6.212000,30.000000,29.997401,0,3,0,1,1
-8.480341,183.395189,38.085938,187.500000,87.213727,3.146758,-7.415379,162.842359,122.836638,138.207520,8.212000,30.000000,29.999242,0,3,0,1,1
-117.361973,-140.638867,40.039062,187.500000,82.311710,3.335603,-122.635568,-118.808277,119.227648,127.877075,7.798000,30.000000,29.999676,0,3,0,1,1
181.105309,24.367463,41.992188,187.500000,59.433220,3.198898,175.953168,23.928729,101.200047,103.163507,6.862000,30.000000,29.981137,0,3,0,1,1
-149.623944,104.104443,43.945312,187.500000,81.837277,3.331285,-148.980204,79.559237,122.012325,132.819210,8.047000,30.000000,29.999990,0,3,0,1,1
39.900713,-177.362670,45.898438,187.500000,87.241193,3.139425,32.257315,-153.690713,129.518069,153.560894,8.903000,30.000000,29.999272,0,3,0,1,1
90.134488,157.296700,47.851562,187.500000,41.395441,3.134036,89.665323,155.439692,89.202669,89.745581,6.484000,30.000000,29.995605,0,3,0,1,1
-172.212872,-54.940603,49.804688,187.500000,66.995010,3.273425,-160.744765,-49.255404,115.565560,125.923112,8.060000,30.000000,29.999929,0,3,0,1,1
163.597409,-75.586153,51.757812,187.500000,38.037479,3.133638,161.523665,-75.615244,89.738710,90.445802,6.602000,30.000000,29.984453,0,3,0,1,1
-69.352932,165.715286,53.710938,187.500000,100.184840,3.107549,-65.951797,121.864610,143.725118,202.688659,10.877000,30.000000,29.999287,0,3,0,1,1
-60.598803,-168.480109,55.664062,187.500000,85.978540,3.268397,-73.211079,-138.270784,135.166494,162.370494,9.295000,29.999998,29.999415,0,3,0,1,1
157.942478,83.010140,57.617188,187.500000,34.433246,3.152616,155.794473,82.675496,91.981741,93.095349,6.858000,30.000000,29.998230,0,3,0,1,1
-171.913093,45.315740,59.570312,187.500000,57.662411,3.258169,-163.511160,33.945051,115.472625,127.095891,8.314000,30.000000,29.999869,0,3,0,1,1
95.792603,-148.979508,61.523438,187.500000,39.435753,3.130596,94.350987,-144.634196,100.692540,104.980149,7.526000,30.000000,29.998432,0,3,0,1,1
29.882765,173.879258,63.476562,187.500000,43.062650,3.133450,30.063202,167.671564,106.089046,112.954729,7.888000,30.000000,29.998611,0,3,0,1,1
-138.923102,-107.589859,65.429688,187.500000,54.536694,3.250182,-135.531006,-93.361934,117.968348,132.850862,8.685000,30.000000,29.999852,0,3,0,1,1
174.376314,-14.446721,67.382812,187.500000,26.098995,3.124438,172.037359,-15.369532,93.360404,96.407737,7.484000,30.000000,29.998459,0,3,0,1,1
-118.301738,127.880712,69.335938,187.500000,70.876378,3.256323,-119.832159,99.395434,134.218198,167.170731,9.921000,29.997507,29.999634,0,3,0,1,1
0.845986,-173.416850,71.289062,187.500000,78.276347,3.121297,-10.186829,-142.491407,142.345944,203.509595,11.549000,30.000000,29.999272,0,3,0,1,1
115.969466,127.839410,73.242188,187.500000,17.956849,3.055789,114.525210,126.341514,91.078074,98.064785,8.102000,30.000000,29.981179,0,3,0,1,1
-171.028258,-15.850861,75.195312,187.500000,44.947771,3.211756,-159.959553,-17.040450,118.742652,141.293197,9.421000,30.000000,29.998811,0,3,0,1,1
136.126319,-103.315023,77.148438,187.500000,15.141354,3.037859,134.366053,-102.125014,92.139967,104.327234,8.736000,30.000000,29.991612,0,3,0,1,1
-30.426784,167.252515,79.101562,187.500000,55.151595,3.124767,-31.031841,149.921035,131.455666,171.678553,10.564000,30.000000,29.999072,0,3,0,1,1
-90.050341,-143.099000,81.054688,187.500000,52.762442,3.220527,-96.099392,-122.203012,129.123824,166.052971,10.504000,29.996187,29.999789,0,3,0,1,1
162.145818,44.437446,83.007812,187.500000,22.775476,3.070022,158.173766,43.602462,105.418701,123.095918,9.306000,30.000000,29.946211,0,3,0,1,1
-148.707783,76.314379,84.960938,187.500000,42.256785,3.194531,-143.996551,60.806406,123.985839,160.633416,10.587000,29.998773,29.999770,0,3,0,1,1
57.752740,-155.778101,86.914062,187.500000,33.663833,3.089127,55.727655,-147.589750,119.503994,151.935529,10.334000,30.000000,29.998692,0,3,0,1,1
62.250728,152.917363,88.867188,187.500000,7.107306,2.995652,62.183632,151.220109,95.768537,146.543177,11.732000,30.000000,29.996107,0,3,0,1,1
-148.232399,-70.250100,90.820312,187.500000,30.587947,3.152811,-141.351165,-64.184632,120.000463,162.857896,11.170000,30.000000,29.999884,0,3,0,1,1
155.707237,-48.006205,92.773438,187.500000,6.661606,3.004482,154.063709,-47.599377,99.216287,168.541902,13.036000,30.000000,29.985354,0,3,0,1,1
-81.815772,139.604111,94.726562,187.500000,59.408129,3.109499,-79.884404,111.029324,146.775359,259.805058,15.196000,30.000000,29.999301,0,3,0,1,1
-33.729415,-157.072004,96.679688,187.500000,56.616662,3.111181,-41.456158,-130.855915,146.262553,259.228662,15.230000,30.000000,29.999315,0,3,0,1,1
130.000131,92.346003,98.632812,187.500000,4.553632,2.987557,128.700290,91.813569,102.964382,213.909829,15.312000,30.000000,29.985683,0,3,0,1,1
-157.021534,19.569291,100.585938,187.500000,22.008568,3.112703,-150.351393,16.184782,121.284521,195.944156,13.491000,30.000000,29.999869,0,3,0,1,1
101.748139,-119.537889,102.539062,187.500000,3.537306,2.956402,101.257403,-118.342507,105.831900,269.782668,17.566000,29.999999,29.995605,0,3,0,1,1
5.673641,155.580984,104.492188,187.500000,15.150012,3.020919,6.380449,150.788014,118.846654,210.474941,14.507000,30.000000,29.998230,0,3,0,1,1
-108.344294,-109.941618,106.445312,187.500000,25.806840,3.110696,-107.093066,-98.743480,129.662313,241.309659,15.584000,29.996689,29.999745,0,3,0,1,1
152.790696,7.812291,108.398438,187.500000,6.457443,2.964216,150.509576,8.051707,114.434806,265.018805,17.152000,30.000000,27.744556,0,3,0,1,1
-116.858852,96.554603,110.351562,187.500000,30.525024,3.109043,-114.936370,81.164918,136.642983,275.102300,16.837000,29.990286,29.999570,0,3,0,1,1
20.747231,-148.705950,112.304688,187.500000,24.259470,3.037499,16.992920,-139.578727,134.465934,269.835125,16.680000,30.000000,29.998744,0,3,0,1,1
84.311225,122.445987,114.257812,187.500000,3.413423,2.895440,83.981578,120.747651,117.200336,461.794707,22.855000,29.998553,29.978754,0,3,0,1,1
-143.396595,-32.995221,116.210938,187.500000,15.925270,3.042110,-136.944853,-30.144947,130.489074,321.695677,18.943000,30.000000,29.971239,0,3,0,1,1
126.663528,-71.762491,118.164062,187.500000,3.404058,2.887811,125.429803,-70.493625,121.071899,520.432674,24.132000,29.997833,29.954218,0,3,0,1,1
-44.426903,136.946565,120.117188,187.500000,24.145048,3.024194,-44.905934,125.303755,141.264264,351.593855,19.588000,30.000000,29.998818,0,3,0,1,1
-59.061401,-129.486832,122.070312,187.500000,24.602937,3.055873,-62.099557,-116.247980,142.583891,372.534698,20.245000,29.987390,29.999405,0,3,0,1,1
129.453290,54.920693,124.023438,187.500000,3.277462,2.893366,127.863220,54.234061,126.805877,579.222596,25.321000,29.999900,29.531067,0,3,0,1,1
-130.906455,46.364380,125.976562,187.500000,11.397610,3.003959,-126.104035,42.935712,135.727794,490.844767,23.481000,29.994395,29.999740,0,3,0,1,1
64.363846,-121.027024,127.929688,187.500000,3.424121,2.910935,63.427041,-119.408161,130.797837,616.085670,26.066000,30.000000,29.996261,0,3,0,1,1
33.830076,130.928343,129.882812,187.500000,3.070581,2.881110,33.560000,129.172886,132.387588,686.777052,27.383000,30.000000,29.994050,0,3,0,1,1
-111.790094,-72.653358,131.835938,187.500000,8.570274,2.971485,-107.820978,-69.763404,138.860458,621.193055,26.204000,29.998029,29.999171,0,3,0,1,1
129.573872,-21.618244,133.789062,187.500000,3.249418,2.856788,127.627968,-21.146881,136.348357,781.479972,29.046000,30.000000,29.546702,0,3,0,1,1
-79.696688,101.876133,135.742188,187.500000,14.053516,2.980410,-78.157092,93.474517,146.902107,583.425234,25.337000,29.994821,29.999109,0,3,0,1,1
-9.888767,-126.879719,137.695312,187.500000,12.622854,2.960196,-11.974502,-119.552615,147.760087,639.300552,26.447000,30.000000,29.998692,0,3,0,1,1
91.429299,85.412219,139.648438,187.500000,3.055951,2.833059,90.132956,83.807765,141.903223,930.144514,31.521000,30.000000,29.438251,0,3,0,1,1
-122.897558,-1.199100,141.601562,187.500000,6.921707,2.937218,-118.362822,-1.648469,146.811579,842.510869,30.206000,30.000000,29.941757,0,3,0,1,1
89.729410,-80.603565,143.554688,187.500000,2.803856,2.824898,88.046652,-79.573808,145.547056,1007.552902,32.741000,30.000000,29.961830,0,3,0,1,1
-11.487154,117.693550,145.507812,187.500000,4.054646,2.880681,-12.944555,115.041068,148.206048,954.678555,31.966000,30.000000,29.996754,0,3,0,1,1
-69.562141,-92.588501,147.460938,187.500000,5.852401,2.921050,-66.863925,-89.405169,151.564183,1000.251533,32.766000,30.000000,29.999368,0,3,0,1,1
111.347618,20.818163,149.414062,187.500000,2.576965,2.812303,109.523675,20.390697,151.183597,1101.996773,34.164000,30.000000,0.764812,0,3,0,1,1
-93.939581,58.477172,151.367188,187.500000,4.590219,2.906828,-90.929394,56.819153,154.410189,1106.385601,34.395000,30.000000,29.999329,0,3,0,1,1
29.034977,-103.952402,153.320312,187.500000,4.173621,2.846166,27.419050,-101.200168,156.009755,1203.429549,35.767000,30.000000,29.994938,0,3,0,1,1
47.529891,93.740701,155.273438,187.500000,3.012071,2.803614,45.691146,92.152133,157.053335,1292.565854,36.998000,30.000000,29.880493,0,3,0,1,1
-95.611801,-35.978349,157.226562,187.500000,3.958070,2.872507,-92.618787,-38.131343,158.666289,1266.578256,36.786000,30.000000,29.794220,0,3,0,1,1
91.954400,-36.911588,159.179688,187.500000,2.438419,2.791090,89.923470,-36.960644,160.528317,1385.520999,38.303000,30.000000,21.259632,0,3,0,1,1
-41.482541,86.438796,161.132812,187.500000,4.855274,2.853795,-41.280573,82.414167,163.841181,1391.166487,38.510000,30.000000,29.996945,0,3,0,1,1
-26.826000,-88.541474,163.085938,187.500000,5.463510,2.855383,-25.933068,-84.038235,166.047938,1466.931174,39.587000,30.000000,29.997603,0,3,0,1,1
76.551978,45.366865,165.039062,187.500000,2.014700,2.779913,75.035725,44.571425,166.100789,1536.143291,40.387000,30.000000,12.585784,0,3,0,1,1
-83.449420,17.494387,166.992188,187.500000,4.159324,2.847091,-81.102148,20.853883,167.702175,1593.318754,41.366000,30.000000,29.417355,0,3,0,1,1
47.419173,-66.069308,168.945312,187.500000,2.408996,2.785864,46.209431,-64.333162,170.096653,1661.001967,42.118000,30.000000,27.546036,0,3,0,1,1
9.166005,76.589545,170.898438,187.500000,3.046599,2.788222,9.393857,73.861690,172.235843,1731.972924,43.084000,30.000000,27.558294,0,3,0,1,1
-55.095266,-47.361366,172.851562,187.500000,2.698183,2.829288,-52.971362,-46.115613,173.954885,1770.612197,43.709000,30.000000,26.870302,0,3,0,1,1
67.786338,-2.140929,174.804688,187.500000,1.540636,2.764892,66.390494,-1.934443,175.423185,1819.623642,44.190000,30.000000,5.309834,0,3,0,1,1
-44.768060,43.689204,176.757812,187.500000,2.779072,2.819347,-43.733827,41.260580,177.626943,1902.371376,45.448000,30.000000,23.579974,0,3,0,1,1
3.173384,-56.644333,178.710938,187.500000,4.043864,2.790313,2.010120,-52.958176,179.899171,1981.419916,46.414000,30.000000,24.489472,0,3,0,1,1
31.765251,38.829311,180.664062,187.500000,1.711906,2.757629,31.091505,37.334522,181.156299,2012.224013,46.699000,30.000000,12.077018,0,3,0,1,1
-42.074363,-6.079543,182.617188,187.500000,2.578443,2.770374,-39.695817,-5.234147,183.142729,2101.000988,47.925000,30.000000,29.952325,0,3,0,1,1
27.284060,-18.591122,184.570312,187.500000,1.142576,2.750284,26.155940,-18.611011,184.750396,2152.622026,48.482000,30.000000,29.847610,0,3,0,1,1
-4.376379,18.603886,186.523438,187.500000,1.618997,2.747653,-4.023192,17.032394,186.687211,2235.028334,49.516000,30.000000,29.991253,0,3,0,1,1
-215.169293,-38.060418,10.253906,218.750000,123.952437,3.526767,-194.625133,-30.798197,132.276053,141.028652,7.872000,30.000000,29.998410,0,4,0,1,1
184.268309,-117.216415,12.532552,218.750000,74.346089,3.496933,187.939990,-121.058697,86.688446,87.846111,5.760000,30.000000,29.994169,0,4,0,1,1
-56.658121,210.765387,14.811198,218.750000,137.677024,3.433226,-57.893802,172.624306,147.093827,166.429720,8.542000,30.000000,29.999162,0,4,0,1,1
-100.515252,-193.536001,17.089844,218.750000,115.568713,3.732646,-116.798722,-174.238183,129.866482,132.066444,7.394000,30.000000,29.999845,0,4,0,1,1
204.669519,74.744980,19.368490,218.750000,73.042914,3.531250,207.607680,77.666574,92.293785,92.926597,5.993000,30.000000,29.999514,0,4,0,1,1
-201.208105,83.055781,21.647135,218.750000,98.229291,3.702652,-202.895043,68.485978,118.775240,119.478014,7.024000,30.000000,29.999770,0,4,0,1,1
92.160065,-196.940706,23.925781,218.750000,93.314287,3.502661,91.413440,-190.095318,116.985651,118.294484,6.989000,30.000000,29.999144,0,4,0,1,1
64.996911,207.220395,26.204427,218.750000,67.231914,3.500612,66.875881,209.397456,93.374809,93.740264,6.086000,30.000000,29.998611,0,4,0,1,1
-187.653675,-108.749140,28.483073,218.750000,91.202091,3.657802,-187.057150,-98.625975,119.119639,120.323929,7.157000,30.000000,29.999902,0,4,0,1,1
211.524793,-46.503132,30.761719,218.750000,60.318649,3.503826,214.218082,-48.202943,90.996230,91.593224,6.042000,30.000000,29.997512,0,4,0,1,1
-124.366199,176.898121,33.040365,218.750000,123.616992,3.564439,-125.518858,138.685395,150.597243,168.683691,8.804000,30.000000,29.999127,0,4,0,1,1
-27.742874,-214.089848,35.319010,218.750000,131.311363,3.455730,-41.822182,-168.557185,157.675963,190.429393,9.575000,30.000000,29.999144,0,4,0,1,1
164.777829,138.874929,37.597656,218.750000,51.339539,3.469269,166.012296,141.335152,88.863353,89.463895,6.040000,30.000000,29.992421,0,4,0,1,1
-214.901064,8.886834,39.876302,218.750000,79.308689,3.624337,-209.250805,3.053328,118.768082,120.475227,7.315000,30.000000,29.999918,0,4,0,1,1
152.150069,-151.409641,42.154948,218.750000,46.738331,3.449915,153.645626,-152.641729,88.853094,89.309647,6.108000,30.000000,29.997182,0,4,0,1,1
-9.893731,213.961053,44.433594,218.750000,88.176497,3.482891,-8.762250,200.576535,131.580992,138.365759,7.999000,30.000000,29.999195,0,4,0,1,1
-136.922301,-164.078678,46.712240,218.750000,80.208799,3.673386,-146.725460,-148.512995,124.783099,127.099673,7.543000,30.000000,29.999718,0,4,0,1,1
211.289527,28.428707,48.990885,218.750000,53.189299,3.486379,210.796839,28.565947,102.177726,102.200729,6.686000,30.000000,29.968139,0,4,0,1,1
-174.561268,121.455183,51.269531,218.750000,81.064524,3.669811,-179.469703,101.266231,129.626219,133.418235,7.837000,30.000000,29.999648,0,4,0,1,1
46.550832,-206.923114,53.548177,218.750000,86.634294,3.475641,40.629788,-190.991964,138.498990,150.148784,8.560000,30.000000,29.999211,0,4,0,1,1
105.156903,183.512817,55.826823,218.750000,33.347484,3.404713,105.548769,183.960833,89.168995,89.262905,6.402000,30.000000,29.995138,0,4,0,1,1
-200.915017,-64.097370,58.105469,218.750000,62.677886,3.586388,-195.837275,-59.267500,120.390349,123.570042,7.713000,30.000000,29.999924,0,4,0,1,1
190.863644,-88.183845,60.384115,218.750000,30.667879,3.400839,190.772387,-88.707988,91.047378,91.052086,6.604000,30.000000,29.981179,0,4,0,1,1
-80.911754,193.334500,62.662760,218.750000,102.222422,3.477171,-81.402584,157.763337,158.495297,193.434618,10.143000,30.000000,29.999342,0,4,0,1,1
-70.698603,-196.560128,64.941406,218.750000,84.005119,3.620156,-85.751774,-174.954924,144.712812,157.469546,8.890000,30.000000,29.999368,0,4,0,1,1
184.266224,96.845163,67.220052,218.750000,25.150585,3.409911,183.993919,96.746620,92.368970,92.410141,6.931000,30.000000,29.997581,0,4,0,1,1
-200.565275,52.868363,69.498698,218.750000,54.278236,3.571787,-196.611707,43.846938,122.875754,127.412871,8.100000,30.000000,29.999864,0,4,0,1,1
111.758037,-173.809426,71.777344,218.750000,33.202450,3.410705,111.541895,-171.694855,104.911685,106.108025,7.504000,30.000000,29.998300,0,4,0,1,1
34.863226,202.859134,74.055990,218.750000,35.448959,3.413448,35.556767,200.039208,109.385803,111.470650,7.728000,30.000000,29.998463,0,4,0,1,1
-162.076952,-125.521502,76.334635,218.750000,50.137566,3.556166,-161.896071,-114.939411,125.342411,132.078200,8.475000,30.000000,29.999846,0,4,0,1,1
203.439033,-16.854508,78.613281,218.750000,17.683734,3.377550,202.358777,-16.186984,96.251362,98.115567,7.835000,30.000000,29.997900,0,4,0,1,1
-138.018694,149.194164,80.891927,218.750000,67.159543,3.591493,-144.168839,126.761721,143.894827,160.461767,9.471000,30.000000,29.999646,0,4,0,1,1
0.986983,-202.319658,83.170573,218.750000,77.419732,3.465595,-9.510287,-178.819116,156.186644,193.870264,10.766000,30.000000,29.999242,0,4,0,1,1
135.297711,149.145979,85.449219,218.750000,11.117620,3.305247,134.551677,148.136205,96.495723,105.942948,8.960000,30.000000,29.980003,0,4,0,1,1
-199.532968,-18.492671,87.727865,218.750000,40.799046,3.504910,-192.025591,-20.516775,127.779137,141.132198,9.291000,30.000000,29.998198,0,4,0,1,1
158.814039,-120.534193,90.006510,218.750000,8.124153,3.283823,157.747284,-119.954047,98.039401,118.158396,9.928000,30.000000,29.990720,0,4,0,1,1
-35.497915,195.127934,92.285156,218.750000,50.868386,3.427719,-36.424619,182.659499,141.593087,166.874151,10.240000,30.000000,29.999015,0,4,0,1,1
-105.058731,-166.948833,94.563802,218.750000,48.258637,3.532181,-112.985528,-150.753416,139.327297,162.094905,10.206000,29.999751,29.999676,0,4,0,1,1
189.170121,51.843688,96.842448,218.750000,15.698193,3.318461,186.727302,51.082824,112.330733,132.685581,10.119000,30.000000,29.874098,0,4,0,1,1
-173.492413,89.033442,99.121094,218.750000,37.130487,3.495125,-171.551218,76.798970,134.124272,157.693306,10.323000,30.000000,29.999760,0,4,0,1,1
67.378197,-181.741118,101.399740,218.750000,25.591190,3.361850,65.474047,-177.068472,126.488574,150.444818,10.424000,30.000000,29.998553,0,4,0,1,1
72.625849,178.403590,103.678385,218.750000,3.098340,3.248656,72.483876,177.610271,106.670074,191.077514,14.390000,30.000000,29.995693,0,4,0,1,1
-172.937799,-81.958450,105.957031,218.750000,23.361913,3.432415,-169.028398,-77.643944,128.581809,162.953092,11.345000,30.000000,29.999879,0,4,0,1,1
181.658443,-56.007239,108.235677,218.750000,2.802726,3.247903,180.952110,-55.566510,110.911892,218.994047,15.654000,29.999994,29.979942,0,4,0,1,1
-95.451734,162.871463,110.514323,218.750000,54.440691,3.431120,-95.674099,140.731476,160.249224,233.210008,13.760000,30.000000,29.999272,0,4,0,1,1
-39.350984,-183.250672,112.792969,218.750000,51.632908,3.428734,-46.642810,-163.371622,159.884474,237.430542,14.120000,30.000000,29.999287,0,4,0,1,1
151.666819,107.737004,115.071615,218.750000,3.813590,3.227347,150.637888,106.913070,118.650149,292.257097,18.429000,29.998692,29.979943,0,4,0,1,1
-183.191789,22.830840,117.350260,218.750000,16.308007,3.393693,-178.832196,20.652933,132.913093,203.431716,13.988000,30.000000,29.999861,0,4,0,1,1
118.706162,-139.460870,119.628906,218.750000,3.842436,3.205819,117.261243,-138.788203,123.125196,340.328169,19.846000,29.999998,29.995039,0,4,0,1,1
6.619248,181.511148,121.907552,218.750000,8.549528,3.279099,6.246937,178.828251,130.016675,250.916874,16.579000,30.000000,29.998041,0,4,0,1,1
-126.401677,-128.265221,124.186198,218.750000,20.001230,3.385081,-126.498354,-119.828433,142.320709,250.213740,16.158000,29.997570,29.999735,0,4,0,1,1
178.255812,9.114340,126.464844,218.750000,3.241796,3.205802,176.980117,8.996647,129.442761,370.222077,20.619000,30.000000,25.232878,0,4,0,1,1
-136.335327,112.647037,128.743490,218.750000,24.997390,3.395494,-136.014838,100.733778,150.717134,273.663532,16.865000,29.992392,29.999552,0,4,0,1,1
24.205102,-173.490275,131.022135,218.750000,17.300664,3.311260,21.361279,-167.643573,147.054656,286.631827,17.557000,30.000000,29.998638,0,4,0,1,1
98.363096,142.853651,133.300781,218.750000,3.939070,3.148500,96.945802,141.520439,136.725704,524.172026,24.223000,29.997919,29.976495,0,4,0,1,1
-167.296027,-38.494425,135.579427,218.750000,11.091919,3.310017,-162.973950,-36.788636,145.651200,359.623584,20.185000,29.999669,29.965934,0,4,0,1,1
147.774115,-83.722906,137.858073,218.750000,4.007630,3.142208,145.832106,-82.989683,141.286204,585.502959,25.473000,29.999089,29.948638,0,4,0,1,1
-51.831387,159.770992,140.136719,218.750000,18.196485,3.305467,-52.560108,151.543578,156.350623,363.270922,20.037000,30.000000,29.998744,0,4,0,1,1
-68.904968,-151.067971,142.415365,218.750000,17.983999,3.339111,-71.792442,-142.097391,157.732525,381.528927,20.610000,29.992868,29.999381,0,4,0,1,1
151.028839,64.074142,144.694010,218.750000,3.182594,3.147421,149.372183,63.636000,147.375881,632.929678,26.367000,30.000000,28.543295,0,4,0,1,1
-152.724198,54.091777,146.972656,218.750000,7.708682,3.280762,-149.380567,51.886963,153.559212,533.820117,24.446000,29.952018,29.999730,0,4,0,1,1
75.091153,-141.198194,149.251302,218.750000,3.843256,3.158903,73.836369,-139.417876,152.417783,693.988971,27.530000,30.000000,29.995779,0,4,0,1,1
39.468422,152.749733,151.529948,218.750000,3.618777,3.138900,38.880153,150.705824,154.457732,748.222491,28.486000,30.000000,29.993417,0,4,0,1,1
-130.421776,-84.762251,153.808594,218.750000,5.362063,3.252582,-127.316113,-83.920936,158.097972,661.338711,27.000000,30.000000,29.998604,0,4,0,1,1
151.169517,-25.221284,156.087240,218.750000,3.062416,3.113623,149.259591,-25.205678,158.481049,832.055447,29.907000,30.000000,28.508226,0,4,0,1,1
-92.979469,118.855488,158.365885,218.750000,10.164569,3.257050,-92.363506,112.659984,166.400484,651.848002,26.736000,30.000000,29.999072,0,4,0,1,1
-11.536895,-148.026339,160.644531,218.750000,7.905316,3.233944,-12.559737,-143.487358,167.035577,703.906994,27.713000,30.000000,29.998582,0,4,0,1,1
106.667516,99.647589,162.923177,218.750000,3.273645,3.098436,104.831505,98.398107,165.328299,978.315088,32.298000,30.000000,29.288775,0,4,0,1,1
-143.380484,-1.398949,165.201823,218.750000,5.691195,3.210457,-139.753549,0.101397,169.322988,901.668944,31.203000,30.000000,29.933422,0,4,0,1,1
104.684312,-94.037492,167.480469,218.750000,3.780446,3.090639,102.644043,-92.315148,170.156773,1070.943497,33.735000,30.000000,29.956247,0,4,0,1,1
-13.401680,137.309142,169.759115,218.750000,5.098024,3.140833,-12.119126,133.915716,173.340953,1039.875185,33.310000,30.000000,29.996409,0,4,0,1,1
-81.155831,-108.019918,172.037760,218.750000,5.455106,3.185442,-77.253726,-106.241297,175.409447,1068.564606,33.836000,30.000000,29.999342,0,4,0,1,1
129.905554,24.287857,174.316406,218.750000,2.653806,3.075325,127.976255,24.050389,176.123088,1151.679509,34.916000,30.000000,1.216415,0,4,0,1,1
-109.596178,68.223367,176.595052,218.750000,4.774064,3.162318,-105.828570,67.713678,179.482445,1182.220481,35.540000,30.000000,29.999301,0,4,0,1,1
33.874139,-121.277802,178.873698,218.750000,5.105427,3.111013,33.327883,-117.398759,182.147841,1256.174193,36.537000,30.000000,29.994286,0,4,0,1,1
55.451540,109.364151,181.152344,218.750000,3.551482,3.070431,54.208221,106.850022,183.330953,1338.825002,37.667000,30.000000,29.854186,0,4,0,1,1
-111.547101,-41.974741,183.430990,218.750000,4.738415,3.141115,-107.605437,-42.576833,185.990940,1340.798676,37.845000,30.000000,29.760375,0,4,0,1,1
107.280134,-43.063519,185.709635,218.750000,3.106057,3.058450,105.049199,-41.843321,187.493350,1435.829824,39.020000,30.000000,20.889432,0,4,0,1,1
-48.396298,100.845262,187.988281,218.750000,3.810831,3.120106,-49.659094,97.670903,189.676837,1427.635956,39.028000,30.000000,29.996552,0,4,0,1,1
-31.297001,-103.298387,190.266927,218.750000,4.154196,3.114031,-32.617102,-99.824246,192.123005,1497.808176,40.015000,30.000000,29.997348,0,4,0,1,1
89.310641,52.928010,192.545573,218.750000,2.323173,3.047623,87.549264,52.019915,193.758029,1572.705716,40.894000,30.000000,12.389651,0,4,0,1,1
-97.357657,20.410118,194.824219,218.750000,5.710931,3.117417,-92.316676,20.710312,197.491265,1634.798635,41.912000,30.000000,29.299144,0,4,0,1,1
55.322369,-77.080859,197.102865,218.750000,3.373853,3.054990,53.723240,-74.568653,198.688580,1687.595814,42.475000,30.000000,27.099891,0,4,0,1,1
10.693673,89.354469,199.381510,218.750000,3.616276,3.056334,9.780542,86.239713,200.975856,1748.316740,43.297000,30.000000,27.104561,0,4,0,1,1
-64.277810,-55.254927,201.660156,218.750000,5.123664,3.103278,-62.071583,-51.063703,203.614161,1787.495283,43.932000,30.000000,26.280737,0,4,0,1,1
79.084061,-2.497751,203.938802,218.750000,1.925384,3.033759,77.320696,-2.565851,204.708874,1837.187324,44.422000,30.000000,5.217875,0,4,0,1,1
-52.229403,50.970738,206.217448,218.750000,5.314974,3.099078,-50.871028,46.095745,207.841702,1895.636464,45.357000,30.000000,23.168087,0,4,0,1,1
3.702282,-66.085055,208.496094,218.750000,3.125669,3.068076,4.095178,-63.134816,209.450836,1968.715888,46.247000,30.000000,27.188933,0,4,0,1,1
37.059459,45.300862,210.774740,218.750000,1.819854,3.025945,36.292415,43.734331,211.293863,2030.710430,46.939000,30.000000,11.870859,0,4,0,1,1
-49.086756,-7.092800,213.053385,218.750000,3.299606,3.047705,-45.893838,-6.731575,213.803178,2095.647582,47.862000,30.000000,29.941085,0,4,0,1,1
31.831403,-21.689643,215.332031,218.750000,1.406238,3.020033,31.000709,-20.583514,215.584879,2163.134153,48.617000,30.000000,29.828264,0,4,0,1,1
-5.105776,21.704534,217.610677,218.750000,0.942611,3.017120,-4.918375,20.786264,217.711566,2233.998496,49.504000,30.000000,29.987879,0,4,0,1,1
-245.907763,-43.497621,11.718750,250.000000,123.468123,3.870907,-237.235903,-37.864003,134.753049,136.510447,7.565000,30.000000,29.997785,0,5,0,1,1
210.592353,-133.961617,14.322917,250.000000,69.175727,3.775221,218.416865,-139.285421,82.848206,87.831030,5.675000,30.000000,29.993805,0,5,0,1,1
-64.752138,240.874728,16.927083,250.000000,141.095831,3.799803,-69.408249,215.453830,155.635887,163.669496,8.254000,30.000000,29.999227,0,5,0,1,1
-114.874574,-221.184002,19.531250,250.000000,113.446188,4.076496,-136.657299,-212.041036,130.490507,130.490626,7.181000,30.000000,29.999342,0,4,0,1,1
233.908022,85.422834,22.135417,250.000000,67.338314,3.805940,241.245846,88.470059,89.003341,92.766276,5.901000,30.000000,29.999428,0,5,0,1,1
-229.952119,94.920892,24.739583,250.000000,96.478384,4.013151,-237.825466,84.297867,120.307572,120.523715,6.936000,30.000000,29.999796,0,5,0,1,1
105.325789,-225.075093,27.343750,250.000000,91.773004,3.805689,107.195233,-224.409296,119.095296,119.096139,6.887000,30.000000,29.999109,0,5,0,1,1
74.282184,236.823308,29.947917,250.000000,59.980493,3.767617,76.945978,242.709167,89.579455,92.752342,5.958000,30.000000,29.998494,0,4,0,1,1
-214.461342,-124.284732,32.552083,250.000000,88.247617,3.956851,-219.641167,-117.506484,120.386398,120.416831,7.034000,30.000000,29.999897,0,5,0,1,1
241.742620,-53.146437,35.156250,250.000000,52.279084,3.763647,247.439682,-54.570425,87.104478,90.717581,5.930000,30.000000,29.996977,0,4,0,1,1
-142.132799,202.169281,37.760417,250.000000,125.641023,3.929581,-149.239360,174.428354,160.094404,167.645317,8.548000,30.000000,29.999195,0,5,0,1,1
-31.706142,-244.674112,40.364583,250.000000,134.499823,3.837545,-46.931970,-212.139761,169.978983,186.821569,9.233000,30.000000,29.999195,0,5,0,1,1
188.317519,158.714204,42.968750,250.000000,43.740252,3.723708,191.158566,162.304289,86.468743,89.608247,5.996000,30.000000,29.990823,0,4,0,1,1
-245.601216,10.156381,45.572917,250.000000,74.985036,3.922245,-245.821451,4.918207,120.374445,120.375274,7.166000,30.000000,29.999916,0,4,0,1,1
173.885793,-173.039589,48.177083,250.000000,37.708259,3.697466,176.124931,-175.829409,85.715277,88.529935,6.049000,30.000000,29.996883,0,4,0,1,1
-11.307121,244.526918,50.781250,250.000000,83.791441,3.782184,-10.934410,238.573699,134.360110,135.848238,7.711000,30.000000,29.999127,0,4,0,1,1
-156.482630,-187.518489,53.385417,250.000000,77.526892,3.973685,-168.303685,-177.254401,129.315187,129.515204,7.503000,30.000000,29.999751,0,5,0,1,1
241.473745,32.489951,55.989583,250.000000,47.406161,3.749218,243.517581,32.679588,103.351286,103.942947,6.664000,30.000000,29.957024,0,5,0,1,1
-199.498591,138.805924,58.593750,250.000000,74.761652,3.972402,-209.240436,123.871193,131.197847,131.566396,7.627000,30.000000,29.999682,0,4,0,1,1
53.200951,-236.483559,61.197917,250.000000,82.677582,3.778614,49.099759,-227.732514,143.308708,147.439417,8.281000,30.000000,29.999162,0,4,0,1,1
120.179318,209.728934,63.802083,250.000000,24.385717,3.641702,120.686063,210.881441,88.155278,89.139530,6.507000,30.000000,29.994835,0,5,0,1,1
-229.617162,-73.254138,66.406250,250.000000,55.315731,3.871271,-228.881758,-70.726926,121.659327,121.909268,7.528000,30.000000,29.999921,0,4,0,1,1
218.129879,-100.781537,69.010417,250.000000,22.591728,3.640149,218.626855,-101.539084,91.583970,92.012286,6.756000,30.000000,29.980403,0,4,0,1,1
-92.470576,220.953715,71.614583,250.000000,102.112477,3.817228,-94.725074,194.238333,170.144597,189.870671,9.787000,30.000000,29.999329,0,4,0,1,1
-80.798404,-224.640146,74.218750,250.000000,81.130208,3.930324,-95.439261,-209.596891,152.586195,158.405435,8.787000,30.000000,29.999997,0,5,0,1,1
210.589971,110.680187,76.822917,250.000000,17.057630,3.643776,210.687625,110.680974,93.880267,93.891687,7.246000,30.000000,29.996979,0,5,0,1,1
-229.217458,60.420986,79.427083,250.000000,47.449985,3.843845,-228.563333,53.691621,126.392910,127.488595,7.989000,30.000000,29.999858,0,4,0,1,1
127.723471,-198.639344,82.031250,250.000000,22.997095,3.644338,127.447942,-198.208100,105.022650,105.250286,7.652000,30.000000,29.998119,0,5,0,1,1
39.843687,231.839011,84.635417,250.000000,25.940822,3.655535,40.044341,230.932568,110.559620,111.050763,7.807000,30.000000,29.998334,0,5,0,1,1
-185.230803,-143.453145,87.239583,250.000000,42.943331,3.825946,-187.278827,-135.978586,129.477792,131.669584,8.350000,30.000000,29.999840,0,4,0,1,1
232.501752,-19.262295,89.843750,250.000000,9.934174,3.603966,231.829496,-19.009734,99.751933,103.318790,8.680000,30.000000,29.997313,0,5,0,1,1
-157.735651,170.507616,92.447917,250.000000,61.190764,3.890468,-166.123379,153.988216,150.766567,158.257631,9.223000,30.000000,29.999705,0,5,0,1,1
1.127981,-231.222467,95.052083,250.000000,72.974068,3.770691,-7.766214,-214.561071,165.539712,187.577502,10.347000,30.000000,29.999195,0,4,0,1,1
154.625955,170.452547,97.656250,250.000000,4.880691,3.531624,153.791642,170.295249,102.462529,125.158078,10.627000,30.000000,29.978320,0,5,0,1,1
-228.037678,-21.134481,100.260417,250.000000,33.634423,3.770702,-223.752196,-22.847358,133.576706,141.357176,9.376000,30.000000,29.997485,0,4,0,1,1
181.501758,-137.753364,102.864583,250.000000,3.726165,3.515267,180.652412,-137.786666,106.492504,145.356044,11.922000,30.000000,29.990140,0,5,0,1,1
-40.569046,223.003353,105.468750,250.000000,43.004266,3.701651,-41.915919,215.295149,147.755112,162.073199,9.974000,30.000000,29.998953,0,5,0,1,1
-120.067122,-190.798666,108.072917,250.000000,41.047720,3.809082,-128.856749,-179.090154,146.420909,159.062590,9.927000,30.000000,29.999662,0,5,0,1,1
216.194424,59.249929,110.677083,250.000000,9.546386,3.550095,214.410806,59.732672,120.042933,148.995082,11.387000,30.000000,29.761102,0,5,0,1,1
-198.277044,101.752505,113.281250,250.000000,30.667741,3.758682,-198.549296,91.742040,142.267916,159.040881,10.450000,30.000000,29.999756,0,5,0,1,1
77.003654,-207.704135,115.885417,250.000000,17.594997,3.605801,76.591783,-204.517708,133.184578,159.416033,11.338000,30.000000,29.998463,0,5,0,1,1
83.000970,203.889817,118.489583,250.000000,3.899571,3.473481,82.373051,202.918580,122.213703,244.450924,16.742000,30.000000,29.995236,0,4,0,1,1
-197.643199,-93.666800,121.093750,250.000000,16.622566,3.681187,-195.272676,-90.668455,137.270902,174.212355,12.329000,30.000000,29.999874,0,5,0,1,1
207.609649,-64.008274,123.697917,250.000000,4.001167,3.481221,206.505220,-63.258480,127.469837,275.362315,17.857000,29.998910,29.974848,0,5,0,1,1
-109.087696,186.138814,126.302083,250.000000,48.715541,3.724614,-109.936348,169.436049,172.056880,224.012317,13.279000,30.000000,29.999242,0,5,0,1,1
-44.972554,-209.429339,128.906250,250.000000,46.203651,3.722073,-50.636594,-194.559884,172.283609,228.568514,13.658000,30.000000,29.999272,0,4,0,1,1
173.333507,123.128005,131.510417,250.000000,3.857420,3.464514,172.357788,122.085862,135.093934,335.828534,19.733000,29.998432,29.974744,0,4,0,1,1
-209.362045,26.092388,134.114583,250.000000,11.796393,3.635550,-206.256815,24.362004,145.362615,237.442967,15.911000,30.000000,29.999858,0,5,0,1,1
135.664185,-159.383852,136.718750,250.000000,3.267401,3.438606,135.027737,-158.250282,139.716394,384.853182,21.031000,29.997695,29.994622,0,5,0,1,1
7.564855,207.441312,139.322917,250.000000,4.776909,3.515349,8.860492,205.789113,143.613654,326.383847,19.386000,29.999996,29.997919,0,5,0,1,1
-144.459059,-146.588824,141.927083,250.000000,14.123300,3.636080,-145.065041,-140.409010,154.612126,272.075951,17.189000,29.999419,29.999724,0,5,0,1,1
203.720928,10.416388,144.531250,250.000000,3.686111,3.439302,202.187600,10.355958,147.882767,433.400626,22.212000,30.000000,23.982046,0,5,0,1,1
-155.811803,128.739471,147.135417,250.000000,19.038799,3.656656,-156.448974,119.719817,163.889990,284.809251,17.442000,29.996663,29.999543,0,5,0,1,1
27.662974,-198.274600,149.739583,250.000000,11.149239,3.556656,25.702044,-194.573092,160.072013,327.537906,19.113000,30.000000,29.998582,0,5,0,1,1
112.414967,163.261315,152.343750,250.000000,3.425104,3.389154,111.618160,161.763715,155.319255,572.203352,25.217000,29.997401,29.974517,0,5,0,1,1
-191.195460,-43.993628,154.947917,250.000000,8.029740,3.570341,-187.863479,-43.459166,162.234135,416.159991,21.759000,29.999908,29.985621,0,5,0,1,1
168.884703,-95.683321,157.552083,250.000000,3.748247,3.381739,167.496710,-94.189068,160.696927,641.430123,26.565000,30.000000,29.944036,0,5,0,1,1
-59.235871,182.595419,160.156250,250.000000,12.803978,3.552980,-59.987958,176.838796,171.568415,422.114213,21.764000,30.000000,29.998666,0,5,0,1,1
-78.748535,-172.649109,162.760417,250.000000,11.867293,3.596400,-80.493318,-166.921846,173.006725,423.875823,21.816000,29.999969,29.999368,0,5,0,1,1
172.604387,73.227591,165.364583,250.000000,2.838968,3.384887,171.439305,72.069773,167.680135,689.434113,27.426000,30.000000,26.898864,0,5,0,1,1
-174.541940,61.819173,167.968750,250.000000,6.007822,3.523397,-171.634029,60.528786,173.065110,610.241352,26.022000,29.992122,29.999718,0,4,0,1,1
85.818461,-161.369365,170.572917,250.000000,4.293109,3.405855,83.889207,-159.666116,174.009152,752.513203,28.587000,30.000000,29.995424,0,5,0,1,1
45.106768,174.571124,173.177083,250.000000,4.129621,3.384977,44.336610,172.221194,176.484417,819.639048,29.745000,30.000000,29.992863,0,5,0,1,1
-149.053459,-96.871144,175.781250,250.000000,5.066946,3.500108,-146.609301,-95.235233,179.907244,745.407101,28.557000,30.000000,29.998076,0,5,0,1,1
172.765163,-28.824325,178.385417,250.000000,2.991318,3.356526,170.914980,-28.505372,180.714168,892.573898,30.925000,30.000000,27.225625,0,5,0,1,1
-106.262251,135.834844,180.989583,250.000000,7.905647,3.506261,-104.694046,131.474758,187.395022,726.412187,28.137000,30.000000,29.999034,0,4,0,1,1
-13.185023,-169.172959,183.593750,250.000000,7.063629,3.484118,-13.966531,-164.980442,189.224638,785.860455,29.196000,30.000000,29.998524,0,5,0,1,1
121.905732,113.882959,186.197917,250.000000,3.425375,3.339537,120.109376,112.380122,188.697472,1044.096846,33.332000,30.000000,29.107461,0,5,0,1,1
-163.863410,-1.598799,188.802083,250.000000,4.491526,3.460613,-161.378891,0.980929,191.512429,949.123682,31.995000,30.000000,29.924161,0,4,0,1,1
119.639214,-107.471419,191.406250,250.000000,3.418670,3.336061,117.454541,-106.336746,193.778385,1117.220953,34.443000,30.000000,29.950365,0,5,0,1,1
-15.316205,156.924734,194.010417,250.000000,4.328451,3.389072,-15.226781,153.887404,197.092968,1093.323660,34.139000,30.000000,29.996107,0,5,0,1,1
-92.749521,-123.451334,196.614583,250.000000,5.276934,3.456771,-89.513321,-121.220119,200.135196,1099.841545,34.321000,30.000000,29.999329,0,4,0,1,1
148.463491,27.757550,199.218750,250.000000,1.949047,3.323045,147.176161,27.067848,200.509438,1186.599644,35.435000,30.000000,2.869135,0,5,0,1,1
-125.252775,77.969562,201.822917,250.000000,4.601111,3.429795,-121.670192,77.438275,204.660706,1221.132141,36.125000,30.000000,29.999269,0,4,0,1,1
38.713302,-138.603203,204.427083,250.000000,4.364538,3.364140,38.935309,-135.190156,207.138359,1296.063408,37.123000,30.000000,29.993683,0,5,0,1,1
63.373188,124.987601,207.031250,250.000000,3.039119,3.320193,61.758157,123.170915,208.855413,1374.407722,38.179000,30.000000,29.827997,0,5,0,1,1
-127.482401,-47.971133,209.635417,250.000000,4.868063,3.393706,-123.549165,-49.989661,211.673366,1365.219537,38.187000,30.000000,29.724548,0,5,0,1,1
122.605867,-49.215451,212.239583,250.000000,2.598526,3.307543,120.592167,-48.542632,213.737803,1467.606826,39.464000,30.000000,20.580551,0,5,0,1,1
-55.310055,115.251729,214.843750,250.000000,5.484677,3.368932,-52.721272,111.490755,217.882658,1474.857066,39.671000,30.000000,29.996185,0,5,0,1,1
-35.768001,-118.055299,217.447917,250.000000,5.011721,3.377648,-36.836939,-113.789273,219.851195,1536.920982,40.567000,30.000000,29.997182,0,5,0,1,1
102.069304,60.489154,220.052083,250.000000,2.281950,3.298181,100.397836,59.486379,221.238647,1604.931356,41.336000,30.000000,12.182267,0,5,0,1,1
-111.265894,23.325850,222.656250,250.000000,3.360297,3.372765,-108.346513,22.915118,224.268736,1642.468866,42.012000,30.000000,29.192130,0,5,0,1,1
63.225564,-88.092410,225.260417,250.000000,2.658635,3.308160,62.207668,-85.971511,226.498971,1709.054968,42.769000,30.000000,26.731296,0,5,0,1,1
12.221340,102.119393,227.864583,250.000000,3.842914,3.310258,12.395996,98.659970,229.528875,1789.494597,43.857000,30.000000,26.677379,0,5,0,1,1
-73.460355,-63.148488,230.468750,250.000000,3.914372,3.354339,-73.665189,-59.354381,231.409549,1810.512175,44.241000,30.000000,25.814997,0,5,0,1,1
90.381784,-2.854573,233.072917,250.000000,1.719243,3.285769,88.805021,-2.814914,233.757052,1865.546824,44.799000,30.000000,5.146906,0,5,0,1,1
-59.690746,58.252272,235.677083,250.000000,4.797902,3.349075,-61.143724,53.728307,236.342264,1912.986191,45.585000,30.000000,22.717616,0,5,0,1,1
4.231179,-75.525777,238.281250,250.000000,3.976832,3.326172,5.587836,-71.971340,239.439114,1974.520358,46.330000,30.000000,20.645968,0,5,0,1,1
42.353668,51.772414,240.885417,250.000000,1.700130,3.281167,41.174453,50.651404,241.378601,2038.977409,47.046000,30.000000,11.735605,0,5,0,1,1
-56.099150,-8.106057,243.489583,250.000000,3.175622,3.304279,-53.200681,-7.017850,244.196161,2102.781965,47.939000,30.000000,29.872216,0,5,0,1,1
36.378746,-24.788163,246.093750,250.000000,1.246252,3.274366,35.348961,-24.128257,246.332933,2166.983656,48.665000,30.000000,29.835212,0,5,0,1,1
-5.835172,24.805181,248.697917,250.000000,1.685797,3.272192,-5.839439,23.127638,248.864468,2237.278779,49.544000,30.000000,29.991647,0,5,0,1,1
171.009662,223.051822,10.253906,281.250000,67.836890,4.035808,179.050104,233.626056,76.777440,87.822657,5.613000,30.000000,29.994050,0,5,0,1,1
-276.646233,-48.934823,13.183594,281.250000,124.563458,4.190563,-276.677731,-45.813742,137.707941,137.720917,7.474000,30.000000,29.997870,0,5,0,1,1
236.916397,-150.706819,16.113281,281.250000,64.144210,4.029329,246.967614,-157.210825,79.130347,89.222227,5.683000,30.000000,29.993805,0,5,0,1,1
-72.846156,270.984069,19.042969,281.250000,143.431381,4.129521,-78.733640,256.257223,161.594779,163.986919,8.128000,30.000000,29.999242,0,5,0,1,1
-129.233896,-248.832002,21.972656,281.250000,110.282284,4.385553,-152.455485,-248.660810,129.782260,131.454937,7.123000,30.000000,29.999355,0,5,0,1,1
263.146525,96.100689,24.902344,281.250000,61.942571,4.059947,273.105576,98.860837,85.976732,94.247093,5.903000,30.000000,29.999394,0,5,0,1,1
-258.696134,106.786004,27.832031,281.250000,90.886381,4.295816,-271.505237,100.192227,117.569333,120.245573,6.837000,30.000000,29.999800,0,5,0,1,1
118.491513,-253.209480,30.761719,281.250000,85.745303,4.081206,122.591991,-258.278978,116.258755,117.837260,6.740000,30.000000,29.999072,0,5,0,1,1
83.567457,266.426222,33.691406,281.250000,51.981140,4.014540,86.347244,274.294776,84.998302,92.782762,5.909000,30.000000,29.998463,0,5,0,1,1
-241.269010,-139.820323,36.621094,281.250000,81.918274,4.235416,-250.092872,-138.020427,118.042856,119.807651,6.912000,30.000000,29.999897,0,5,0,1,1
271.960448,-59.789741,39.550781,281.250000,44.881982,4.006873,278.991235,-60.666591,83.869981,91.718583,5.925000,30.000000,29.996770,0,5,0,1,1
-159.899399,227.440441,42.480469,281.250000,123.515874,4.257382,-171.265704,209.861911,164.209567,166.010200,8.332000,30.000000,29.999211,0,5,0,1,1
-35.669410,-275.258376,45.410156,281.250000,134.171165,4.175592,-50.087705,-254.260750,177.141376,184.037054,8.944000,30.000000,29.999211,0,5,0,1,1
211.857209,178.553480,48.339844,281.250000,34.242872,3.953779,216.084125,180.987856,82.233520,89.246250,5.985000,30.000000,29.989952,0,5,0,1,1
-276.301368,11.425929,51.269531,281.250000,69.612082,4.193411,-280.574985,7.856024,120.658536,121.564506,7.112000,30.000000,29.999914,0,5,0,1,1
195.621518,-194.669538,54.199219,281.250000,29.800032,3.929068,198.592421,-196.936746,83.763985,89.548656,6.115000,30.000000,29.996883,0,5,0,1,1
-12.720511,275.092783,57.128906,281.250000,78.133941,4.057354,-13.232916,274.891754,135.260908,135.262515,7.563000,30.000000,29.999127,0,5,0,1,1
-176.042959,-210.958300,60.058594,281.250000,68.335141,4.244072,-189.805261,-205.794397,126.794076,127.517356,7.323000,30.000000,29.999756,0,5,0,1,1
271.657963,36.551195,62.988281,281.250000,39.583207,3.984605,274.864114,37.336896,102.433604,104.883412,6.694000,30.000000,29.951847,0,5,0,1,1
-224.435915,156.156664,65.917969,281.250000,68.076217,4.246429,-236.221838,145.960913,132.186438,132.503906,7.545000,30.000000,29.999688,0,5,0,1,1
59.851069,-266.044004,68.847656,281.250000,76.062958,4.052543,57.139579,-263.386512,144.815802,145.415253,8.040000,30.000000,29.999144,0,5,0,1,1
135.201732,235.945051,71.777344,281.250000,16.563184,3.862361,135.933477,236.634220,88.309998,90.023468,6.797000,30.000000,29.994729,0,5,0,1,1
-258.319308,-82.410905,74.707031,281.250000,48.519693,4.129685,-259.858217,-81.464455,123.193076,123.329648,7.516000,30.000000,29.999920,0,5,0,1,1
245.396114,-113.379229,77.636719,281.250000,13.140273,3.847905,245.989259,-112.955335,90.756752,91.238150,7.231000,30.000000,29.979595,0,5,0,1,1
-104.029398,248.572929,80.566406,281.250000,98.127247,4.122099,-107.940638,230.185454,176.876112,186.056689,9.457000,30.000000,29.999315,0,5,0,1,1
-90.898204,-252.720164,83.496094,281.250000,76.378058,4.216219,-104.329123,-243.664976,158.136711,159.883306,8.656000,30.000000,29.999451,0,5,0,1,1
236.913717,124.515210,86.425781,281.250000,9.815408,3.863580,236.805404,124.690786,96.239021,96.243732,7.827000,30.000000,29.996691,0,5,0,1,1
-257.869640,67.973609,89.355469,281.250000,40.429034,4.094751,-258.867278,62.989460,129.463695,129.522114,8.043000,30.000000,29.999858,0,5,0,1,1
143.688905,-223.469262,92.285156,281.250000,15.277996,3.866406,143.680418,-223.135305,107.559500,107.773929,8.163000,30.000000,29.998081,0,5,0,1,1
44.824148,260.818887,95.214844,281.250000,18.487912,3.885789,44.427797,260.463263,113.695086,113.958201,8.221000,30.000000,29.998300,0,5,0,1,1
-208.384653,-161.384788,98.144531,281.250000,34.673397,4.076509,-210.906700,-156.682464,132.404886,132.824990,8.399000,30.000000,29.999837,0,5,0,1,1
261.564471,-21.670082,101.074219,281.250000,5.478252,3.828164,261.042704,-21.380789,106.519888,117.523140,10.057000,30.000000,29.997046,0,5,0,1,1
-177.452607,191.821068,104.003906,281.250000,53.387965,4.155404,-187.056945,179.797089,155.125872,157.956509,9.122000,30.000000,29.999998,0,5,0,1,1
1.268978,-260.125275,106.933594,281.250000,66.839730,4.048915,-7.015328,-249.195166,172.351118,183.972583,10.022000,30.000000,29.999195,0,5,0,1,1
173.954199,191.759116,109.863281,281.250000,3.148059,3.748557,173.719227,191.225502,112.956875,153.973047,12.528000,30.000000,29.977878,0,5,0,1,1
-256.542388,-23.776291,112.792969,281.250000,26.179668,4.022914,-254.264065,-24.373457,138.866473,143.055443,9.433000,30.000000,29.997451,0,5,0,1,1
204.189478,-154.972534,115.722656,281.250000,2.748621,3.735056,203.802416,-154.557679,118.412079,175.633484,13.671000,30.000000,29.989939,0,5,0,1,1
-45.640176,250.878772,118.652344,281.250000,33.970961,3.949119,-46.638401,246.476851,152.322105,160.723987,9.963000,30.000000,29.998953,0,5,0,1,1
-135.075512,-214.648499,121.582031,281.250000,32.891658,4.060397,-143.620250,-206.415668,152.258881,159.996340,10.048000,30.000000,29.999997,0,5,0,1,1
243.218728,66.656170,124.511719,281.250000,4.328270,3.772232,242.434419,66.423359,128.761963,176.040525,13.328000,30.000000,29.699610,0,5,0,1,1
-223.061674,114.471568,127.441406,281.250000,22.319524,4.000564,-224.506136,106.874963,148.378604,161.131492,10.676000,30.000000,29.999751,0,5,0,1,1
86.629111,-233.667151,130.371094,281.250000,9.997660,3.832153,85.304350,-232.219612,140.174299,176.704665,12.785000,30.000000,29.998432,0,5,0,1,1
93.376092,229.376044,133.300781,281.250000,4.119649,3.699216,92.629094,228.305211,137.208059,287.693562,18.340000,30.000000,29.995236,0,5,0,1,1
-222.348599,-105.375151,136.230469,281.250000,10.990922,3.920019,-220.741668,-103.519503,146.943765,194.767673,13.826000,30.000000,29.999872,0,5,0,1,1
233.560855,-72.009308,139.160156,281.250000,2.726026,3.697648,232.797043,-71.449684,141.716449,308.337373,18.938000,29.998865,29.972211,0,5,0,1,1
-122.723659,209.406166,142.089844,281.250000,40.817803,3.990847,-124.697707,197.464228,181.071715,219.593527,13.138000,30.000000,29.999242,0,5,0,1,1
-50.594123,-235.608007,145.019531,281.250000,37.856257,3.981152,-56.646509,-225.372665,180.959795,224.898818,13.618000,30.000000,29.999257,0,5,0,1,1
195.000196,138.519005,147.949219,281.250000,2.845902,3.682392,194.240936,137.758278,150.584362,375.500546,20.829000,29.998334,29.972061,0,5,0,1,1
-235.532300,29.353937,150.878906,281.250000,7.980942,3.873098,-233.204698,28.635151,158.478976,275.333306,17.573000,29.999671,29.999855,0,5,0,1,1
152.622209,-179.306833,153.808594,281.250000,3.825461,3.667875,151.075986,-178.589580,157.233342,441.118142,22.450000,29.997057,29.994512,0,5,0,1,1
8.510462,233.371476,156.738281,281.250000,3.752468,3.740821,7.836568,232.009508,160.169306,386.919361,21.103000,29.994548,29.997876,0,5,0,1,1
-162.516441,-164.912427,159.667969,281.250000,9.834870,3.873253,-163.509566,-160.215159,168.251327,307.513708,18.578000,29.999655,29.999724,0,5,0,1,1
229.186044,11.718437,162.597656,281.250000,4.175902,3.664863,227.382567,11.518897,166.358748,496.333598,23.660000,30.000000,23.551638,0,5,0,1,1
-175.288278,144.831904,165.527344,281.250000,12.554000,3.890383,-176.943383,138.122021,176.007850,317.124988,18.754000,29.998643,29.999543,0,5,0,1,1
31.120846,-223.058925,168.457031,281.250000,6.518088,3.797685,29.735209,-220.885017,174.443650,377.869830,20.685000,29.999981,29.998553,0,5,0,1,1
126.466837,183.668980,171.386719,281.250000,2.664632,3.620449,125.275227,182.911935,173.646632,609.917098,25.971000,30.000000,29.973997,0,5,0,1,1
-215.094892,-49.492832,174.316406,281.250000,6.284258,3.794657,-212.296913,-49.207727,179.936186,486.567707,23.461000,29.999405,29.959110,0,5,0,1,1
189.995291,-107.643737,177.246094,281.250000,3.353019,3.615342,188.401326,-106.851751,180.087707,684.242443,27.377000,30.000000,29.942825,0,5,0,1,1
-66.640355,205.419847,180.175781,281.250000,8.962665,3.792693,-66.585704,201.413943,188.193207,479.402369,23.181000,29.999969,29.998666,0,5,0,1,1
-88.592102,-194.230248,183.105469,281.250000,8.401701,3.827030,-90.832323,-189.956056,189.983061,490.999899,23.462000,29.999907,29.999355,0,5,0,1,1
194.179936,82.381040,186.035156,281.250000,3.391974,3.620237,192.346451,81.883977,188.845272,747.987110,28.495000,30.000000,26.426882,0,5,0,1,1
-196.359683,69.546570,188.964844,281.250000,4.990644,3.759643,-193.649571,69.257088,193.145516,674.660959,27.283000,30.000000,29.999718,0,5,0,1,1
96.545768,-181.540535,191.894531,281.250000,3.789300,3.638031,96.162744,-179.310829,194.934350,796.414118,29.356000,30.000000,29.995331,0,5,0,1,1
50.745114,196.392514,194.824219,281.250000,3.321809,3.616185,50.300491,194.441442,197.475641,854.420503,30.326000,30.000000,29.992418,0,5,0,1,1
-167.685141,-108.980038,197.753906,281.250000,6.063257,3.731144,-164.040468,-108.016734,202.502747,825.314671,29.961000,30.000000,29.997975,0,5,0,1,1
194.360808,-32.427366,200.683594,281.250000,3.036074,3.595534,192.517922,-31.805553,203.014873,937.084413,31.658000,30.000000,26.661097,0,5,0,1,1
-119.545032,152.814199,203.613281,281.250000,6.370193,3.735663,-117.897373,149.464276,208.774927,787.436501,29.217000,30.000000,29.999034,0,5,0,1,1
-14.833150,-190.319579,206.542969,281.250000,6.086036,3.715339,-14.867675,-186.640039,211.390610,842.929986,30.170000,30.000000,29.998524,0,5,0,1,1
137.143949,128.118329,209.472656,281.250000,2.827905,3.582667,135.711177,126.820677,211.536709,1068.731402,33.720000,30.000000,29.086470,0,5,0,1,1
-184.346336,-1.798649,212.402344,281.250000,4.671429,3.708081,-181.263632,-0.585588,215.695923,1013.155540,33.010000,30.000000,29.920421,0,5,0,1,1
134.594116,-120.905347,215.332031,281.250000,3.410847,3.578474,133.318865,-118.775956,217.671541,1152.992739,34.992000,30.000000,29.949352,0,5,0,1,1
-17.230731,176.540326,218.261719,281.250000,5.846313,3.624626,-17.404983,172.371057,222.356374,1148.272228,34.967000,30.000000,29.996028,0,5,0,1,1
-104.343211,-138.882751,221.191406,281.250000,5.596304,3.672079,-102.179515,-135.470944,225.063952,1157.013732,35.162000,30.000000,29.999315,0,5,0,1,1
167.021427,31.227244,224.121094,281.250000,2.157266,3.562553,165.468988,30.866080,225.574810,1232.549301,36.122000,30.000000,1.364035,0,5,0,1,1
-140.909372,87.715758,227.050781,281.250000,6.647489,3.659213,-137.075880,84.373974,231.331661,1280.482233,36.982000,30.000000,29.999255,0,5,0,1,1
43.552465,-155.928603,229.980469,281.250000,5.497959,3.600863,41.524044,-152.161668,233.433477,1338.085326,37.725000,30.000000,29.993549,0,5,0,1,1
71.294837,140.611052,232.910156,281.250000,3.187427,3.563682,70.920056,138.064044,234.789514,1404.405201,38.612000,30.000000,29.825364,0,5,0,1,1
-143.417701,-53.967524,235.839844,281.250000,5.273543,3.643591,-139.220876,-56.276272,238.045881,1419.770300,38.979000,30.000000,29.713386,0,5,0,1,1
137.931601,-55.367382,238.769531,281.250000,2.470223,3.550194,136.081918,-54.549782,240.188053,1496.276758,39.870000,30.000000,20.503921,0,5,0,1,1
-62.223812,129.658195,241.699219,281.250000,3.798030,3.612429,-60.624610,126.946537,243.823955,1502.218814,40.060000,30.000000,29.996107,0,5,0,1,1
-40.239001,-132.812212,244.628906,281.250000,5.496115,3.622499,-42.585464,-128.388646,246.894620,1551.902106,40.772000,30.000000,29.997125,0,5,0,1,1
114.827967,68.050298,247.558594,281.250000,1.743206,3.541293,113.506943,67.362867,248.464741,1621.746637,41.569000,30.000000,12.159828,0,5,0,1,1
-125.174130,26.241581,250.488281,281.250000,4.455430,3.619970,-121.478927,24.977175,252.632484,1654.105368,42.164000,30.000000,29.134869,0,5,0,1,1
71.128760,-99.103961,253.417969,281.250000,2.580497,3.551867,69.520458,-97.488586,254.627470,1723.364848,42.963000,30.000000,26.671607,0,5,0,1,1
13.749008,114.884318,256.347656,281.250000,3.946397,3.556828,13.242515,111.380554,258.091547,1789.219473,43.852000,30.000000,26.722800,0,5,0,1,1
-82.642899,-71.042049,259.277344,281.250000,4.496012,3.604270,-81.290095,-67.048161,260.837120,1819.424905,44.362000,30.000000,25.619578,0,5,0,1,1
101.679507,-3.211394,262.207031,281.250000,1.898778,3.529901,99.935861,-3.240635,262.958163,1882.766148,45.029000,30.000000,5.151933,0,5,0,1,1
-67.152089,65.533806,265.136719,281.250000,4.092285,3.594830,-66.098588,61.786720,266.400156,1922.104818,45.695000,30.000000,25.869192,0,5,0,1,1
4.760077,-84.966499,268.066406,281.250000,4.078694,3.576769,6.560461,-81.485073,269.195138,1983.219679,46.452000,30.000000,20.529667,0,5,0,1,1
47.647876,58.243966,270.996094,281.250000,2.219312,3.524529,46.678572,56.348477,271.622923,2053.639972,47.238000,30.000000,11.694058,0,5,0,1,1
-63.111544,-9.119314,273.925781,281.250000,4.404378,3.555105,-59.768768,-6.382020,274.781130,2100.971624,47.923000,30.000000,29.892164,0,5,0,1,1
40.926089,-27.886684,276.855469,281.250000,0.745764,3.517691,40.851980,-27.150379,276.947812,2163.478661,48.620000,30.000000,29.834828,0,5,0,1,1
-6.564569,27.905829,279.785156,281.250000,1.656018,3.515742,-6.676471,26.261710,279.948696,2237.366993,49.545000,30.000000,29.976939,0,5,0,1,1
190.010736,247.835358,11.393229,312.500000,60.312122,4.273631,199.143258,259.147974,69.926757,88.266511,5.598000,30.000000,29.993928,0,6,0,1,1
-307.384704,-54.372026,14.648438,312.500000,121.424140,4.484347,-315.870311,-52.856902,135.766234,137.151841,7.363000,30.000000,29.997555,0,6,0,1,1
263.240442,-167.452021,17.903646,312.500000,53.772522,4.254789,273.890175,-174.237488,70.172420,87.925860,5.612000,30.000000,29.993678,0,6,0,1,1
-80.940173,301.093410,21.158854,312.500000,142.777602,4.439361,-88.139023,297.152800,163.700398,163.785479,8.013000,30.000000,29.999257,0,6,0,1,1
-143.593217,-276.480002,24.414062,312.500000,105.690813,4.663604,-165.608628,-283.503960,127.547634,133.092661,7.095000,30.000000,29.999997,0,6,0,1,1
292.385027,106.778543,27.669271,312.500000,54.064359,4.288471,302.837639,110.995905,80.545652,94.758706,5.892000,30.000000,29.999366,0,6,0,1,1
-287.440149,118.651115,30.924479,312.500000,83.153755,4.553859,-303.084595,116.003101,112.550371,119.961789,6.767000,30.000000,29.999804,0,6,0,1,1
131.657236,-281.343866,34.179688,312.500000,78.945710,4.331093,136.762280,-290.238089,112.456481,117.715024,6.670000,30.000000,29.999072,0,6,0,1,1
92.852730,296.029135,37.434896,312.500000,42.971378,4.235431,94.789985,304.253035,79.567470,92.876037,5.905000,30.000000,29.998432,0,6,0,1,1
-268.076678,-155.355914,40.690104,312.500000,73.796977,4.491343,-278.885063,-157.471219,113.660633,119.491555,6.832000,30.000000,29.999895,0,6,0,1,1
302.178275,-66.433046,43.945312,312.500000,33.459656,4.208546,308.325746,-67.444665,76.819828,90.000153,5.917000,30.000000,29.996527,0,6,0,1,1
-177.665999,252.711602,47.200521,312.500000,120.283676,4.550256,-190.379062,243.708454,166.471155,166.514600,8.247000,30.000000,29.999227,0,6,0,1,1
-39.632678,-305.842640,50.455729,312.500000,132.247821,4.487252,-51.807014,-295.131234,181.705634,183.498058,8.772000,30.000000,29.999227,0,6,0,1,1
235.396899,198.392755,53.710938,312.500000,25.240156,4.160831,238.158563,201.355465,78.624007,89.364858,6.074000,30.000000,29.989664,0,6,0,1,1
-307.001520,12.695477,56.966146,312.500000,59.367134,4.431288,-314.048256,11.317116,115.897464,120.011499,6.994000,30.000000,29.999913,0,6,0,1,1
217.357242,-216.299487,60.221354,312.500000,20.640064,4.133246,218.963514,-218.590534,80.670883,89.267102,6.264000,30.000000,29.996819,0,6,0,1,1
-14.133901,305.658648,63.476562,312.500000,70.674679,4.307892,-14.069462,309.449874,134.049452,135.026601,7.450000,30.000000,29.999109,0,6,0,1,1
-195.603288,-234.398111,66.731771,312.500000,59.987050,4.492746,-208.432080,-233.227188,125.319288,128.545234,7.291000,30.000000,29.999760,0,6,0,1,1
301.842182,40.612439,69.986979,312.500000,30.141929,4.192970,304.980488,41.298944,99.957225,104.789018,6.783000,30.000000,29.932476,0,6,0,1,1
-249.373239,173.507405,73.242188,312.500000,60.335069,4.496147,-261.458887,167.237075,132.020930,134.125332,7.527000,30.000000,29.999832,0,6,0,1,1
66.501188,-295.604449,76.497396,312.500000,68.352726,4.304819,65.233221,-296.963081,144.824854,144.910479,7.934000,30.000000,29.999144,0,6,0,1,1
150.224147,262.161167,79.752604,312.500000,8.474086,4.059194,150.251033,262.546596,88.217878,89.552561,7.341000,30.000000,29.994622,0,6,0,1,1
-287.021453,-91.567672,83.007812,312.500000,39.152494,4.350755,-289.241723,-92.454785,122.087235,123.475175,7.531000,30.000000,29.999920,0,6,0,1,1
272.662349,-125.976921,86.263021,312.500000,6.834875,4.058258,272.645096,-126.322118,93.089151,93.346748,7.766000,30.000000,29.979595,0,6,0,1,1
-115.588220,276.192143,89.518229,312.500000,92.266688,4.400595,-120.969525,264.773734,180.917371,184.177932,9.267000,30.000000,29.999315,0,6,0,1,1
-100.998005,-280.800182,92.773438,312.500000,66.496605,4.474435,-113.229211,-277.366181,158.045206,158.078854,8.492000,30.000000,29.999994,0,6,0,1,1
263.237463,138.350233,96.028646,312.500000,4.310368,4.063772,263.211434,138.027226,100.326815,101.751471,8.961000,30.000000,29.996565,0,6,0,1,1
-286.521822,75.526233,99.283854,312.500000,31.090624,4.330285,-287.997465,73.275836,130.257797,130.472893,8.088000,30.000000,29.999855,0,6,0,1,1
159.654339,-248.299180,102.539062,312.500000,8.232751,4.072711,159.579865,-248.025747,110.766934,111.663502,8.899000,30.000000,29.998081,0,6,0,1,1
49.804608,289.798763,105.794271,312.500000,10.165471,4.087028,49.464089,289.507059,115.949849,116.770851,8.928000,30.000000,29.998265,0,6,0,1,1
-231.538503,-179.316431,109.049479,312.500000,23.796655,4.299182,-233.764106,-176.589814,132.584412,132.624324,8.577000,30.000000,29.999837,0,6,0,1,1
290.627190,-24.077869,112.304688,312.500000,3.078080,4.038281,290.252834,-24.023917,115.359441,135.402071,11.350000,30.000000,29.996954,0,6,0,1,1
-197.169563,213.134520,115.559896,312.500000,44.845694,4.398954,-205.752591,205.092103,158.835610,159.600243,9.154000,30.000000,30.000000,0,6,0,1,1
1.409976,-289.028083,118.815104,312.500000,59.124842,4.307205,-4.929902,-282.886868,177.277385,182.685383,9.900000,30.000000,29.999195,0,6,0,1,1
193.282444,213.065684,122.070312,312.500000,3.936954,3.957783,192.836150,212.417403,125.927793,184.635638,14.282000,30.000000,29.977878,0,6,0,1,1
-285.047097,-26.418101,125.325521,312.500000,18.498241,4.239639,-283.446890,-28.232977,143.664836,147.860906,9.990000,30.000000,29.997369,0,6,0,1,1
226.877198,-172.191705,128.580729,312.500000,3.588839,3.945642,225.918410,-172.141336,132.038757,208.072206,15.302000,30.000000,29.989939,0,6,0,1,1
-50.711307,278.754191,131.835938,312.500000,24.475806,4.168132,-51.062015,276.200820,156.175666,162.939733,10.345000,30.000000,29.998932,0,6,0,1,1
-150.083902,-238.498333,135.091146,312.500000,23.172157,4.287065,-157.521868,-232.796642,156.283509,162.150515,10.396000,30.000000,29.999784,0,6,0,1,1
270.243031,74.062411,138.346354,312.500000,2.942635,3.981600,269.519534,74.225085,141.194018,218.405494,15.620000,30.000000,29.603473,0,6,0,1,1
-247.846305,127.190632,141.601562,312.500000,14.591838,4.226817,-248.993918,122.147539,155.246046,171.702941,11.739000,30.000000,29.999751,0,6,0,1,1
96.254567,-259.630168,144.856771,312.500000,4.536085,4.044481,96.289678,-258.614020,149.277436,210.686405,14.971000,30.000000,29.998432,0,6,0,1,1
103.751213,254.862272,148.111979,312.500000,3.366103,3.911897,103.373526,253.861679,151.303659,318.383446,19.294000,30.000000,29.995138,0,6,0,1,1
-247.053999,-117.083501,151.367188,312.500000,7.627603,4.137810,-246.198219,-115.022818,158.661127,222.989693,15.384000,29.999995,29.999872,0,6,0,1,1
259.512061,-80.010342,154.622396,312.500000,3.925176,3.920487,258.297186,-79.360830,158.297885,356.926447,20.391000,29.998842,29.970893,0,6,0,1,1
-136.359621,232.673518,157.877604,312.500000,31.678906,4.232257,-138.578456,224.494904,188.402022,220.745768,13.439000,30.000000,29.999242,0,6,0,1,1
-56.215692,-261.786674,161.132812,312.500000,28.210920,4.220554,-60.202491,-255.293329,188.295249,227.021101,13.997000,30.000000,29.999257,0,6,0,1,1
216.666884,153.910006,164.388021,312.500000,4.252680,3.905173,215.193096,153.143041,168.302737,434.760860,22.343000,29.998265,29.970439,0,6,0,1,1
-261.702556,32.615486,167.643229,312.500000,5.256309,4.091167,-260.135084,31.660968,172.568746,323.891743,19.310000,29.998523,29.999852,0,6,0,1,1
169.580232,-199.229815,170.898438,312.500000,3.178696,3.884413,169.034969,-197.974449,173.767384,478.075250,23.292000,29.996047,29.994400,0,6,0,1,1
9.456069,259.301640,174.153646,312.500000,4.008748,3.954363,9.166641,257.751326,177.839133,440.652286,22.442000,29.991308,29.997833,0,6,0,1,1
-180.573824,-183.236030,177.408854,312.500000,6.369814,4.098479,-181.050874,-180.145379,182.958164,362.274595,20.375000,29.999446,29.999718,0,6,0,1,1
254.651160,13.020485,180.664062,312.500000,3.621941,3.882842,253.042436,13.043767,183.909046,535.158330,24.484000,30.000000,23.130619,0,6,0,1,1
-194.764753,160.924338,183.919271,312.500000,8.317430,4.117754,-195.768216,156.347155,190.791104,376.681220,20.692000,29.997134,29.999602,0,6,0,1,1
34.578718,-247.843250,187.174479,312.500000,4.974373,4.021254,32.583788,-246.279092,191.454438,461.816689,22.889000,29.999960,29.998553,0,6,0,1,1
140.518708,204.076644,190.429688,312.500000,4.184436,3.845013,139.482782,202.177107,194.011324,678.698270,27.307000,30.000000,29.973466,0,6,0,1,1
-238.994325,-54.992036,193.684896,312.500000,5.017826,4.019083,-236.481966,-55.560503,197.991109,554.546119,24.963000,29.999272,29.957353,0,6,0,1,1
211.105879,-119.604152,196.940104,312.500000,4.078185,3.838288,209.480891,-118.017160,200.327207,739.393934,28.390000,30.000000,29.942368,0,6,0,1,1
-74.044838,228.244274,200.195312,312.500000,5.608368,4.018669,-74.339053,225.577241,205.120164,546.180102,24.682000,29.999974,29.998638,0,6,0,1,1
-98.435669,-215.811387,203.450521,312.500000,5.515439,4.049617,-99.658501,-212.927444,207.990083,556.744953,24.920000,29.995362,29.999355,0,6,0,1,1
215.755484,91.534489,206.705729,312.500000,2.801563,3.842654,214.398475,90.696152,209.008873,790.747373,29.253000,30.000000,26.035663,0,6,0,1,1
-218.177425,77.273967,209.960938,312.500000,4.546868,3.998876,-215.644328,77.034446,213.729233,722.886727,28.174000,30.000000,29.999713,0,6,0,1,1
107.273076,-201.711706,213.216146,312.500000,3.927444,3.859871,106.357569,-199.578890,216.384388,849.646314,30.267000,30.000000,29.995236,0,6,0,1,1
56.383460,218.213905,216.471354,312.500000,3.572821,3.843925,54.988315,216.386519,219.206182,897.611779,31.050000,30.000000,29.992418,0,6,0,1,1
-186.316823,-121.088931,219.726562,312.500000,4.416074,3.969718,-182.939086,-122.671663,222.090363,850.776357,30.407000,30.000000,29.997829,0,6,0,1,1
215.956453,-36.030406,222.981771,312.500000,3.251068,3.822153,213.866347,-35.998653,225.471729,979.969101,32.352000,30.000000,26.536644,0,6,0,1,1
-132.827813,169.793555,226.236979,312.500000,5.151156,3.963296,-131.265871,167.160366,230.379570,859.916911,30.489000,30.000000,29.999015,0,6,0,1,1
-16.481278,-211.466199,229.492188,312.500000,5.231163,3.950060,-16.082036,-208.267644,233.612250,910.038119,31.313000,30.000000,29.998494,0,6,0,1,1
152.382165,142.353698,232.747396,312.500000,3.712469,3.808521,150.760549,140.333606,235.406722,1120.366197,34.515000,30.000000,29.059549,0,6,0,1,1
-204.829263,-1.998499,236.002604,312.500000,5.576266,3.926512,-201.531469,0.803504,239.519432,1060.607565,33.746000,30.000000,29.917066,0,6,0,1,1
149.549017,-134.339274,239.257812,312.500000,3.198108,3.804666,147.765211,-132.899645,241.487924,1189.798131,35.544000,30.000000,29.948266,0,6,0,1,1
-19.145257,196.155917,242.513021,312.500000,5.073152,3.850830,-17.912014,192.690184,246.006540,1176.007723,35.378000,30.000000,29.995947,0,6,0,1,1
-115.936901,-154.314168,245.768229,312.500000,4.952007,3.906869,-113.275992,-151.789093,249.094778,1205.427632,35.902000,30.000000,29.999315,0,6,0,1,1
185.579363,34.696938,249.023438,312.500000,1.676703,3.790686,184.361130,34.447725,250.148218,1263.184519,36.574000,30.000000,1.095640,0,6,0,1,1
-156.565969,97.461953,252.278646,312.500000,3.625352,3.889741,-154.191391,96.049128,254.625660,1293.439144,37.174000,30.000000,29.999255,0,6,0,1,1
48.391628,-173.254004,255.533854,312.500000,4.666145,3.827669,47.976709,-169.648869,258.467071,1364.000398,38.089000,30.000000,29.993417,0,6,0,1,1
79.216486,156.234502,258.789062,312.500000,3.055664,3.792153,77.830985,154.232540,260.635578,1430.395290,38.977000,30.000000,29.812807,0,6,0,1,1
-159.353001,-59.963916,262.044271,312.500000,5.964610,3.883568,-154.498446,-59.504294,265.479182,1435.974224,39.201000,30.000000,29.694857,0,6,0,1,1
153.257334,-61.519313,265.299479,312.500000,2.324283,3.781159,151.416597,-61.013721,266.625510,1514.191824,40.119000,30.000000,20.528809,0,6,0,1,1
-69.137568,144.064661,268.554688,312.500000,5.947229,3.847686,-66.432165,139.915599,271.846436,1539.755155,40.576000,30.000000,29.996028,0,6,0,1,1
-44.710001,-147.569124,271.809896,312.500000,4.351487,3.856180,-46.463915,-144.021125,273.618466,1584.137818,41.219000,30.000000,29.997006,0,6,0,1,1
127.586630,75.611442,275.065104,312.500000,2.608231,3.772730,125.702644,74.397490,276.399188,1661.050332,42.110000,30.000000,12.123657,0,6,0,1,1
-139.082367,29.157312,278.320312,312.500000,4.288713,3.859441,-136.279505,26.473550,280.146360,1676.384635,42.472000,30.000000,29.098301,0,6,0,1,1
79.031955,-110.115513,281.575521,312.500000,2.972047,3.781402,77.495433,-107.985575,282.966753,1751.548486,43.338000,30.000000,26.589829,0,6,0,1,1
15.276675,127.649242,284.830729,312.500000,3.120407,3.787370,14.874060,124.879331,286.210018,1804.830594,44.059000,30.000000,26.623476,0,6,0,1,1
-91.825443,-78.935610,288.085938,312.500000,4.547710,3.845685,-92.282042,-74.549010,289.195406,1821.195992,44.384000,30.000000,25.458260,0,6,0,1,1
112.977230,-3.568216,291.341146,312.500000,1.368935,3.761649,111.780654,-3.996602,291.849745,1892.325258,45.155000,30.000000,5.131662,0,6,0,1,1
-74.613433,72.815340,294.596354,312.500000,3.063158,3.841345,-73.972518,69.980862,295.564807,1916.026022,45.615000,30.000000,27.979214,0,6,0,1,1
5.288974,-94.407221,297.851562,312.500000,3.514658,3.810159,5.654197,-91.079924,298.923253,1988.685866,46.516000,30.000000,20.483675,0,6,0,1,1
52.942085,64.715518,301.106771,312.500000,1.835448,3.757033,52.348038,63.052957,301.608637,2058.766262,47.302000,30.000000,11.660978,0,6,0,1,1
-70.123938,-10.132571,304.361979,312.500000,3.525700,3.785540,-67.362171,-8.052745,305.053019,2110.509621,48.039000,30.000000,29.877547,0,6,0,1,1
45.473433,-30.985204,307.617188,312.500000,1.245636,3.751435,44.393509,-30.410939,307.852970,2174.446466,48.760000,30.000000,29.869997,0,6,0,1,1
-7.293965,31.006476,310.872396,312.500000,1.773476,3.749530,-5.995173,29.807815,311.019259,2237.568529,49.548000,30.000000,29.985041,0,6,0,1,1
209.011810,272.618894,12.532552,343.750000,51.210924,4.486869,217.584778,283.957095,61.731211,88.307966,5.586000,30.000000,29.993928,0,6,0,1,1
-338.123174,-59.809229,16.113281,343.750000,116.897777,4.758090,-353.224012,-61.361394,132.021201,137.377630,7.287000,30.000000,29.997588,0,6,0,1,1
289.564486,-184.197223,19.694010,343.750000,46.419261,4.472593,300.059535,-190.601017,64.455525,89.289213,5.652000,30.000000,29.993678,0,6,0,1,1
-89.034190,331.202750,23.274740,343.750000,138.323101,4.715532,-97.462351,336.487342,161.239660,162.104821,7.884000,30.000000,29.999257,0,6,0,1,1
-157.952539,-304.128002,26.855469,343.750000,96.003514,4.915168,-177.270443,-316.926452,120.020338,132.064230,7.027000,30.000000,29.999713,0,6,0,1,1
321.623530,117.456397,30.436198,343.750000,42.517255,4.490922,331.345513,120.831061,71.689218,93.391067,5.854000,30.000000,29.999340,0,6,0,1,1
-316.184164,130.516227,34.016927,343.750000,74.564574,4.792776,-332.276054,132.508272,106.797134,120.328855,6.737000,30.000000,29.999808,0,6,0,1,1
144.822960,-309.478253,37.597656,343.750000,71.100324,4.564405,149.698341,-321.024687,107.584559,118.071643,6.639000,30.000000,29.999054,0,6,0,1,1
102.138003,325.632049,41.178385,343.750000,34.647247,4.444765,104.890026,332.666068,74.992298,93.810543,5.969000,30.000000,29.998432,0,6,0,1,1
-294.884346,-170.891506,44.759115,343.750000,66.121848,4.721055,-307.230498,-173.988484,109.644244,120.400389,6.832000,30.000000,29.999895,0,6,0,1,1
332.396103,-73.076351,48.339844,343.750000,25.954232,4.417343,337.414099,-73.984755,73.788157,91.439951,6.042000,30.000000,29.996512,0,6,0,1,1
-195.432599,277.982762,51.920573,343.750000,113.449368,4.825700,-207.708133,278.066964,164.703830,165.715600,8.127000,30.000000,29.999227,0,6,0,1,1
-43.595946,-336.426904,55.501302,343.750000,127.471155,4.764654,-52.963566,-334.934639,182.619028,182.638489,8.650000,30.000000,29.999227,0,6,0,1,1
258.936588,218.232031,59.082031,343.750000,17.695518,4.364468,261.401862,219.646692,76.547784,90.335399,6.269000,30.000000,29.989416,0,6,0,1,1
-337.701672,13.965024,62.662760,343.750000,50.903680,4.663380,-345.794585,13.060327,112.910854,121.181915,7.010000,30.000000,29.999913,0,6,0,1,1
239.092966,-237.929435,66.243490,343.750000,13.049698,4.329286,240.972019,-238.336848,79.150766,89.364437,6.565000,30.000000,29.996819,0,6,0,1,1
-15.547291,336.224512,69.824219,343.750000,62.256579,4.540820,-16.204549,342.443276,131.765939,135.367532,7.426000,30.000000,29.999109,0,6,0,1,1
-215.163616,-257.837923,73.404948,343.750000,50.534771,4.719596,-225.700504,-259.475548,122.801863,129.618087,7.311000,30.000000,29.999986,0,6,0,1,1
332.026400,44.673682,76.985677,343.750000,21.575801,4.393694,334.504818,44.789397,98.418345,105.452996,6.960000,30.000000,29.932321,0,6,0,1,1
-274.310563,190.858145,80.566406,343.750000,48.848178,4.717785,-285.376687,187.695933,128.039407,133.494147,7.495000,30.000000,29.999995,0,6,0,1,1
73.151307,-325.164894,84.147135,343.750000,59.713177,4.539117,73.555373,-328.923956,143.740505,145.194982,7.869000,30.000000,29.999127,0,6,0,1,1
165.246562,288.377284,87.727865,343.750000,5.005233,4.266599,165.861071,288.110560,92.688066,92.920593,8.159000,30.000000,29.994622,0,6,0,1,1
-315.723598,-100.724439,91.308594,343.750000,29.160076,4.574372,-318.160785,-101.807467,120.346452,123.977171,7.582000,30.000000,29.999920,0,6,0,1,1
299.928584,-138.574613,94.889323,343.750000,3.302214,4.262815,300.062171,-138.156092,98.162183,98.351025,8.744000,30.000000,29.979595,0,6,0,1,1
-127.147042,303.811358,98.470052,343.750000,85.923391,4.654229,-134.004250,297.917967,183.916384,184.528088,9.176000,30.000000,29.999315,0,6,0,1,1
-111.097805,-308.880200,102.050781,343.750000,57.032831,4.713752,-119.678056,-309.184678,158.433672,158.990298,8.480000,30.000000,30.000000,0,6,0,1,1
289.561210,152.185257,105.631510,343.750000,4.046063,4.272354,289.136121,152.441308,109.647026,115.917886,10.146000,30.000000,29.996478,0,6,0,1,1
-315.174004,83.078856,109.212240,343.750000,18.608290,4.525451,-316.824953,80.380495,127.549678,128.281058,8.320000,30.000000,29.999855,0,6,0,1,1
175.619773,-273.129098,112.792969,343.750000,3.462056,4.276336,175.693837,-272.841279,116.242245,120.681752,10.001000,30.000000,29.998041,0,6,0,1,1
54.785069,318.778640,116.373698,343.750000,5.330462,4.297285,54.868178,318.475250,121.694870,124.931592,9.898000,30.000000,29.998265,0,6,0,1,1
-254.692354,-197.248074,119.954427,343.750000,15.927630,4.505560,-256.802333,-194.838843,135.556766,135.592229,9.088000,30.000000,29.999837,0,6,0,1,1
319.689909,-26.485655,123.535156,343.750000,3.308008,4.229592,319.228782,-25.784041,126.734847,159.632141,12.908000,30.000000,29.996770,0,6,0,1,1
-216.886520,234.447973,127.115885,343.750000,33.118577,4.613800,-224.182681,229.058621,158.968060,158.997321,9.281000,30.000000,30.000000,0,6,0,1,1
1.550973,-317.930892,130.696615,343.750000,49.262573,4.537574,-3.614792,-315.162903,179.609335,181.524362,9.841000,30.000000,29.999178,0,6,0,1,1
212.610688,234.372253,134.277344,343.750000,2.720249,4.163281,212.252823,233.936252,136.938469,203.470787,15.152000,30.000000,29.977878,0,6,0,1,1
-313.551807,-29.059911,137.858073,343.750000,10.717752,4.450089,-312.552362,-28.564818,148.517632,156.609348,11.132000,30.000000,29.997132,0,6,0,1,1
249.564918,-189.410875,141.438802,343.750000,3.993274,4.149512,248.661181,-188.989676,145.305595,243.515702,16.872000,30.000000,29.989734,0,6,0,1,1
-55.782438,306.629610,145.019531,343.750000,16.258756,4.377402,-56.228455,304.814458,161.170489,171.542878,11.485000,30.000000,29.998932,0,6,0,1,1
-165.092292,-262.348166,148.600260,343.750000,14.943528,4.498479,-170.309994,-258.500083,162.064171,171.234352,11.525000,30.000000,29.999996,0,6,0,1,1
297.267334,81.468652,152.180990,343.750000,2.650972,4.184516,296.654420,81.283780,154.753501,248.811881,16.882000,30.000000,29.591369,0,6,0,1,1
-272.630935,139.909695,155.761719,343.750000,8.703635,4.429510,-273.923478,135.758927,163.301860,193.150417,13.608000,30.000000,29.999751,0,6,0,1,1
105.880024,-285.593185,159.342448,343.750000,3.353382,4.250884,105.787782,-284.761999,162.589877,255.816499,17.097000,30.000000,29.998400,0,6,0,1,1
114.126334,280.348499,162.923177,343.750000,3.256831,4.125029,113.519717,279.433733,165.989473,356.707205,20.424000,30.000000,29.995039,0,6,0,1,1
-271.759399,-128.791851,166.503906,343.750000,5.212385,4.347715,-270.294736,-128.738582,171.505994,264.866028,17.342000,29.996651,29.999869,0,6,0,1,1
285.463267,-88.011376,170.084635,343.750000,3.871082,4.124197,284.131157,-87.638661,173.700135,403.103177,21.624000,29.998769,29.969905,0,6,0,1,1
-149.995583,255.940870,173.665365,343.750000,22.230847,4.441670,-152.080562,250.272319,195.060013,231.135032,14.420000,30.000000,29.999227,0,6,0,1,1
-61.837261,-287.965341,177.246094,343.750000,20.012825,4.429555,-66.461940,-283.316904,196.154228,241.882141,15.154000,30.000000,29.999257,0,6,0,1,1
238.333573,169.301006,180.826823,343.750000,2.884807,4.110712,237.234526,168.914506,183.465918,460.797468,22.929000,29.998193,29.969425,0,6,0,1,1
-287.872812,35.877034,184.407552,343.750000,3.493868,4.297500,-287.031086,34.326821,187.423420,374.635952,20.840000,29.987179,29.999852,0,6,0,1,1
186.538255,-219.152796,187.988281,343.750000,3.064071,4.097762,185.309891,-218.492081,190.716488,523.998414,24.318000,29.995322,29.994286,0,6,0,1,1
10.401676,285.231804,191.569010,343.750000,3.949193,4.165936,10.704892,283.638289,195.169691,484.373391,23.436000,29.989805,29.997833,0,6,0,1,1
-198.631206,-201.559633,195.149740,343.750000,3.708996,4.310965,-199.177927,-199.552661,198.220539,404.163916,21.513000,29.940468,29.999718,0,6,0,1,1
280.116276,14.322534,198.730469,343.750000,3.693059,4.095781,278.436243,14.299944,202.019186,583.921184,25.500000,30.000000,22.951822,0,6,0,1,1
-214.241229,177.016772,202.311198,343.750000,5.773820,4.325390,-214.885863,173.699818,206.992999,437.058712,22.299000,29.995881,29.999533,0,6,0,1,1
38.036590,-272.627575,205.891927,343.750000,4.636256,4.224487,37.493711,-270.724680,210.084675,528.745450,24.376000,29.977061,29.998524,0,6,0,1,1
154.570579,224.484309,209.472656,343.750000,3.600811,4.062256,153.313423,223.083684,212.542453,714.423770,27.968000,30.000000,29.973466,0,6,0,1,1
-262.893757,-60.491239,213.053385,343.750000,6.066007,4.250102,-259.924353,-60.556025,218.342515,614.827157,26.188000,29.999272,29.956363,0,6,0,1,1
232.216467,-131.564567,216.634115,343.750000,3.447882,4.057746,230.451248,-130.886033,219.517078,771.018985,28.957000,30.000000,29.941658,0,6,0,1,1
-81.449322,251.068702,220.214844,343.750000,4.475316,4.226273,-81.659871,248.850211,224.095877,620.571979,26.217000,29.966610,29.998638,0,6,0,1,1
-108.279236,-237.392526,223.795573,343.750000,6.122392,4.262858,-107.685166,-234.426101,229.118268,642.472083,26.653000,29.986503,29.999342,0,6,0,1,1
237.331033,100.687937,227.376302,343.750000,3.238128,4.060670,235.459785,100.412879,230.004657,840.210025,30.109000,30.000000,25.878344,0,6,0,1,1
-239.995168,85.001363,230.957031,343.750000,5.494201,4.198371,-237.103588,83.933509,235.505075,778.724146,29.149000,30.000000,29.999713,0,6,0,1,1
118.000384,-221.882877,234.537760,343.750000,3.830541,4.078397,117.004500,-219.831790,237.615796,891.781749,30.977000,30.000000,29.995236,0,6,0,1,1
62.021806,240.035295,238.118490,343.750000,3.141064,4.059340,61.511865,238.172899,240.595932,937.477471,31.705000,30.000000,29.992263,0,6,0,1,1
-204.948506,-133.197824,241.699219,343.750000,5.726154,4.180752,-201.340771,-132.497765,246.090462,905.690808,31.300000,30.000000,29.997665,0,6,0,1,1
237.552099,-39.633447,245.279948,343.750000,3.640809,4.041788,235.312572,-38.801690,248.027345,1029.964334,33.153000,30.000000,26.286849,0,6,0,1,1
-146.110595,186.772910,248.860677,343.750000,4.645260,4.188572,-144.852490,184.229625,252.538626,904.434998,31.228000,30.000000,29.999015,0,6,0,1,1
-18.129406,-232.612819,252.441406,343.750000,4.623177,4.168717,-18.337077,-229.731470,256.050903,951.242336,31.973000,30.000000,29.998463,0,6,0,1,1
167.620382,156.589068,256.022135,343.750000,2.684231,4.029166,166.047434,155.578621,257.948252,1142.196481,34.850000,30.000000,29.019626,0,6,0,1,1
-225.312189,-2.198349,259.602865,343.750000,5.493441,4.150447,-223.454231,2.666943,261.350668,1102.781908,34.418000,30.000000,29.915995,0,6,0,1,1
164.503919,-147.773202,263.183594,343.750000,2.756278,4.026576,163.297448,-146.189200,265.089487,1214.494818,35.915000,30.000000,29.947264,0,6,0,1,1
-21.059782,215.771509,266.764323,343.750000,4.804840,4.071070,-21.122887,212.310528,270.096607,1215.135779,35.969000,30.000000,29.995864,0,6,0,1,1
-127.530591,-169.745585,270.345052,343.750000,5.831885,4.133285,-125.542928,-165.972673,274.323144,1226.057100,36.199000,30.000000,29.999301,0,6,0,1,1
204.137300,38.166632,273.925781,343.750000,3.206493,4.013429,201.718766,38.077281,276.029185,1324.698608,37.482000,30.000000,1.169841,0,6,0,1,1
-172.222566,107.208148,277.506510,343.750000,6.442977,4.121797,-168.781431,103.602299,281.589206,1332.841192,37.744000,30.000000,29.999239,0,6,0,1,1
53.230791,-190.579404,281.087240,343.750000,5.425335,4.054434,51.913649,-186.570222,284.496911,1399.096507,38.597000,30.000000,29.993417,0,6,0,1,1
87.138134,171.857952,284.667969,343.750000,3.178163,4.015433,86.144058,169.524752,286.583358,1462.920789,39.440000,30.000000,29.810167,0,6,0,1,1
-175.288301,-65.960307,288.248698,343.750000,4.453069,4.101495,-171.678301,-67.715618,290.176548,1456.609285,39.484000,30.000000,29.679720,0,6,0,1,1
168.583067,-67.671245,291.829427,343.750000,2.823777,4.002910,166.478291,-66.677238,293.428046,1553.006858,40.662000,30.000000,20.425161,0,6,0,1,1
-76.051325,158.471127,295.410156,343.750000,4.365930,4.070821,-73.542840,155.781251,297.762478,1562.444617,40.892000,30.000000,29.995947,0,6,0,1,1
-49.181001,-162.326036,298.990885,343.750000,5.392351,4.089701,-48.136751,-157.879470,301.857076,1599.207872,41.421000,30.000000,29.996945,0,6,0,1,1
140.345294,83.172586,302.571615,343.750000,1.483675,3.995222,139.145667,82.735266,303.327220,1666.865347,42.188000,30.000000,12.123249,0,6,0,1,1
-152.990604,32.073043,306.152344,343.750000,3.746300,4.078736,-150.818997,29.353654,307.539359,1708.177712,42.902000,30.000000,29.027771,0,6,0,1,1
86.935151,-121.127064,309.733073,343.750000,3.163629,4.007353,85.410872,-118.774735,311.199931,1778.694220,43.707000,30.000000,26.551874,0,6,0,1,1
16.804343,140.414166,313.313802,343.750000,3.670995,4.015802,16.764790,137.107712,314.908167,1821.183063,44.279000,30.000000,26.614948,0,6,0,1,1
-101.007988,-86.829171,316.894531,343.750000,4.614137,4.068956,-100.997313,-82.385156,318.135852,1842.741349,44.667000,30.000000,25.355617,0,6,0,1,1
124.274953,-3.925037,320.475260,343.750000,1.666880,3.985705,123.015663,-2.979575,321.021866,1905.010492,45.321000,30.000000,5.580849,0,6,0,1,1
-82.074776,80.096874,324.055990,343.750000,3.839806,4.063648,-80.832734,76.672866,325.271562,1934.038855,45.846000,30.000000,22.268235,0,6,0,1,1
5.817871,-103.847944,327.636719,343.750000,4.621021,4.043337,4.028135,-99.814649,329.009019,1994.481173,46.597000,30.000000,22.381242,0,6,0,1,1
58.236293,71.187070,331.217448,343.750000,1.893783,3.983573,56.790711,70.084781,331.748168,2068.385770,47.429000,30.000000,12.082925,0,6,0,1,1
-77.136332,-11.145828,334.798177,343.750000,3.908784,4.011972,-73.454611,-10.159618,335.664735,2114.255732,48.080000,30.000000,29.858372,0,6,0,1,1
50.020776,-34.083724,338.378906,343.750000,2.007503,3.977026,48.752802,-32.568837,338.735874,2183.700673,48.879000,30.000000,29.936410,0,6,0,1,1
-8.023362,34.107124,341.959635,343.750000,1.146884,3.975064,-8.025650,32.966461,342.078901,2235.923694,49.527000,30.000000,29.973851,0,6,0,1,1
228.012883,297.402429,13.671875,375.000000,40.035460,4.679840,235.438700,306.948937,51.836773,87.480032,5.569000,30.000000,29.993805,0,7,0,1,1
-368.861644,-65.246431,17.578125,375.000000,108.606296,5.003737,-388.800322,-68.678618,124.283311,136.037892,7.191000,30.000000,29.997281,0,7,0,1,1
315.888530,-200.942425,21.484375,375.000000,36.174478,4.665113,324.397607,-206.625181,56.181562,88.900977,5.671000,30.000000,29.993549,0,7,0,1,1
-97.128208,361.312091,25.390625,375.000000,132.878890,4.974864,-105.731524,374.353350,157.347845,161.476543,7.807000,30.000000,29.999272,0,7,0,1,1
-172.311861,-331.776002,29.296875,375.000000,86.564761,5.147587,-187.951940,-348.222846,112.833376,132.382067,6.995000,30.000000,29.999998,0,7,0,1,1
350.862033,128.134252,33.203125,375.000000,34.851991,4.692353,359.227853,131.326944,66.885183,94.833698,5.933000,30.000000,29.999324,0,7,0,1,1
-344.928179,142.381338,37.109375,375.000000,63.861576,5.012889,-360.982559,145.946319,98.817144,120.042761,6.701000,30.000000,29.999812,0,7,0,1,1
157.988683,-337.612640,41.015625,375.000000,62.185382,4.780625,164.499983,-349.228356,101.758524,118.497161,6.630000,30.000000,29.999054,0,7,0,1,1
111.423276,355.234963,44.921875,375.000000,23.582598,4.627082,111.993819,360.608382,67.877044,92.566930,6.017000,30.000000,29.998400,0,7,0,1,1
-321.692014,-186.427097,48.828125,375.000000,54.946420,4.938338,-332.234818,-192.982129,102.353726,119.979867,6.784000,30.000000,29.999895,0,7,0,1,1
362.613930,-79.719655,52.734375,375.000000,16.560078,4.600627,365.749076,-80.701459,68.965306,91.036528,6.154000,30.000000,29.996341,0,7,0,1,1
-213.199199,303.253922,56.640625,375.000000,107.371917,5.078745,-224.480516,309.897865,163.211345,167.097259,8.100000,30.000000,29.999242,0,7,0,1,1
-47.559213,-367.011168,60.546875,375.000000,120.942485,5.020112,-55.681148,-372.655247,181.084269,181.931849,8.547000,30.000000,29.999242,0,7,0,1,1
282.476278,238.071306,64.453125,375.000000,11.453374,4.552270,283.595062,239.256153,75.789978,90.863249,6.602000,30.000000,29.989170,0,7,0,1,1
-368.401824,15.234572,68.359375,375.000000,39.514071,4.870030,-375.811347,14.895153,107.171043,120.741576,7.003000,30.000000,29.999913,0,7,0,1,1
260.828690,-259.559384,72.265625,375.000000,6.686093,4.522210,261.146619,-260.265782,78.906692,89.877872,6.922000,30.000000,29.996754,0,7,0,1,1
-16.960682,366.790377,76.171875,375.000000,52.650052,4.755095,-17.432916,373.997453,128.324181,135.700138,7.405000,30.000000,29.999091,0,7,0,1,1
-234.723945,-281.277734,80.078125,375.000000,39.774582,4.926335,-242.393758,-284.229231,118.994446,130.102971,7.340000,30.000000,29.999988,0,7,0,1,1
362.210618,48.734926,83.984375,375.000000,13.371646,4.573237,363.498340,49.125790,97.288130,104.827852,7.355000,30.000000,29.897344,0,7,0,1,1
-299.247887,208.208886,87.890625,375.000000,37.237080,4.921790,-307.316396,207.532196,124.236758,133.448383,7.549000,30.000000,29.999997,0,7,0,1,1
79.801426,-354.725339,91.796875,375.000000,49.022697,4.749257,79.337201,-359.900841,140.543398,144.608126,7.853000,30.000000,29.999127,0,7,0,1,1
180.268977,314.593401,95.703125,375.000000,2.743742,4.455423,180.147712,314.619361,98.444063,98.678129,8.997000,30.000000,29.994512,0,7,0,1,1
-344.425744,-109.881206,99.609375,375.000000,19.440420,4.768580,-346.373165,-109.588315,118.949791,123.798937,7.908000,30.000000,29.999918,0,7,0,1,1
327.194819,-151.172305,103.515625,375.000000,2.157184,4.439551,327.153861,-151.021769,105.667160,108.414202,9.735000,30.000000,29.979179,0,7,0,1,1
-138.705864,331.430572,107.421875,375.000000,76.092066,4.889401,-144.740221,330.490338,183.268464,183.327993,9.068000,30.000000,29.999301,0,7,0,1,1
-121.197606,-336.960219,111.328125,375.000000,45.885042,4.931287,-126.815679,-339.253982,156.810133,159.215511,8.467000,30.000000,30.000000,0,7,0,1,1
315.884956,166.020280,115.234375,375.000000,2.495854,4.456141,315.919426,165.463413,117.667068,127.981757,11.003000,30.000000,29.996376,0,7,0,1,1
-343.826186,90.631479,119.140625,375.000000,12.649391,4.734451,-344.294861,90.328308,131.777695,132.292391,8.920000,30.000000,29.999855,0,7,0,1,1
191.585207,-297.959016,123.046875,375.000000,2.419389,4.474590,191.035072,-298.052496,125.401033,136.479568,11.304000,30.000000,29.998041,0,7,0,1,1
59.765530,347.758516,126.953125,375.000000,3.707110,4.490775,59.725446,347.414225,130.643995,143.493747,11.639000,30.000000,29.998265,0,7,0,1,1
-277.846204,-215.179718,130.859375,375.000000,9.134507,4.709406,-278.121111,-214.629452,139.973147,140.298242,9.840000,30.000000,29.999833,0,7,0,1,1
348.752628,-28.893442,134.765625,375.000000,3.555668,4.424466,348.148306,-28.989226,138.268251,184.614739,14.381000,30.000000,29.996677,0,7,0,1,1
-236.603476,255.761425,138.671875,375.000000,24.391717,4.823628,-241.388178,252.547230,162.372749,162.381836,9.553000,30.000000,29.999999,0,7,0,1,1
1.691971,-346.833700,142.578125,375.000000,38.620374,4.754568,-1.627102,-345.934920,181.045114,181.510016,9.908000,30.000000,29.999178,0,7,0,1,1
231.938932,255.678821,146.484375,375.000000,3.961749,4.368575,231.300902,255.040255,150.341913,238.433001,16.751000,30.000000,29.977426,0,7,0,1,1
-342.056517,-31.701721,150.390625,375.000000,5.697997,4.649194,-341.362405,-31.865428,156.043817,175.434258,12.970000,29.999570,29.996798,0,7,0,1,1
272.252638,-206.630045,154.296875,375.000000,2.536282,4.349523,272.571463,-205.285359,156.423585,261.371296,17.519000,30.000000,29.989524,0,7,0,1,1
-60.853568,334.505029,158.203125,375.000000,9.155736,4.573613,-61.236976,333.349073,167.277499,184.032707,12.736000,30.000000,29.998910,0,7,0,1,1
-180.100682,-286.197999,162.109375,375.000000,8.242555,4.697079,-184.120300,-283.489353,168.776130,186.194240,13.038000,29.999999,29.999995,0,7,0,1,1
324.291637,88.874893,166.015625,375.000000,2.738078,4.383022,323.584617,88.767574,168.658668,286.037256,18.293000,30.000000,29.536915,0,7,0,1,1
-297.415566,152.628758,169.921875,375.000000,4.709931,4.633477,-297.916747,150.391187,174.035941,222.074245,15.408000,29.998743,29.999751,0,7,0,1,1
115.505481,-311.556202,173.828125,375.000000,2.949905,4.443098,114.227495,-311.262578,176.470562,291.012255,18.369000,29.999990,29.998367,0,7,0,1,1
124.501455,305.834726,177.734375,375.000000,3.587600,4.328773,124.514578,304.514536,181.070210,397.849764,21.534000,30.000000,29.995039,0,7,0,1,1
-296.464799,-140.500201,181.640625,375.000000,3.827694,4.557136,-295.313720,-140.469787,185.291013,302.961260,18.773000,29.990337,29.999869,0,7,0,1,1
311.414473,-96.012410,185.546875,375.000000,3.396101,4.332319,310.303043,-95.384456,188.693921,434.488364,22.395000,29.998692,29.968305,0,7,0,1,1
-163.631545,279.208222,189.453125,375.000000,14.142792,4.646977,-165.012656,275.550500,203.044746,249.358633,15.699000,30.000000,29.999227,0,7,0,1,1
-67.458831,-314.144009,193.359375,375.000000,12.034725,4.633672,-69.237807,-311.347455,204.928694,267.082753,16.679000,30.000000,29.999257,0,7,0,1,1
260.000261,184.692007,197.265625,375.000000,3.091577,4.324881,259.195137,183.663300,200.067657,500.958429,23.855000,29.998230,29.968670,0,7,0,1,1
-314.043067,39.138583,201.171875,375.000000,4.949043,4.514485,-312.199282,39.532976,205.747674,430.489183,22.282000,29.987179,29.999852,0,7,0,1,1
203.496278,-239.075778,205.078125,375.000000,3.360622,4.311423,202.706067,-237.829465,208.097405,564.232248,25.174000,29.995969,29.994400,0,7,0,1,1
11.347283,311.161968,208.984375,375.000000,3.540905,4.367220,10.381705,309.769011,212.093288,530.200029,24.446000,29.982615,29.997789,0,7,0,1,1
-216.688589,-219.883236,212.890625,375.000000,5.071675,4.508886,-216.381926,-217.626719,217.422289,483.345744,23.462000,29.939988,29.999718,0,7,0,1,1
305.581392,15.624582,216.796875,375.000000,3.048997,4.307093,304.235894,15.011217,219.463295,611.976685,26.055000,30.000000,22.935545,0,7,0,1,1
-233.717704,193.109206,220.703125,375.000000,4.129017,4.523902,-234.173645,190.685966,224.015044,501.928189,23.847000,29.814857,29.999533,0,7,0,1,1
41.494461,-297.411900,224.609375,375.000000,5.360555,4.426038,41.640654,-294.988712,229.388740,588.129490,25.616000,29.927563,29.998524,0,7,0,1,1
168.622450,244.891973,228.515625,375.000000,3.351635,4.275499,168.228909,243.077303,231.305886,742.492322,28.478000,30.000000,29.972925,0,7,0,1,1
-286.793189,-65.990443,232.421875,375.000000,5.784901,4.440197,-284.237758,-64.760193,237.463833,647.969978,26.799000,29.999211,29.955754,0,7,0,1,1
253.327055,-143.524982,236.328125,375.000000,3.827875,4.269999,251.575677,-142.323584,239.512767,814.013830,29.719000,30.000000,29.941378,0,7,0,1,1
-88.853806,273.893129,240.234375,375.000000,5.383452,4.428432,-87.339855,271.609168,244.868275,676.610038,27.284000,30.000000,29.998611,0,7,0,1,1
-118.122802,-258.973664,244.140625,375.000000,4.595949,4.463543,-117.898727,-256.649907,248.099499,688.331910,27.521000,29.999996,29.999342,0,7,0,1,1
258.906581,109.841386,248.046875,375.000000,2.464650,4.274577,257.755224,108.954274,250.037329,864.318037,30.517000,30.000000,25.798394,0,7,0,1,1
-261.812910,92.728760,251.953125,375.000000,4.361360,4.406640,-259.481686,91.954185,255.556858,834.163080,30.133000,30.000000,29.999713,0,7,0,1,1
128.727691,-242.054047,255.859375,375.000000,3.860925,4.289454,127.089085,-240.321129,258.895608,932.488314,31.652000,30.000000,29.995138,0,7,0,1,1
67.660152,261.856686,259.765625,375.000000,4.124196,4.275787,66.217228,259.631364,262.923932,977.707642,32.358000,30.000000,29.992263,0,7,0,1,1
-223.580188,-145.306717,263.671875,375.000000,4.974406,4.394845,-220.326671,-144.845786,267.406428,937.458036,31.823000,30.000000,29.997513,0,7,0,1,1
259.147744,-43.236488,267.578125,375.000000,3.326053,4.255532,257.009556,-42.915749,270.105556,1055.759537,33.558000,30.000000,26.134719,0,7,0,1,1
-159.393376,203.752266,271.484375,375.000000,5.083048,4.386776,-157.651072,201.130065,275.475092,962.988643,32.175000,30.000000,29.999015,0,7,0,1,1
-19.777534,-253.759439,275.390625,375.000000,5.422311,4.362496,-19.930945,-250.286894,279.552278,1015.886370,32.995000,30.000000,29.998463,0,7,0,1,1
182.858598,170.824438,279.296875,375.000000,2.835808,4.243235,181.185949,169.749729,281.319016,1179.597449,35.421000,30.000000,28.993125,0,7,0,1,1
-245.795115,-2.398199,283.203125,375.000000,5.301369,4.369481,-242.608153,0.260242,286.501682,1137.530434,34.935000,30.000000,29.912297,0,7,0,1,1
179.458821,-161.207129,287.109375,375.000000,3.189269,4.242578,177.565988,-159.888664,289.311708,1246.363007,36.389000,30.000000,29.946699,0,7,0,1,1
-22.974308,235.387101,291.015625,375.000000,5.798519,4.288814,-22.361077,231.230280,295.011573,1252.783877,36.527000,30.000000,29.995864,0,7,0,1,1
-139.124282,-185.177002,294.921875,375.000000,5.364304,4.343654,-139.132076,-180.863583,298.110937,1273.715065,36.909000,30.000000,29.999301,0,7,0,1,1
222.695236,41.636326,298.828125,375.000000,2.572398,4.227856,220.799592,41.245325,300.522494,1346.075438,37.792000,30.000000,1.247500,0,7,0,1,1
-187.879163,116.954343,302.734375,375.000000,4.280611,4.332615,-187.759824,113.084243,304.559673,1342.992292,37.889000,30.000000,29.999239,0,7,0,1,1
58.069953,-207.904804,306.640625,375.000000,5.043120,4.269614,55.923653,-204.536881,309.720162,1423.585029,38.949000,30.000000,29.993283,0,7,0,1,1
95.059783,187.481402,310.546875,375.000000,2.574435,4.232817,93.772325,185.864373,312.081601,1479.673465,39.680000,30.000000,29.803544,0,7,0,1,1
-191.223601,-71.956699,314.453125,375.000000,6.185277,4.321719,-186.088725,-72.186878,317.893723,1485.079793,39.880000,30.000000,29.671575,0,7,0,1,1
183.908801,-73.823176,318.359375,375.000000,2.098444,4.220966,182.473303,-72.840084,319.532551,1562.533339,40.797000,30.000000,20.422924,0,7,0,1,1
-82.965082,172.877593,322.265625,375.000000,4.323057,4.284951,-81.354973,169.651985,324.651379,1579.743685,41.126000,30.000000,29.995864,0,7,0,1,1
-53.652001,-177.082949,326.171875,375.000000,3.762161,4.305636,-52.840297,-174.011027,328.186394,1612.175686,41.594000,30.000000,29.996883,0,7,0,1,1
153.103957,90.733731,330.078125,375.000000,2.374810,4.213908,151.374723,89.645625,331.288703,1697.258692,42.607000,30.000000,12.103324,0,7,0,1,1
-166.898840,34.988774,333.984375,375.000000,5.109230,4.312131,-163.786733,31.478419,336.008339,1704.076018,42.850000,30.000000,29.007508,0,7,0,1,1
94.838346,-132.138615,337.890625,375.000000,3.883771,4.226125,92.694496,-129.441032,339.682448,1791.991885,43.885000,30.000000,26.548812,0,7,0,1,1
18.332011,153.179090,341.796875,375.000000,3.975427,4.227162,17.459107,149.701213,343.513391,1842.101142,44.551000,30.000000,26.524751,0,7,0,1,1
-110.190532,-94.722732,345.703125,375.000000,4.332114,4.299483,-107.381913,-91.917237,347.437502,1852.333009,44.798000,30.000000,27.029204,0,7,0,1,1
135.572676,-4.281859,349.609375,375.000000,1.995202,4.204358,133.734106,-4.299001,350.384098,1928.156438,45.631000,30.000000,5.112522,0,7,0,1,1
-89.536119,87.378408,353.515625,375.000000,3.975409,4.293321,-86.059056,85.903432,354.755927,1940.805672,45.943000,30.000000,22.178086,0,7,0,1,1
6.346769,-113.288666,357.421875,375.000000,2.963069,4.258218,4.379999,-111.202959,358.171156,2000.768419,46.670000,30.000000,23.806368,0,7,0,1,1
63.530502,77.658621,361.328125,375.000000,1.722152,4.201775,62.873062,76.140317,361.805964,2071.101448,47.464000,30.000000,12.722345,0,7,0,1,1
-84.148725,-12.159085,365.234375,375.000000,1.460524,4.229478,-82.751832,-12.426511,365.566492,2110.475329,48.029000,30.000000,29.929605,0,7,0,1,1
54.568119,-37.182245,369.140625,375.000000,0.424873,4.195252,54.335933,-36.834595,369.216429,2177.438057,48.798000,30.000000,29.940358,0,7,0,1,1
-8.752758,37.207772,373.046875,375.000000,1.825508,4.193747,-8.756744,35.391449,373.229732,2239.573707,49.573000,30.000000,29.990872,0,7,0,1,1
35.504655,-404.557237,10.579427,406.250000,144.067565,5.246828,34.402739,-428.467462,152.644730,162.274163,7.738000,30.000000,29.999211,0,8,0,1,1
247.013957,322.185965,14.811198,406.250000,32.419067,4.875717,252.793402,330.485732,45.612298,88.834963,5.646000,30.000000,29.993805,0,8,0,1,1
-399.600115,-70.683634,19.042969,406.250000,97.709107,5.227191,-421.874341,-75.845371,114.039205,134.237079,7.086000,30.000000,29.997349,0,8,0,1,1
342.212574,-217.687628,23.274740,406.250000,26.853017,4.848689,348.890047,-221.604799,48.987609,88.952236,5.724000,30.000000,29.993549,0,8,0,1,1
-105.222225,391.421432,27.506510,406.250000,127.512413,5.219674,-112.893908,410.254060,153.386981,162.331156,7.780000,30.000000,29.999272,0,8,0,1,1
-186.671182,-359.424003,31.738281,406.250000,78.297118,5.364315,-198.981001,-377.715612,106.866998,133.985766,7.023000,30.000000,29.999997,0,8,0,1,1
380.100536,138.812106,35.970052,406.250000,23.595104,4.864815,385.727922,141.345262,58.743822,93.471065,5.968000,30.000000,29.999311,0,8,0,1,1
-373.672194,154.246450,40.201823,406.250000,54.048135,5.219760,-387.644869,160.057802,92.088174,120.911900,6.727000,30.000000,29.999812,0,8,0,1,1
171.154407,-365.747026,44.433594,406.250000,51.647422,4.982824,175.783766,-377.559485,94.498462,118.505213,6.618000,30.000000,29.999054,0,8,0,1,1
120.708549,384.837876,48.665365,406.250000,17.047884,4.821103,121.659776,388.525731,65.282381,94.399182,6.179000,30.000000,29.998400,0,8,0,1,1
-348.499681,-201.962689,52.897135,406.250000,44.845212,5.140787,-358.070399,-207.933457,96.300411,120.694439,6.817000,30.000000,29.999893,0,8,0,1,1
392.831758,-86.362960,57.128906,406.250000,8.921932,4.779616,394.280976,-87.354528,65.876330,90.625414,6.375000,30.000000,29.996250,0,8,0,1,1
-230.965799,328.525082,61.360677,406.250000,100.427919,5.309522,-241.338061,339.749079,160.618951,168.628707,8.100000,30.000000,29.999242,0,8,0,1,1
-51.522481,-397.595432,65.592448,406.250000,115.654245,5.266426,-58.015301,-408.324920,180.564730,183.885254,8.532000,30.000000,29.999242,0,8,0,1,1
306.015968,257.910582,69.824219,406.250000,5.103731,4.731401,306.831107,257.818167,74.861587,89.545232,7.026000,30.000000,29.988838,0,8,0,1,1
-399.101976,16.504120,74.055990,406.250000,27.371406,5.055199,-404.636515,16.376140,100.861705,119.750026,7.052000,30.000000,29.999913,0,8,0,1,1
282.564414,-281.189333,78.287760,406.250000,2.626664,4.709564,283.297579,-280.761896,80.773546,89.948488,7.437000,30.000000,29.996754,0,8,0,1,1
-18.374072,397.356242,82.519531,406.250000,40.461787,4.943921,-17.827426,403.912463,122.442875,134.268920,7.428000,30.000000,29.999091,0,8,0,1,1
-254.284274,-304.717545,86.751302,406.250000,29.554862,5.122798,-258.582627,-308.292666,115.772545,131.112366,7.453000,30.000000,29.999770,0,8,0,1,1
392.394836,52.796170,90.983073,406.250000,6.988203,4.763462,393.052902,52.457496,97.931974,105.710452,7.743000,30.000000,29.908121,0,8,0,1,1
-324.185211,225.559626,95.214844,406.250000,25.511607,5.113327,-329.064969,226.248876,120.245925,133.337098,7.648000,30.000000,29.999981,0,8,0,1,1
86.451545,-384.285784,99.446615,406.250000,38.263966,4.948317,87.301698,-388.950356,137.415682,144.519090,7.926000,30.000000,29.999127,0,8,0,1,1
195.291391,340.809518,103.678385,406.250000,3.353854,4.646274,195.471658,340.573487,107.019064,108.706310,9.829000,30.000000,29.994512,0,8,0,1,1
-373.127889,-119.037974,107.910156,406.250000,13.227661,4.964096,-374.160174,-119.198336,121.096501,125.881987,8.385000,30.000000,29.999918,0,8,0,1,1
354.461054,-163.769997,112.141927,406.250000,2.736199,4.638669,354.356164,-163.580952,114.869572,120.719722,10.644000,30.000000,29.979179,0,8,0,1,1
-150.264686,359.049786,116.373698,406.250000,66.213767,5.110229,-155.303822,361.255340,182.358587,183.578968,9.004000,30.000000,29.999301,0,8,0,1,1
-131.297406,-365.040237,120.605469,406.250000,34.419830,5.131150,-133.641944,-368.033914,154.814616,159.540618,8.553000,30.000000,30.000000,0,8,0,1,1
342.208702,179.855303,124.837240,406.250000,2.136566,4.650743,342.338267,179.108132,126.834703,142.767980,12.069000,30.000000,29.996278,0,8,0,1,1
-372.478369,98.184103,129.069010,406.250000,6.284430,4.924888,-372.740061,97.539210,135.314784,135.348199,9.718000,30.000000,29.999852,0,8,0,1,1
207.550641,-322.788934,133.300781,406.250000,3.293872,4.663542,207.269348,-322.530082,136.572396,156.159501,12.663000,30.000000,29.998041,0,8,0,1,1
64.745991,376.738392,137.532552,406.250000,3.142783,4.679221,63.921966,376.521991,140.557653,159.546214,12.693000,30.000000,29.998230,0,8,0,1,1
-301.000054,-233.111361,141.764323,406.250000,4.777573,4.905114,-301.078593,-232.684176,146.522111,149.654019,11.130000,29.999993,29.999833,0,8,0,1,1
377.815347,-31.301229,145.996094,406.250000,3.201272,4.621042,377.296385,-30.360436,149.011674,204.442790,15.357000,30.000000,29.996575,0,8,0,1,1
-256.320432,277.074877,150.227865,406.250000,14.614279,5.011043,-258.693746,275.217131,164.527981,164.588220,10.347000,30.000000,30.000000,0,8,0,1,1
1.832969,-375.736508,154.459635,406.250000,28.521048,4.952303,0.789072,-375.356520,182.959040,183.134200,10.282000,30.000000,29.999178,0,8,0,1,1
251.267177,276.985389,158.691406,406.250000,2.970946,4.563641,251.202771,276.107864,161.529068,257.504193,17.490000,30.000000,29.977426,0,8,0,1,1
-370.561227,-34.343531,162.923177,406.250000,3.225761,4.844051,-370.075255,-34.855674,166.070728,196.350972,14.362000,29.998611,29.996888,0,8,0,1,1
294.940357,-223.849216,167.154948,406.250000,3.618319,4.550376,293.662809,-223.985524,170.537480,297.874845,18.833000,30.000000,29.989524,0,8,0,1,1
-65.924699,362.380448,171.386719,406.250000,4.172169,4.770017,-64.219459,362.069508,175.181777,204.820743,14.389000,30.000000,29.998910,0,8,0,1,1
-195.109073,-310.047832,175.618490,406.250000,4.619732,4.889317,-197.377599,-308.332884,179.259185,214.499779,15.070000,29.998883,29.999655,0,8,0,1,1
351.315940,96.281134,179.850260,406.250000,2.808330,4.580202,350.696279,95.661185,182.518293,317.737562,19.327000,30.000000,29.469954,0,8,0,1,1
-322.200196,165.347821,184.082031,406.250000,4.754584,4.833822,-321.482072,164.560744,188.715699,261.075458,17.239000,29.974933,29.999751,0,8,0,1,1
125.130937,-337.519219,188.313802,406.250000,4.015686,4.638327,125.882903,-336.088414,191.989816,335.708173,19.819000,29.999988,29.998367,0,8,0,1,1
134.876577,331.320953,192.545573,406.250000,3.384780,4.531431,134.461169,330.213289,195.716890,422.984601,22.146000,30.000000,29.995039,0,8,0,1,1
-321.170199,-152.208551,196.777344,406.250000,3.070868,4.747199,-320.649227,-151.286176,199.659711,344.445443,20.090000,29.990337,29.999869,0,8,0,1,1
337.365679,-104.013445,201.009115,406.250000,4.320839,4.529879,335.934415,-103.111117,204.984909,475.236740,23.351000,29.998666,29.967349,0,8,0,1,1
-177.267507,302.475573,205.240885,406.250000,6.323714,4.848284,-177.424421,300.942496,211.373944,274.860625,17.163000,30.000000,29.999227,0,8,0,1,1
-73.080400,-340.322676,209.472656,406.250000,6.017852,4.834104,-73.592395,-338.821424,215.277710,303.433556,18.348000,30.000000,29.999242,0,8,0,1,1
281.666950,200.083007,213.704427,406.250000,2.571548,4.521800,280.573651,199.845293,216.019821,534.210476,24.581000,29.998157,29.967715,0,8,0,1,1
-340.213323,42.400131,217.936198,406.250000,4.684881,4.712124,-338.827067,40.496360,221.986143,470.211577,23.226000,29.987179,29.999852,0,8,0,1,1
220.454301,-258.998759,222.167969,406.250000,3.308235,4.508812,219.189565,-258.155740,225.106366,597.444508,25.842000,29.994546,29.994286,0,8,0,1,1
12.292890,337.092132,226.399740,406.250000,2.928032,4.569013,12.343327,335.852568,229.051967,559.836915,25.060000,29.980707,29.997789,0,8,0,1,1
-234.745971,-238.206839,230.631510,406.250000,2.898092,4.702525,-234.236893,-237.118756,233.268906,522.647956,24.333000,29.939253,29.999713,0,8,0,1,1
331.046509,16.926631,234.863281,406.250000,2.267962,4.504158,330.055443,16.314026,236.809086,646.755768,26.737000,30.000000,22.526818,0,8,0,1,1
-253.194179,209.201640,239.095052,406.250000,3.933325,4.729271,-252.869037,207.308040,242.527195,553.102710,24.949000,29.808839,29.999533,0,8,0,1,1
44.952333,-322.196225,243.326823,406.250000,4.784870,4.625408,44.050544,-320.159983,247.561852,627.676459,26.396000,29.963286,29.998524,0,8,0,1,1
182.674321,265.299638,247.558594,406.250000,3.198315,4.477230,181.571603,264.007229,250.268375,777.956290,29.116000,30.000000,29.972925,0,8,0,1,1
-310.692622,-71.489646,251.790365,406.250000,4.481384,4.639652,-308.345192,-72.081685,255.561554,694.418874,27.689000,29.999091,29.954509,0,8,0,1,1
274.437643,-155.485397,256.022135,406.250000,2.778108,4.473859,272.629852,-155.932221,258.083718,825.112244,29.900000,30.000000,29.940900,0,8,0,1,1
-96.258290,296.717557,260.253906,406.250000,3.988983,4.631305,-95.048200,295.010242,263.649896,721.145633,28.116000,30.000000,29.998611,0,8,0,1,1
-127.966369,-280.554803,264.485677,406.250000,3.289562,4.671511,-128.308098,-278.727801,267.199807,730.978585,28.313000,30.000000,29.999342,0,8,0,1,1
280.482129,118.994835,268.717448,406.250000,2.710877,4.477105,278.983329,118.491523,270.919522,908.106018,31.260000,30.000000,25.537786,0,8,0,1,1
-283.630653,100.456157,272.949219,406.250000,5.427232,4.624110,-280.751200,99.219662,277.380323,860.019246,30.561000,30.000000,29.999707,0,8,0,1,1
139.454999,-262.225218,277.180990,406.250000,4.050746,4.498002,138.784841,-259.822258,280.372418,966.169972,32.205000,30.000000,29.995138,0,8,0,1,1
73.298498,283.678076,281.412760,406.250000,3.279391,4.480788,73.535657,281.563979,283.908507,1004.298382,32.790000,30.000000,29.992263,0,8,0,1,1
-242.211870,-157.415610,285.644531,406.250000,5.063690,4.607290,-238.603718,-157.767112,289.179872,979.483520,32.513000,30.000000,29.997474,0,8,0,1,1
280.743389,-46.839528,289.876302,406.250000,3.435849,4.459282,278.482363,-46.800897,292.463062,1090.052176,34.093000,30.000000,25.835647,0,8,0,1,1
-172.676157,220.731621,294.108073,406.250000,5.609648,4.601126,-170.139706,218.253112,298.454516,1005.923665,32.868000,30.000000,29.999015,0,8,0,1,1
-21.425662,-274.906059,298.339844,406.250000,4.969828,4.573206,-21.238980,-271.709511,302.140688,1047.820680,33.500000,30.000000,29.998463,0,8,0,1,1
198.096815,185.059808,302.571615,406.250000,2.428468,4.449888,196.681504,184.110797,304.301854,1200.055287,35.728000,30.000000,28.974300,0,8,0,1,1
-266.278041,-2.598049,306.803385,406.250000,5.299456,4.588749,-263.543016,1.005087,309.564053,1158.690357,35.255000,30.000000,29.911684,0,8,0,1,1
194.413722,-174.641056,311.035156,406.250000,3.716402,4.448875,192.506636,-172.732155,313.590691,1280.182088,36.890000,30.000000,29.945534,0,8,0,1,1
-24.888834,255.002692,315.266927,406.250000,4.483094,4.500885,-23.822271,251.902187,318.324285,1265.993401,36.724000,30.000000,29.995779,0,8,0,1,1
-150.717972,-200.608418,319.498698,406.250000,4.981392,4.557263,-149.891271,-196.850010,322.661796,1298.904730,37.280000,30.000000,29.999301,0,8,0,1,1
241.253172,45.106020,323.730469,406.250000,1.265542,4.433969,240.296505,45.378751,324.512774,1355.886560,37.932000,30.000000,1.462050,0,8,0,1,1
-203.535759,126.700539,327.962240,406.250000,4.354949,4.543915,-202.405959,123.198748,330.291745,1381.042640,38.439000,30.000000,29.999238,0,8,0,1,1
62.909116,-225.230205,332.194010,406.250000,4.669429,4.482349,62.028721,-221.697771,335.118116,1444.706823,39.252000,30.000000,29.993283,0,8,0,1,1
102.981431,203.104852,336.425781,406.250000,2.939991,4.441259,102.219285,200.873769,338.182183,1503.461021,40.014000,30.000000,29.801487,0,8,0,1,1
-207.158901,-77.953091,340.657552,406.250000,5.181302,4.543892,-203.757249,-75.354062,343.576406,1507.204866,40.203000,30.000000,29.664240,0,8,0,1,1
199.234534,-79.975107,344.889323,406.250000,3.344309,4.430230,196.588548,-79.161918,346.765991,1593.010898,41.220000,30.000000,20.399954,0,8,0,1,1
-89.878839,187.284059,349.121094,406.250000,4.332952,4.507094,-88.286881,184.038751,351.510261,1588.498557,41.251000,30.000000,29.995864,0,8,0,1,1
-58.123001,-191.839861,353.352865,406.250000,5.840630,4.517762,-55.518011,-187.518708,356.294738,1634.701448,41.900000,30.000000,29.996883,0,8,0,1,1
165.862620,98.294875,357.584635,406.250000,1.892667,4.422775,164.381431,97.614777,358.546787,1706.809278,42.735000,30.000000,12.081591,0,8,0,1,1
-180.807077,37.904505,361.816406,406.250000,4.323870,4.517834,-179.402296,33.983254,362.976678,1729.395610,43.189000,30.000000,28.976289,0,8,0,1,1
102.741542,-143.150166,366.048177,406.250000,3.850508,4.434733,101.167902,-140.103437,367.799608,1807.924187,44.097000,30.000000,26.495000,0,8,0,1,1
19.859678,165.944014,370.279948,406.250000,3.615868,4.441081,20.086277,162.683644,371.826925,1847.913967,44.630000,30.000000,26.474272,0,8,0,1,1
-119.373076,-102.616293,374.511719,406.250000,3.009666,4.511514,-117.694254,-100.437280,375.733008,1859.291219,44.884000,30.000000,25.159323,0,8,0,1,1
146.870399,-4.638680,378.743490,406.250000,2.048487,4.415468,145.137127,-3.835008,379.482525,1932.241584,45.682000,30.000000,5.102821,0,8,0,1,1
-96.997462,94.659942,382.975260,406.250000,3.079920,4.502034,-94.002722,94.899837,383.653412,1947.338947,46.021000,30.000000,22.093468,0,8,0,1,1
6.875666,-122.729388,387.207031,406.250000,4.352800,4.476092,4.820164,-119.096606,388.441808,2001.772752,46.682000,30.000000,26.584080,0,8,0,1,1
68.824710,84.130173,391.438802,406.250000,1.632042,4.412652,67.536376,83.236801,391.892281,2078.577665,47.559000,30.000000,15.782021,0,8,0,1,1
-91.161119,-13.172342,395.670573,406.250000,3.216860,4.444568,-88.098101,-12.520786,396.406497,2113.648069,48.072000,30.000000,29.919967,0,8,0,1,1
59.115463,-40.280765,399.902344,406.250000,0.880756,4.407553,58.403690,-39.789757,400.069743,2182.663951,48.865000,30.000000,29.924900,0,8,0,1,1
-9.482155,40.308419,404.134115,406.250000,1.657345,4.406268,-9.656445,38.668165,404.295303,2239.604064,49.573000,30.000000,29.984905,0,8,0,1,1
38.235783,-435.677024,11.393229,437.500000,136.565628,5.480678,38.100096,-464.921071,144.790898,161.682609,7.691000,30.000000,29.999211,0,8,0,1,1
266.015030,346.969501,15.950521,437.500000,21.603999,5.042514,270.315042,352.081649,36.495803,87.572996,5.673000,30.000000,29.993678,0,8,0,1,1
-430.338585,-76.120836,20.507812,437.500000,90.408149,5.446462,-453.857397,-80.859614,107.674566,135.774173,7.107000,30.000000,29.997365,0,8,0,1,1
368.536618,-234.432830,25.065104,437.500000,17.109946,5.023340,372.634558,-237.159019,41.451838,88.556813,5.775000,30.000000,29.993417,0,8,0,1,1
-113.316242,421.530773,29.622396,437.500000,118.329141,5.445501,-121.182639,444.792666,145.375537,161.290372,7.721000,30.000000,29.999272,0,8,0,1,1
-201.030504,-387.072003,34.179688,437.500000,66.164622,5.560751,-210.028028,-405.281536,97.149638,133.580953,7.005000,30.000000,29.999996,0,8,0,1,1
409.339038,149.489960,38.736979,437.500000,15.406861,5.039582,412.904596,151.055214,53.643626,93.500698,6.086000,30.000000,29.999295,0,8,0,1,1
-402.416209,166.111561,43.294271,437.500000,45.020959,5.410711,-414.252550,172.313055,86.286471,122.328937,6.786000,30.000000,29.999816,0,8,0,1,1
184.320131,-393.881413,47.851562,437.500000,40.435522,5.166024,188.868342,-403.437165,86.877616,118.042956,6.649000,30.000000,29.999034,0,8,0,1,1
129.993822,414.440790,52.408854,437.500000,10.065888,4.997666,130.084290,416.571340,62.246266,94.444426,6.386000,30.000000,29.998400,0,8,0,1,1
-375.307349,-217.498280,56.966146,437.500000,34.390640,5.331392,-382.889873,-222.628583,90.115828,121.367613,6.870000,30.000000,29.999893,0,8,0,1,1
423.049585,-93.006265,61.523438,437.500000,3.136227,4.955994,423.590101,-92.791257,64.605244,90.200069,6.678000,30.000000,29.996157,0,8,0,1,1
-248.732399,353.796242,66.080729,437.500000,87.177275,5.517091,-258.362153,367.875280,151.572985,166.221517,7.991000,30.000000,29.999242,0,8,0,1,1
-55.485749,-428.179696,70.638021,437.500000,105.394999,5.491094,-59.670509,-443.095048,174.888325,182.775738,8.440000,30.000000,29.999257,0,8,0,1,1
329.555658,277.749857,75.195312,437.500000,2.238097,4.914805,329.350092,278.319713,77.349863,89.581610,7.509000,30.000000,29.988565,0,8,0,1,1
-429.802128,17.773667,79.752604,437.500000,18.958134,5.248912,-433.581819,17.478651,98.327795,120.976397,7.270000,30.000000,29.999911,0,8,0,1,1
304.300139,-302.819281,84.309896,437.500000,3.319033,4.898738,304.159909,-303.209090,87.602974,92.052156,8.158000,30.000000,29.996754,0,8,0,1,1
-19.787462,427.922107,88.867188,437.500000,28.601958,5.119055,-20.459431,432.761758,117.048711,132.878628,7.531000,30.000000,29.999072,0,8,0,1,1
-273.844603,-328.157356,93.424479,437.500000,18.976692,5.306911,-275.792212,-331.000816,112.085573,131.396624,7.614000,30.000000,29.999770,0,8,0,1,1
422.579054,56.857414,97.981771,437.500000,3.001543,4.940947,422.777193,56.632014,100.968273,105.622348,8.462000,30.000000,29.875653,0,8,0,1,1
-349.122535,242.910367,102.539062,437.500000,18.899043,5.305783,-351.393700,244.632163,121.221970,136.022702,8.000000,30.000000,29.999990,0,8,0,1,1
93.101664,-413.846229,107.096354,437.500000,28.696019,5.136602,93.321065,-417.788239,135.519477,145.469470,8.057000,30.000000,29.999127,0,8,0,1,1
210.313806,367.025634,111.653646,437.500000,2.279644,4.829543,209.636164,367.287176,113.814473,117.279028,10.483000,30.000000,29.994512,0,8,0,1,1
-401.830034,-128.194741,116.210938,437.500000,5.159630,5.154970,-402.122891,-128.332237,121.360415,125.258312,8.924000,30.000000,29.999918,0,8,0,1,1
381.727289,-176.367690,120.768229,437.500000,1.707687,4.827112,381.295880,-177.074322,122.261799,130.558069,11.360000,30.000000,29.979179,0,8,0,1,1
-161.823508,386.669001,125.325521,437.500000,56.602613,5.317083,-165.833707,390.543753,181.652783,184.921827,9.039000,30.000000,29.999301,0,8,0,1,1
-141.397207,-393.120255,129.882812,437.500000,24.099155,5.312975,-142.567300,-395.408611,153.844523,159.986332,8.846000,30.000000,29.999473,0,8,0,1,1
368.532449,193.690327,134.440104,437.500000,2.349840,4.838181,368.111416,193.943095,136.738057,159.132730,13.128000,30.000000,29.996187,0,8,0,1,1
-401.130551,105.736726,138.997396,437.500000,3.343209,5.119700,-401.407362,104.623836,142.137761,143.135753,10.884000,30.000000,29.999852,0,8,0,1,1
223.516075,-347.618852,143.554688,437.500000,3.158328,4.847705,223.158423,-347.361376,146.682119,174.289457,13.778000,30.000000,29.998001,0,8,0,1,1
69.726452,405.718269,148.111979,437.500000,2.624703,4.859004,70.180027,405.306939,150.664261,179.359051,13.983000,30.000000,29.998230,0,8,0,1,1
-324.153905,-251.043004,152.669271,437.500000,3.199340,5.096321,-324.184250,-250.621096,155.840525,165.432648,12.617000,29.999565,29.999833,0,8,0,1,1
406.878066,-33.709016,157.226562,437.500000,2.390096,4.807306,406.432328,-33.427012,159.557732,225.937964,16.382000,29.999999,29.996471,0,8,0,1,1
-276.037389,298.388329,161.783854,437.500000,8.111232,5.202665,-276.856688,297.507151,169.805348,170.517655,11.296000,30.000000,29.999561,0,8,0,1,1
1.973966,-404.639317,166.341146,437.500000,18.989717,5.137322,0.292152,-404.406017,185.254803,185.478781,10.862000,30.000000,29.999178,0,8,0,1,1
270.595421,298.291958,170.898438,437.500000,2.223690,4.751808,270.765939,297.429530,172.940970,280.000137,18.294000,30.000000,29.976966,0,8,0,1,1
-399.065936,-36.985341,175.455729,437.500000,3.487763,5.037070,-398.550036,-36.174770,178.808536,222.278299,15.760000,29.998611,29.996870,0,8,0,1,1
317.628077,-241.068386,180.013021,437.500000,3.351461,4.746550,317.406899,-239.887118,183.141595,321.565546,19.577000,30.000000,29.989524,0,8,0,1,1
-70.995830,390.255867,184.570312,437.500000,3.380675,4.963222,-71.048372,389.637646,187.893565,240.633979,16.387000,30.000000,29.998910,0,8,0,1,1
-210.117463,-333.897666,189.127604,437.500000,2.210814,5.081684,-210.516243,-333.285780,191.214292,240.497941,16.375000,29.961052,29.999655,0,8,0,1,1
378.340243,103.687375,193.684896,437.500000,1.675679,4.771408,377.924841,103.420773,195.286228,343.257656,20.087000,30.000000,29.408774,0,8,0,1,1
-346.984827,178.066884,198.242188,437.500000,2.997841,5.013335,-347.309993,176.425959,200.729893,291.333299,18.415000,29.953284,29.999745,0,8,0,1,1
134.756394,-363.482235,202.799479,437.500000,3.293728,4.829733,134.169587,-362.669569,205.936975,364.791511,20.646000,29.999987,29.998367,0,8,0,1,1
145.251698,356.807180,207.356771,437.500000,1.591777,4.720113,144.850479,356.368038,208.833231,442.360957,22.612000,30.000000,29.994938,0,8,0,1,1
-345.875599,-163.916901,211.914062,437.500000,4.141173,4.940298,-344.565468,-163.677521,215.835232,380.251619,21.060000,29.990337,29.999869,0,8,0,1,1
363.316886,-112.014479,216.471354,437.500000,1.887065,4.728493,362.737666,-111.509141,218.194767,483.784345,23.536000,29.998692,29.967434,0,8,0,1,1
-190.903469,325.742925,221.028646,437.500000,3.296110,5.034467,-191.761426,324.493662,223.955691,329.119075,19.372000,30.000000,29.999211,0,8,0,1,1
-78.701969,-366.501344,225.585938,437.500000,3.016408,5.024658,-79.109359,-365.651748,228.451411,350.828307,20.022000,29.999844,29.999242,0,8,0,1,1
303.333638,215.474008,230.143229,437.500000,2.587965,4.716139,302.267622,215.139772,232.477637,563.277832,25.177000,29.998041,29.966273,0,8,0,1,1
-366.383578,45.661680,234.700521,437.500000,4.263459,4.898853,-365.108903,43.846238,238.341462,512.249060,24.168000,29.986917,29.999849,0,8,0,1,1
237.412325,-278.921740,239.257812,437.500000,3.515885,4.708434,236.504364,-277.624678,242.397030,631.219757,26.521000,29.994822,29.994169,0,8,0,1,1
13.238497,363.022296,243.815104,437.500000,3.191535,4.766193,13.498475,361.638321,246.679179,600.941058,25.908000,29.977793,29.997744,0,8,0,1,1
-252.803353,-256.530442,248.372396,437.500000,4.075519,4.897275,-252.438863,-254.660898,251.975423,574.208028,25.427000,29.939253,29.999713,0,8,0,1,1
356.511625,18.228679,252.929688,437.500000,3.386602,4.703965,355.012070,17.245612,255.802663,688.912159,27.543000,30.000000,22.522145,0,8,0,1,1
-272.670655,225.294074,257.486979,437.500000,3.974123,4.921859,-272.137088,223.466692,260.975479,592.064408,25.737000,29.803070,29.999533,0,8,0,1,1
48.410205,-346.980550,262.044271,437.500000,4.457548,4.822496,47.867555,-344.981025,265.991062,664.222016,27.099000,29.999989,29.998494,0,8,0,1,1
196.726191,285.707302,266.601562,437.500000,3.387528,4.676489,196.014135,284.017309,269.449763,806.860216,29.622000,30.000000,29.972372,0,8,0,1,1
-334.592054,-76.988850,271.158854,437.500000,4.504507,4.849552,-332.449768,-76.352094,275.069830,716.119816,28.078000,29.999091,29.954155,0,8,0,1,1
295.548231,-167.445813,275.716146,437.500000,2.911894,4.673109,293.960849,-166.993758,278.115102,863.615667,30.569000,30.000000,29.940468,0,8,0,1,1
-103.662774,319.541984,280.273438,437.500000,3.948396,4.824035,-104.429296,317.348723,283.465910,752.857651,28.673000,30.000000,29.998611,0,8,0,1,1
-137.809936,-302.135942,284.830729,437.500000,5.312038,4.865728,-135.923558,-299.911399,289.270406,780.766168,29.192000,30.000000,29.999342,0,8,0,1,1
302.057678,128.148284,289.388021,437.500000,2.424262,4.676112,300.727643,127.656829,291.354370,930.155670,31.614000,30.000000,25.395005,0,8,0,1,1
-305.448395,108.183554,293.945312,437.500000,4.816165,4.823426,-304.006818,105.112466,297.363751,895.166997,31.159000,30.000000,29.999707,0,8,0,1,1
150.182306,-282.396388,298.502604,437.500000,3.097874,4.699896,149.287996,-280.738197,300.961758,985.837647,32.521000,30.000000,29.995138,0,8,0,1,1
78.936844,305.499467,303.059896,437.500000,2.827156,4.680933,78.041934,303.926343,305.231814,1030.192425,33.201000,30.000000,29.992105,0,8,0,1,1
-260.843553,-169.524503,307.617188,437.500000,6.388058,4.813176,-257.328331,-167.588671,312.587404,1010.607352,32.999000,30.000000,29.997287,0,8,0,1,1
302.339035,-50.442569,312.174479,437.500000,3.020769,4.660624,300.525792,-49.509765,314.403173,1104.583142,34.310000,30.000000,25.750552,0,8,0,1,1
-185.958939,237.710977,316.731771,437.500000,5.058627,4.795803,-184.430049,234.875864,320.632328,1033.096404,33.286000,30.000000,29.998994,0,8,0,1,1
-23.073790,-296.052679,321.289062,437.500000,5.224490,4.780991,-23.421793,-292.659537,325.246432,1084.721314,34.079000,30.000000,29.998463,0,8,0,1,1
213.335031,199.295178,325.846354,437.500000,2.926596,4.653586,212.070714,197.666056,327.922993,1224.924469,36.100000,30.000000,29.002365,0,8,0,1,1
-286.760968,-2.797899,330.403646,437.500000,5.552077,4.784721,-285.037498,2.225529,332.022405,1193.047855,35.776000,30.000000,29.909172,0,8,0,1,1
209.368624,-188.074984,334.960938,437.500000,3.431906,4.650964,207.336338,-186.620956,337.313298,1301.974251,37.212000,30.000000,29.945089,0,8,0,1,1
-26.803359,274.618284,339.518229,437.500000,5.113965,4.701972,-26.970023,270.890864,343.015542,1297.900336,37.190000,30.000000,29.995779,0,8,0,1,1
-162.311662,-216.039835,344.075521,437.500000,5.156064,4.776008,-162.367411,-211.894940,347.141745,1311.223149,37.466000,30.000000,29.999301,0,8,0,1,1
259.811109,48.575713,348.632812,437.500000,1.230237,4.635937,258.940213,48.239307,349.433970,1383.495259,38.331000,30.000000,0.583751,0,8,0,1,1
-219.192356,136.446734,353.190104,437.500000,5.791635,4.768132,-217.120714,132.211625,356.553909,1405.332047,38.800000,30.000000,29.999222,0,8,0,1,1
67.748279,-242.555605,357.747396,437.500000,5.138761,4.686693,66.249701,-238.810295,360.930755,1464.069833,39.522000,30.000000,29.993146,0,8,0,1,1
110.903080,218.728302,362.304688,437.500000,2.242479,4.643979,109.458516,217.573273,363.572700,1516.390727,40.195000,30.000000,29.796984,0,8,0,1,1
-223.094201,-83.949482,366.861979,437.500000,3.996766,4.742117,-220.228350,-82.403161,369.179288,1523.656472,40.425000,30.000000,29.661333,0,8,0,1,1
214.560268,-86.127039,371.419271,437.500000,1.627327,4.632297,213.309759,-85.645433,372.342568,1598.414061,41.295000,30.000000,20.375851,0,8,0,1,1
-96.792596,201.690525,375.976562,437.500000,4.711997,4.708982,-94.886568,198.252610,378.574778,1613.244014,41.591000,30.000000,29.995779,0,8,0,1,1
-62.594001,-206.596774,380.533854,437.500000,4.047172,4.733244,-59.698521,-204.429490,382.350081,1636.080639,41.928000,30.000000,29.996883,0,8,0,1,1
178.621283,105.856019,385.091146,437.500000,1.188583,4.625247,178.566508,104.726695,385.457693,1715.548265,42.853000,30.000000,12.037502,0,8,0,1,1
-194.715314,40.820237,389.648438,437.500000,5.029665,4.722481,-191.751732,37.258243,391.604688,1744.393583,43.384000,30.000000,28.942600,0,8,0,1,1
110.644737,-154.161718,394.205729,437.500000,2.496702,4.641043,108.994794,-152.674166,395.345202,1805.776470,44.068000,30.000000,26.456287,0,8,0,1,1
21.387346,178.708938,398.763021,437.500000,3.399890,4.647298,21.233592,175.653246,400.245707,1855.084128,44.726000,30.000000,26.543010,0,8,0,1,1
-128.555621,-110.509854,403.320312,437.500000,4.342480,4.717931,-125.432239,-108.038466,405.050590,1863.836803,44.939000,30.000000,25.198992,0,8,0,1,1
158.168123,-4.995502,407.877604,437.500000,1.762192,4.620423,156.581869,-5.381187,408.541207,1942.380173,45.816000,30.000000,5.103768,0,8,0,1,1
-104.458806,101.941476,412.434896,437.500000,5.398892,4.711997,-99.359021,100.951750,413.904820,1957.668696,46.154000,30.000000,22.040059,0,8,0,1,1
7.404564,-132.170110,416.992188,437.500000,3.028548,4.683672,5.864814,-129.711263,417.861294,2012.154291,46.817000,30.000000,26.900416,0,8,0,1,1
74.118918,90.601725,421.549479,437.500000,0.564015,4.619495,74.188314,90.053896,421.664289,2077.384792,47.544000,30.000000,14.837026,0,8,0,1,1
-98.173513,-14.185599,426.106771,437.500000,2.029758,4.653931,-96.239533,-13.786322,426.576047,2115.140860,48.088000,30.000000,29.837139,0,8,0,1,1
63.662806,-43.379286,430.664062,437.500000,0.283144,4.614538,63.506905,-43.148386,430.714566,2182.541463,48.863000,30.000000,29.969676,0,8,0,1,1
-10.211551,43.409067,435.221354,437.500000,1.756002,4.613692,-9.662737,41.750818,435.401784,2240.310697,49.582000,30.000000,29.984627,0,8,0,1,1
40.966910,-466.796811,12.207031,468.750000,128.963688,5.702413,42.620380,-499.335378,136.987400,162.074387,7.674000,30.000000,29.999227,0,9,0,1,1
285.016104,371.753037,17.089844,468.750000,14.513545,5.215822,287.703261,375.135159,30.945653,88.045575,5.769000,30.000000,29.993678,0,9,0,1,1
-461.077056,-81.558039,21.972656,468.750000,78.594082,5.648766,-484.205112,-87.748413,96.831203,135.125906,7.067000,30.000000,29.997043,0,9,0,1,1
394.860662,-251.178032,26.855469,468.750000,10.158524,5.189919,397.235337,-252.492441,36.644690,88.159708,5.902000,30.000000,29.993417,0,9,0,1,1
-121.410260,451.640114,31.738281,468.750000,111.118602,5.663833,-130.032469,477.270818,139.516147,162.671666,7.735000,30.000000,29.999287,0,9,0,1,1
-215.389826,-414.720003,36.621094,468.750000,54.528495,5.747319,-221.950802,-431.431373,88.109350,133.821207,7.016000,30.000000,29.999996,0,9,0,1,1
438.577541,160.167815,41.503906,468.750000,7.983061,5.208893,440.485818,160.353425,49.253312,93.061893,6.236000,30.000000,29.999296,0,9,0,1,1
-431.160224,177.976673,46.386719,468.750000,31.146996,5.580228,-439.367698,182.791403,76.044620,120.750101,6.791000,30.000000,29.999816,0,9,0,1,1
197.485854,-422.015800,51.269531,468.750000,30.557646,5.346364,201.284613,-429.336747,80.693041,118.534024,6.717000,30.000000,29.999034,0,9,0,1,1
139.279095,444.043703,56.152344,468.750000,5.199286,5.173335,139.604941,444.927149,61.265652,94.478394,6.684000,30.000000,29.998367,0,9,0,1,1
-402.115017,-233.033872,61.035156,468.750000,22.477943,5.502011,-407.160967,-236.171063,82.713587,120.357869,6.949000,30.000000,29.999893,0,9,0,1,1
453.267413,-99.649569,65.917969,468.750000,1.938205,5.139731,453.391156,-100.281398,67.746115,91.152472,7.123000,30.000000,29.996149,0,9,0,1,1
-266.498999,379.067402,70.800781,468.750000,79.087806,5.720495,-276.316506,393.879257,147.866380,168.375820,8.032000,30.000000,29.999257,0,9,0,1,1
-59.449017,-458.763960,75.683594,468.750000,95.302490,5.701241,-62.506778,-475.942798,169.375121,182.791261,8.423000,30.000000,29.999257,0,9,0,1,1
353.095348,297.589133,80.566406,468.750000,2.166046,5.096707,353.396842,297.456573,82.707267,90.630293,8.019000,30.000000,29.988551,0,9,0,1,1
-460.502280,19.043215,85.449219,468.750000,9.188456,5.420262,-462.284372,18.791737,94.459692,120.557077,7.453000,30.000000,29.999911,0,9,0,1,1
326.035863,-324.449230,90.332031,468.750000,1.251756,5.070107,326.380032,-324.173544,91.503542,93.864134,8.619000,30.000000,29.996688,0,9,0,1,1
-21.200852,458.487971,95.214844,468.750000,21.526141,5.309269,-21.821731,462.123897,116.422608,135.216018,7.745000,30.000000,29.999072,0,9,0,1,1
-293.404931,-351.597167,100.097656,468.750000,10.673451,5.479577,-295.541723,-352.191707,110.538116,131.152972,7.982000,30.000000,29.999774,0,9,0,1,1
452.763272,60.918658,104.980469,468.750000,1.767923,5.126682,452.876234,60.517744,106.698625,108.721417,9.079000,30.000000,29.889417,0,9,0,1,1
-374.059859,260.261107,109.863281,468.750000,9.444024,5.479678,-375.423195,260.610129,119.201862,135.140446,8.382000,30.000000,29.999989,0,9,0,1,1
99.751782,-443.406674,114.746094,468.750000,19.535907,5.312075,99.653574,-445.985958,134.110735,145.513115,8.372000,30.000000,29.999109,0,9,0,1,1
225.336221,393.241751,119.628906,468.750000,1.557770,5.015695,224.681691,393.518839,121.015074,126.620859,11.234000,30.000000,29.994512,0,9,0,1,1
-430.532180,-137.351508,124.511719,468.750000,2.442860,5.333512,-431.153470,-135.617056,126.115850,127.345311,9.707000,30.000000,29.999918,0,9,0,1,1
408.993524,-188.965382,129.394531,468.750000,1.853331,5.011928,408.567191,-189.560468,131.097161,143.631764,12.291000,30.000000,29.979179,0,9,0,1,1
-173.382330,414.288215,134.277344,468.750000,43.803805,5.498150,-175.674879,418.616090,177.806495,183.771794,9.101000,30.000000,29.999301,0,9,0,1,1
-151.497007,-421.200273,139.160156,468.750000,15.490055,5.483657,-151.220757,-422.675576,154.577321,160.570362,9.333000,30.000000,29.999484,0,9,0,1,1
394.856195,207.525350,144.042969,468.750000,0.868506,5.015419,394.846706,207.301012,144.881947,172.514527,13.949000,30.000000,29.996055,0,9,0,1,1
-429.782733,113.289349,148.925781,468.750000,2.944342,5.297710,-429.848286,112.572197,151.780697,156.202596,12.083000,30.000000,29.999852,0,9,0,1,1
239.481509,-372.448770,153.808594,468.750000,1.792632,5.030890,238.896839,-372.533034,155.501104,188.878628,14.633000,30.000000,29.998001,0,9,0,1,1
74.706913,434.698145,158.691406,468.750000,3.422663,5.043819,73.795736,434.337086,161.970738,201.013646,15.160000,30.000000,29.998193,0,9,0,1,1
-347.307755,-268.974647,163.574219,468.750000,3.627274,5.271342,-347.197243,-268.527411,167.172118,183.753054,13.812000,29.998256,29.999833,0,9,0,1,1
435.940785,-36.116803,168.457031,468.750000,2.571826,4.995058,435.447740,-35.702346,170.946895,246.579760,17.224000,29.999999,29.996449,0,9,0,1,1
-295.754345,319.701781,173.339844,468.750000,3.184561,5.381764,-295.655333,319.519373,176.517635,182.249490,12.920000,30.000000,29.999561,0,9,0,1,1
2.114964,-433.542125,178.222656,468.750000,11.724297,5.314879,1.589832,-433.115073,189.927399,191.569680,12.093000,30.000000,29.999162,0,9,0,1,1
289.923666,319.598526,183.105469,468.750000,3.121282,4.945847,289.514281,318.907550,186.121651,305.716713,19.154000,30.000000,29.976966,0,9,0,1,1
-427.570646,-39.627151,187.988281,468.750000,2.572190,5.226560,-427.107724,-39.583993,190.518104,244.140442,16.744000,29.998611,29.996662,0,9,0,1,1
340.315797,-258.287557,192.871094,468.750000,2.480838,4.931024,339.619746,-258.063281,195.241699,346.401624,20.322000,30.000000,29.989524,0,9,0,1,1
-76.066961,418.131286,197.753906,468.750000,4.138365,5.138700,-76.945437,417.167990,201.681552,274.641091,17.802000,30.000000,29.998888,0,9,0,1,1
-225.125853,-357.747499,202.636719,468.750000,3.592178,5.269831,-224.073559,-357.502864,206.062587,271.130111,17.637000,29.937974,29.999655,0,9,0,1,1
405.364546,111.093616,207.519531,468.750000,2.546580,4.962774,404.819374,110.325956,209.885658,376.643787,21.026000,30.000000,29.389567,0,9,0,1,1
-371.769457,190.785947,212.402344,468.750000,1.752769,5.194653,-372.459853,189.322810,213.076718,316.000550,19.223000,29.952903,29.999745,0,9,0,1,1
144.381851,-389.445252,217.285156,468.750000,2.973744,5.021624,144.025275,-388.613718,220.117921,395.469483,21.478000,29.999987,29.998367,0,9,0,1,1
155.626819,382.293407,222.167969,468.750000,1.906467,4.916521,155.216086,381.725270,223.940858,473.362778,23.356000,30.000000,29.994938,0,9,0,1,1
-370.580999,-175.625251,227.050781,468.750000,4.470516,5.139470,-369.093829,-175.429870,231.262155,419.960877,22.124000,29.990140,29.999867,0,9,0,1,1
389.268092,-120.015513,231.933594,468.750000,2.781108,4.917432,388.243006,-119.712014,234.501014,523.425925,24.422000,29.998611,29.966356,0,9,0,1,1
-204.539431,349.010277,236.816406,468.750000,2.258254,5.226134,-204.495186,348.366853,238.980606,363.857747,20.411000,29.999029,29.999211,0,9,0,1,1
-84.323538,-392.680011,241.699219,468.750000,2.919672,5.216480,-84.751177,-391.785869,244.445510,395.161500,21.294000,29.998642,29.999242,0,9,0,1,1
325.000326,230.865009,246.582031,468.750000,3.211068,4.910490,323.508987,230.692378,249.420528,600.689293,25.959000,29.998081,29.965852,0,9,0,1,1
-392.553834,48.923228,251.464844,468.750000,5.369509,5.096780,-390.360737,48.994172,256.365550,548.360758,24.941000,29.986917,29.999849,0,9,0,1,1
254.370348,-298.844722,256.347656,468.750000,2.863103,4.899041,253.384089,-297.989823,258.895950,650.040647,26.875000,29.999772,29.994169,0,9,0,1,1
14.184103,388.952460,261.230469,468.750000,2.998582,4.960563,13.437404,387.698987,263.850152,630.353557,26.493000,29.974905,29.997744,0,9,0,1,1
-270.860736,-274.854045,266.113281,468.750000,4.503564,5.103545,-270.176964,-272.916377,270.120772,600.044162,25.941000,29.939253,29.999713,0,9,0,1,1
381.976741,19.530728,270.996094,468.750000,2.585377,4.899144,380.735264,19.814424,273.246077,710.731326,27.949000,30.000000,22.535547,0,9,0,1,1
-292.147130,241.386507,275.878906,468.750000,4.173860,5.120121,-291.484567,239.504269,279.544870,632.604304,26.544000,29.880759,29.999533,0,9,0,1,1
51.868077,-371.764875,280.761719,468.750000,4.214334,5.015051,52.807716,-369.697329,284.311781,696.120169,27.696000,30.000000,29.998494,0,9,0,1,1
210.778062,306.114967,285.644531,468.750000,3.247242,4.872202,209.402871,304.978142,288.357658,830.680970,30.041000,30.000000,29.972372,0,9,0,1,1
-358.491487,-82.488053,290.527344,468.750000,5.670553,5.047677,-356.028662,-80.566995,295.260124,766.979818,29.018000,30.000000,29.953647,0,9,0,1,1
316.658819,-179.406228,295.410156,468.750000,1.794032,4.866766,315.657276,-179.181475,296.881533,878.005224,30.807000,30.000000,29.939613,0,9,0,1,1
-111.067258,342.366411,300.292969,468.750000,3.997361,5.015339,-109.846104,340.584457,303.656347,804.755101,29.610000,30.000000,29.998611,0,9,0,1,1
-147.653503,-323.717080,305.175781,468.750000,3.800497,5.061571,-146.654350,-321.947702,308.387443,819.589665,29.886000,30.000000,29.999342,0,9,0,1,1
323.633226,137.301733,310.058594,468.750000,2.834260,4.871737,322.204981,136.401407,312.335118,964.743166,32.188000,30.000000,25.278455,0,9,0,1,1
-327.266138,115.910950,314.941406,468.750000,4.011923,5.017354,-325.645736,113.904636,318.014601,935.966715,31.842000,30.000000,29.999707,0,9,0,1,1
160.909614,-302.567559,319.824219,468.750000,3.574682,4.895378,159.339452,-300.955542,322.601689,1020.058671,33.072000,30.000000,29.995039,0,9,0,1,1
84.575190,327.320857,324.707031,468.750000,3.418719,4.880836,84.149016,325.212054,327.363902,1059.024669,33.658000,30.000000,29.992105,0,9,0,1,1
-279.475235,-181.633396,329.589844,468.750000,3.709432,5.011531,-278.008290,-179.696058,332.392464,1027.332908,33.269000,30.000000,29.997411,0,9,0,1,1
323.934680,-54.045610,334.472656,468.750000,2.160023,4.857637,322.516577,-53.991757,336.101087,1125.349882,34.635000,30.000000,25.733887,0,9,0,1,1
-199.241720,254.690332,339.355469,468.750000,4.249189,4.991644,-197.913344,252.306456,342.612485,1077.232935,33.990000,30.000000,29.998994,0,9,0,1,1
-24.721917,-317.199299,344.238281,468.750000,5.399260,4.977264,-24.857203,-313.639312,348.295398,1121.444001,34.652000,30.000000,29.998463,0,9,0,1,1
228.573248,213.530548,349.121094,468.750000,1.627604,4.849842,228.057491,212.472896,350.245576,1234.593707,36.245000,30.000000,28.964950,0,9,0,1,1
-307.243894,-2.997749,354.003906,468.750000,6.515592,4.994651,-303.201961,0.110411,358.060390,1216.297169,36.114000,30.000000,29.910070,0,9,0,1,1
224.323526,-201.508911,358.886719,468.750000,2.089522,4.850056,223.428641,-200.276123,360.316933,1302.516964,37.217000,30.000000,29.945089,0,9,0,1,1
-28.717885,294.233876,363.769531,468.750000,5.075824,4.902135,-29.773034,290.550872,367.099117,1326.726321,37.617000,30.000000,29.995779,0,9,0,1,1
-173.905352,-231.471252,368.652344,468.750000,5.335149,4.967349,-175.057888,-226.963169,371.262451,1348.627766,38.010000,30.000000,29.999287,0,9,0,1,1
278.369045,52.045407,373.535156,468.750000,2.038782,4.837274,276.872628,51.671414,374.868385,1409.110097,38.700000,30.000000,0.590661,0,9,0,1,1
-234.848953,146.192929,378.417969,468.750000,4.601960,4.957491,-234.823560,141.979976,380.269568,1424.746290,39.073000,30.000000,29.999222,0,9,0,1,1
72.587442,-259.881005,383.300781,468.750000,5.693584,4.887965,70.116989,-256.050294,386.712440,1492.136970,39.923000,30.000000,29.993006,0,9,0,1,1
118.824728,234.351753,388.183594,468.750000,2.551629,4.844618,117.667622,232.662642,389.706360,1536.605392,40.479000,30.000000,29.793893,0,9,0,1,1
-239.029501,-89.945874,393.066406,468.750000,6.037459,4.953487,-235.332540,-86.510539,396.380294,1537.823000,40.626000,30.000000,29.654762,0,9,0,1,1
229.886001,-92.278970,397.949219,468.750000,1.422685,4.832102,228.726458,-92.066632,398.745713,1612.962202,41.497000,30.000000,20.378346,0,9,0,1,1
-103.706353,216.096991,402.832031,468.750000,5.275487,4.915044,-103.153429,211.667370,405.643347,1627.496619,41.789000,30.000000,29.995779,0,9,0,1,1
-67.065001,-221.353686,407.714844,468.750000,4.470046,4.928677,-65.073423,-218.062756,409.991839,1668.675334,42.371000,30.000000,29.996819,0,9,0,1,1
191.379946,113.417163,412.597656,468.750000,1.950381,4.826654,189.687999,113.161437,413.533556,1737.637456,43.154000,30.000000,12.042073,0,9,0,1,1
-208.623551,43.735968,417.480469,468.750000,3.672084,4.942854,-205.989028,41.800031,419.152484,1735.257020,43.267000,30.000000,29.212031,0,9,0,1,1
118.547933,-165.173269,422.363281,468.750000,3.019498,4.843012,117.016663,-162.976871,423.759138,1819.482626,44.253000,30.000000,26.457673,0,9,0,1,1
22.915013,191.473863,427.246094,468.750000,3.751146,4.848006,22.462991,188.125272,428.875115,1868.240639,44.899000,30.000000,26.429970,0,9,0,1,1
-137.738165,-118.403416,432.128906,468.750000,3.804065,4.928463,-134.216580,-117.876421,433.467424,1870.619968,45.034000,30.000000,25.111951,0,9,0,1,1
169.465846,-5.352323,437.011719,468.750000,1.518492,4.821377,168.298549,-6.196603,437.491748,1949.940405,45.917000,30.000000,5.102033,0,9,0,1,1
-111.920149,109.223010,441.894531,468.750000,4.095831,4.916418,-107.963314,109.825054,442.764493,1958.587422,46.163000,30.000000,21.982252,0,9,0,1,1
7.933461,-141.610832,446.777344,468.750000,3.100256,4.884360,6.998662,-138.815909,447.739707,2014.669439,46.842000,30.000000,27.464805,0,9,0,1,1
79.413127,97.073277,451.660156,468.750000,0.909743,4.822059,79.739271,96.234386,451.792538,2082.727499,47.614000,30.000000,16.853172,0,9,0,1,1
-105.185907,-15.198856,456.542969,468.750000,3.248654,4.858338,-102.063520,-14.736187,457.311338,2118.027761,48.123000,30.000000,29.901209,0,9,0,1,1
68.210149,-46.477806,461.425781,468.750000,1.767285,4.816851,66.787901,-45.481944,461.755578,2190.329371,48.962000,30.000000,29.850592,0,9,0,1,1
-10.940948,46.509715,466.308594,468.750000,1.430303,4.816119,-10.614083,45.125392,466.458848,2239.778689,49.575000,30.000000,29.985504,0,9,0,1,1
43.698038,-497.916599,13.020833,500.000000,117.327335,5.906439,46.344209,-532.310546,125.162519,160.581080,7.616000,30.000000,29.999227,0,10,0,1,1
304.017177,396.536572,18.229167,500.000000,7.757312,5.384038,305.258726,398.348090,25.669116,88.075845,5.866000,30.000000,29.993678,0,10,0,1,1
-491.815526,-86.995242,23.437500,500.000000,68.669097,5.848090,-513.900843,-94.039925,88.075384,136.136238,7.084000,30.000000,29.997100,0,10,0,1,1
421.184706,-267.923234,28.645833,500.000000,5.759761,5.369761,422.321261,-268.847318,34.216216,89.514846,6.065000,30.000000,29.993417,0,10,0,1,1
-129.504277,481.749455,33.854167,500.000000,99.224983,5.863128,-136.177365,508.749393,129.101584,161.646423,7.681000,30.000000,29.999287,0,10,0,1,1
-229.749148,-442.368003,39.062500,500.000000,41.948682,5.917283,-235.220960,-455.680226,78.464732,133.362635,7.038000,30.000000,30.000000,0,9,0,1,1
467.816044,170.845669,44.270833,500.000000,4.002364,5.388089,468.233985,172.211442,48.009671,94.485991,6.441000,30.000000,29.999280,0,10,0,1,1
-459.904239,189.841784,49.479167,500.000000,22.238998,5.753036,-465.205642,194.012885,70.670441,121.524359,6.908000,30.000000,29.999819,0,10,0,1,1
210.651578,-450.150186,54.687500,500.000000,20.140289,5.504396,213.044906,-454.757200,74.147167,117.205086,6.836000,30.000000,29.999015,0,10,0,1,1
148.564368,473.646617,59.895833,500.000000,1.872722,5.337255,149.617971,473.584634,61.442820,93.192838,7.000000,30.000000,29.998334,0,9,0,1,1
-428.922685,-248.569463,65.104167,500.000000,12.867158,5.667216,-431.211438,-250.882636,77.553046,119.359323,7.128000,30.000000,29.999893,0,10,0,1,1
483.485240,-106.292874,70.312500,500.000000,0.438737,5.309995,483.393141,-106.713219,70.226952,90.256290,7.502000,30.000000,29.996050,0,9,0,1,1
-284.265599,404.338562,75.520833,500.000000,64.529173,5.900711,-292.521061,418.510266,137.930963,166.499542,7.993000,30.000000,29.999257,0,10,0,1,1
-63.412285,-489.348223,80.729167,500.000000,84.790946,5.902225,-65.915941,-507.528063,163.510383,183.306235,8.411000,30.000000,29.999257,0,10,0,1,1
376.635038,317.428408,85.937500,500.000000,2.148072,5.277904,377.165923,316.949396,87.963067,93.308976,8.535000,30.000000,29.988555,0,9,0,1,1
-491.202432,20.312763,91.145833,500.000000,5.326648,5.608808,-492.108719,20.162281,96.392659,122.920149,7.862000,30.000000,29.999911,0,9,0,1,1
347.771587,-346.079179,96.354167,500.000000,1.878872,5.252202,347.596581,-346.310596,98.210501,99.059941,9.247000,30.000000,29.996688,0,9,0,1,1
-22.614242,489.053836,101.562500,500.000000,12.604660,5.478478,-22.870114,491.017647,114.010609,134.779436,8.030000,30.000000,29.999072,0,9,0,1,1
-312.965260,-375.036978,106.770833,500.000000,5.615323,5.654275,-313.529121,-375.540066,112.335078,131.493789,8.521000,30.000000,29.999774,0,10,0,1,1
482.947491,64.979902,111.979167,500.000000,0.861951,5.302658,482.865636,65.673703,112.484042,113.171337,9.609000,30.000000,29.883965,0,10,0,1,1
-398.997183,277.611847,117.187500,500.000000,4.362353,5.653280,-399.612860,277.623385,121.506172,136.051718,8.895000,30.000000,29.999981,0,9,0,1,1
106.401901,-472.967119,122.395833,500.000000,10.622550,5.475151,106.888085,-473.975251,132.959254,143.758624,8.872000,30.000000,29.999109,0,9,0,1,1
240.358636,419.457868,127.604167,500.000000,2.053475,5.199017,240.759410,419.066066,129.579674,138.352842,12.103000,30.000000,29.994512,0,10,0,1,1
-459.234325,-146.508275,132.812500,500.000000,2.634713,5.520997,-459.133491,-146.799702,135.429104,135.445866,10.751000,30.000000,29.999918,0,9,0,1,1
436.259758,-201.563074,138.020833,500.000000,1.571335,5.191548,435.778577,-202.327565,139.306567,156.498110,13.240000,30.000000,29.978754,0,9,0,1,1
-184.941152,441.907429,143.229167,500.000000,32.974027,5.677485,-186.815282,445.466127,175.956980,184.262064,9.271000,30.000000,29.999301,0,9,0,1,1
-161.596808,-449.280292,148.437500,500.000000,8.930361,5.664826,-161.311272,-450.082415,157.327180,163.417420,9.732000,30.000000,29.999494,0,10,0,1,1
421.179941,221.360373,153.645833,500.000000,2.108249,5.202515,420.998865,221.061882,155.724974,192.315614,15.108000,30.000000,29.996054,0,10,0,1,1
-458.434915,120.841972,158.854167,500.000000,2.236848,5.478333,-458.556907,119.939091,160.897060,169.619776,13.121000,29.999686,29.999852,0,9,0,1,1
255.446943,-397.278688,164.062500,500.000000,2.098142,5.213842,254.625033,-397.441493,165.986080,207.707660,15.629000,30.000000,29.998001,0,10,0,1,1
79.687373,463.678021,169.270833,500.000000,2.038899,5.229148,79.188148,463.443722,171.233736,214.981279,15.842000,30.000000,29.998193,0,10,0,1,1
-370.461605,-286.906290,174.479167,500.000000,2.419444,5.459698,-369.254044,-287.965427,176.288512,197.653730,14.661000,29.997049,29.999833,0,9,0,1,1
465.003504,-38.524590,179.687500,500.000000,1.870772,5.182702,464.622306,-38.398536,181.514680,264.320265,17.915000,29.999999,29.996384,0,10,0,1,1
-315.471301,341.015233,184.895833,500.000000,2.200154,5.559814,-316.056507,340.345318,186.908151,200.064246,14.277000,30.000000,29.999561,0,10,0,1,1
2.255961,-462.444933,190.104167,500.000000,5.615936,5.493555,3.462355,-462.025670,195.572948,201.448688,13.465000,30.000000,29.999162,0,9,0,1,1
309.251910,340.905095,195.312500,500.000000,1.796042,5.128567,308.531525,340.983020,196.955892,322.515890,19.682000,30.000000,29.976966,0,10,0,1,1
-456.075356,-42.268961,200.520833,500.000000,3.589340,5.418371,-455.372319,-42.176816,204.039442,273.906824,17.985000,29.998582,29.996643,0,9,0,1,1
363.003517,-275.506727,205.729167,500.000000,1.831383,5.119423,362.291108,-275.627506,207.411977,365.082822,20.846000,30.000000,29.989524,0,10,0,1,1
-81.138091,446.006705,210.937500,500.000000,2.962106,5.333077,-80.835573,445.419086,213.824932,295.465955,18.562000,30.000000,29.998910,0,10,0,1,1
-240.134243,-381.597332,216.145833,500.000000,4.009878,5.451739,-239.850634,-380.739461,220.052590,308.768389,19.072000,29.932060,29.999648,0,10,0,1,1
432.388849,118.499857,221.354167,500.000000,1.105720,5.144772,432.245972,117.917921,222.283442,394.302623,21.481000,30.000000,29.234521,0,10,0,1,1
-396.554088,203.505010,226.562500,500.000000,2.922285,5.386314,-395.468432,203.895691,229.247360,351.402559,20.296000,29.952331,29.999745,0,10,0,1,1
154.007308,-415.408269,231.770833,500.000000,2.055463,5.206398,154.125762,-414.695612,233.695156,420.610110,22.118000,29.999985,29.998334,0,10,0,1,1
166.001940,407.779635,236.979167,500.000000,1.689674,5.103287,165.712513,407.238146,238.553339,495.076511,23.839000,30.000000,29.994835,0,9,0,1,1
-395.286398,-187.333601,242.187500,500.000000,4.385840,5.334860,-394.254861,-186.190211,246.294102,449.333806,22.839000,29.990140,29.999867,0,10,0,1,1
415.219298,-128.016547,247.395833,500.000000,1.580103,5.104815,414.743879,-127.521346,248.819026,539.150478,24.754000,29.998553,29.965441,0,10,0,1,1
-218.175393,372.277629,252.604167,500.000000,3.032116,5.402914,-217.151003,371.833047,255.423156,411.732635,21.749000,29.998894,29.999211,0,10,0,1,1
-89.945107,-418.858678,257.812500,500.000000,3.641890,5.393087,-88.909541,-417.897057,261.169024,439.869936,22.439000,29.998439,29.999242,0,9,0,1,1
346.667015,246.256009,263.020833,500.000000,1.684638,5.101746,345.839336,246.260951,264.488120,611.302217,26.167000,29.998081,29.965826,0,9,0,1,1
-418.724090,52.184777,268.229167,500.000000,4.020501,5.300163,-417.075557,52.338137,271.892942,565.786109,25.303000,29.986917,29.999849,0,10,0,1,1
271.328371,-318.767703,273.437500,500.000000,2.618168,5.093223,270.547492,-317.875174,275.771686,673.639449,27.334000,30.000000,29.994169,0,10,0,1,1
15.129710,414.882624,278.645833,500.000000,2.738195,5.153419,16.100440,413.721882,280.927954,657.285870,27.022000,29.999955,29.997744,0,10,0,1,1
-288.918118,-293.177648,283.854167,500.000000,3.273654,5.292962,-289.066969,-291.323258,286.547842,634.900387,26.647000,29.938590,29.999713,0,10,0,1,1
407.441857,20.832776,289.062500,500.000000,1.599071,5.088277,406.674805,21.037792,290.450530,727.884689,28.261000,30.000000,22.447353,0,10,0,1,1
-311.623605,257.478941,294.270833,500.000000,5.599923,5.307167,-310.097815,255.382932,299.234486,681.955285,27.505000,29.948038,29.999524,0,10,0,1,1
55.325948,-396.549200,299.479167,500.000000,4.128603,5.206482,54.133214,-394.788722,303.018018,728.868983,28.305000,30.000000,29.998494,0,10,0,1,1
224.829933,326.522631,304.687500,500.000000,1.637160,5.063572,224.304439,325.826002,306.072728,846.395603,30.319000,30.000000,29.972372,0,10,0,1,1
-382.390919,-87.987257,309.895833,500.000000,3.070172,5.241441,-381.220035,-86.612150,312.378587,785.461751,29.350000,30.000000,29.953279,0,10,0,1,1
337.769407,-191.366643,315.104167,500.000000,0.541691,5.058002,337.413296,-191.462333,315.500976,891.108908,31.029000,30.000000,29.939253,0,10,0,1,1
-118.471742,365.190839,320.312500,500.000000,4.128009,5.211036,-117.606020,363.191244,323.818581,827.805624,29.997000,30.000000,29.998611,0,10,0,1,1
-157.497070,-345.298219,325.520833,500.000000,3.831873,5.252738,-156.580838,-343.440069,328.744348,854.216884,30.481000,30.000000,29.999342,0,10,0,1,1
345.208775,146.455182,330.729167,500.000000,0.667974,5.062378,344.841433,146.321147,331.270724,968.275412,32.240000,30.000000,25.186847,0,10,0,1,1
-349.083880,123.638347,335.937500,500.000000,5.866825,5.220322,-346.350073,121.218753,340.530048,968.071502,32.366000,30.000000,29.999707,0,9,0,1,1
171.636922,-322.738730,341.145833,500.000000,2.658282,5.089280,171.258856,-321.122529,343.222231,1030.203708,33.226000,30.000000,29.995039,0,10,0,1,1
90.213536,349.142248,346.354167,500.000000,2.629287,5.071748,90.189114,347.458618,348.373558,1077.433108,33.947000,30.000000,29.991944,0,10,0,1,1
-298.106917,-193.742289,351.562500,500.000000,5.848040,5.213502,-295.028756,-191.669091,356.082052,1068.438355,33.925000,30.000000,29.997286,0,10,0,1,1
345.530325,-57.648650,356.770833,500.000000,1.814441,5.049074,344.395326,-57.250304,358.129249,1150.584646,35.029000,30.000000,25.522517,0,10,0,1,1
-212.524501,271.669688,361.979167,500.000000,5.584264,5.190113,-210.375879,268.787252,366.252221,1105.173540,34.418000,30.000000,29.998994,0,9,0,1,1
-26.370045,-338.345918,367.187500,500.000000,4.417421,5.172668,-25.580100,-335.507982,370.479264,1127.261273,34.724000,30.000000,29.998463,0,10,0,1,1
243.811464,227.765918,372.395833,500.000000,1.291147,5.042868,242.898601,227.503506,373.270409,1251.819465,36.501000,30.000000,28.946365,0,10,0,1,1
-327.726820,-3.197599,377.604167,500.000000,5.190555,5.198756,-324.422554,-0.933270,380.905152,1235.957564,36.416000,30.000000,29.907538,0,9,0,1,1
239.278428,-214.942839,382.812500,500.000000,2.130402,5.044365,238.278780,-213.759229,384.274821,1326.900953,37.578000,30.000000,29.944337,0,10,0,1,1
-30.632411,313.849468,388.020833,500.000000,4.821179,5.098883,-30.296724,310.343847,391.313508,1335.973653,37.746000,30.000000,29.995693,0,10,0,1,1
-185.499042,-246.902669,393.229167,500.000000,5.298566,5.166243,-185.617604,-242.609099,396.331748,1357.074943,38.124000,30.000000,29.999287,0,9,0,1,1
296.926981,55.515101,398.437500,500.000000,1.519752,5.029780,295.922390,54.888256,399.390132,1424.760144,38.925000,30.000000,0.574576,0,10,0,1,1
-250.505550,155.939125,403.645833,500.000000,5.167338,5.156955,-247.843754,152.898708,406.866406,1436.101326,39.223000,30.000000,29.999224,0,9,0,1,1
77.426604,-277.206406,408.854167,500.000000,4.101910,5.083624,76.888778,-274.027934,411.390645,1491.974408,39.917000,30.000000,29.993006,0,10,0,1,1
126.746377,249.975203,414.062500,500.000000,2.384961,5.040408,126.042486,248.200678,415.492059,1548.704808,40.649000,30.000000,29.793113,0,10,0,1,1
-254.964802,-95.942265,419.270833,500.000000,4.173328,5.146150,-254.186678,-92.087368,420.667601,1543.492147,40.703000,30.000000,29.656808,0,10,0,1,1
245.211735,-98.430901,424.479167,500.000000,1.471940,5.027669,244.146600,-97.845339,425.309356,1624.233092,41.651000,30.000000,20.345680,0,10,0,1,1
-110.620109,230.503457,429.687500,500.000000,3.948818,5.110478,-109.918961,227.240955,431.798810,1646.223900,42.047000,30.000000,29.995779,0,10,0,1,1
-71.536001,-236.110598,434.895833,500.000000,5.642456,5.135350,-68.049303,-232.582301,437.584952,1675.071037,42.462000,30.000000,29.996819,0,10,0,1,1
204.138609,120.978308,440.104167,500.000000,1.398464,5.022345,203.226378,120.184396,440.806477,1748.957232,43.309000,30.000000,12.029472,0,10,0,1,1
-222.531787,46.651699,445.312500,500.000000,3.581763,5.136443,-219.440774,46.044179,447.017076,1756.016921,43.545000,30.000000,28.913843,0,10,0,1,1
126.451128,-176.184820,450.520833,500.000000,2.610302,5.040033,125.076672,-174.322808,451.728084,1827.458122,44.361000,30.000000,26.374473,0,10,0,1,1
24.442681,204.238787,455.729167,500.000000,2.365510,5.046792,24.446319,202.110035,456.760691,1866.192902,44.876000,30.000000,26.437319,0,10,0,1,1
-146.920709,-126.296977,460.937500,500.000000,4.231278,5.123354,-142.949402,-125.885362,462.338573,1889.355719,45.281000,30.000000,24.993867,0,10,0,1,1
180.763569,-5.709145,466.145833,500.000000,0.965576,5.018412,179.903582,-5.959562,466.506462,1955.692881,45.992000,30.000000,5.090875,0,10,0,1,1
-119.381492,116.504544,471.354167,500.000000,3.478127,5.117891,-116.008762,116.575488,472.200940,1967.345943,46.280000,30.000000,22.031809,0,10,0,1,1
8.462358,-151.051554,476.562500,500.000000,4.223615,5.092383,8.829132,-147.048003,477.857096,2023.876789,46.968000,30.000000,28.625225,0,10,0,1,1
84.707335,103.544828,481.770833,500.000000,1.122719,5.019307,83.613481,103.443794,482.002721,2090.851566,47.718000,30.000000,22.745927,0,10,0,1,1
-112.198300,-16.212113,486.979167,500.000000,2.504459,5.058290,-110.052545,-15.046315,487.535007,2120.383321,48.154000,30.000000,29.967780,0,10,0,1,1
72.757492,-49.576327,492.187500,500.000000,0.838584,5.014925,72.032113,-49.186364,492.345539,2189.813312,48.955000,30.000000,29.923578,0,10,0,1,1
-11.670344,49.610362,497.395833,500.000000,1.578924,5.014689,-11.321442,48.079382,497.561269,2240.772010,49.587000,30.000000,29.985433,0,10,0,1,1
