time,x,y,height,velocity,pitch,ang_vel,ang_accel,fx,fy,fz,torque_gravity,torque_aero,torque_damping
0.000000,0.000000,0.000000,0.000000,0.000000,80.000000,0.000000,0.000000,0.000000,0.000000,-0.696272,0.000000,0.000000,-0.000000
0.001000,0.000000,0.000000,-0.000010,0.009807,80.000000,0.000000,0.000000,0.000000,0.000000,-0.696272,0.000000,0.000000,-0.000000
0.002000,0.000000,0.000000,-0.000029,0.019613,80.000000,0.000000,0.000458,0.000000,0.000001,-0.696272,0.000000,0.000000,-0.000000
0.003000,0.000000,0.000000,-0.000059,0.029420,80.000000,0.000002,0.001832,0.000000,0.000001,-0.696272,0.000000,0.000000,-0.000000
0.004000,0.000000,0.000000,-0.000098,0.039227,80.000000,0.000006,0.004122,0.000000,0.000002,-0.696272,0.000000,0.000000,-0.000000
0.005000,0.000000,0.000000,-0.000147,0.049033,80.000000,0.000014,0.007327,0.000000,0.000002,-0.696272,0.000000,0.000000,-0.000000
0.006000,0.000000,0.000000,-0.000206,0.058840,80.000000,0.000025,0.011449,0.052159,0.295806,-0.643309,0.000000,0.000000,-0.000000
0.007000,0.000001,0.000004,-0.000274,0.068032,80.000000,0.000042,0.016486,0.052159,0.295807,-0.643309,0.000000,0.000000,-0.000000
0.008000,0.000002,0.000012,-0.000351,0.077425,80.000000,0.000064,0.022040,0.052159,0.295807,-0.643309,0.000000,0.000000,-0.000000
0.009000,0.000004,0.000025,-0.000437,0.086953,80.000000,0.000092,0.028546,0.052160,0.295808,-0.643308,0.000000,0.000001,-0.000000
0.010000,0.000007,0.000042,-0.000532,0.096577,80.000000,0.000128,0.036004,0.052160,0.295809,-0.643308,0.000000,0.000001,-0.000000
0.011000,0.000011,0.000062,-0.000636,0.106270,80.000001,0.000173,0.044414,0.052161,0.295810,-0.643308,0.000000,0.000001,-0.000000
0.012000,0.000015,0.000087,-0.000749,0.116015,80.000001,0.000226,0.053777,0.052161,0.295811,-0.643308,0.000000,0.000001,-0.000000
0.013000,0.000021,0.000117,-0.000872,0.125800,80.000001,0.000291,0.064092,0.052162,0.295812,-0.643307,0.000000,0.000001,-0.000000
0.014000,0.000026,0.000150,-0.001003,0.135616,80.000001,0.000366,0.075360,0.052162,0.295813,-0.643307,0.000000,0.000001,-0.000000
0.015000,0.000033,0.000187,-0.001143,0.145458,80.000002,0.000453,0.087580,0.052163,0.295814,-0.643307,0.000000,0.000002,-0.000000
0.016000,0.000040,0.000229,-0.001293,0.155319,80.000002,0.000554,0.100752,0.104322,0.591618,-0.590344,0.000000,0.000002,-0.000000
0.017000,0.000049,0.000279,-0.001450,0.165729,80.000003,0.000669,0.114876,0.104323,0.591619,-0.590344,0.000000,0.000002,-0.000000
0.018000,0.000060,0.000337,-0.001617,0.176322,80.000004,0.000800,0.130790,0.104324,0.591620,-0.590343,0.000000,0.000002,-0.000000
0.019000,0.000071,0.000404,-0.001791,0.187067,80.000005,0.000948,0.148043,0.104325,0.591621,-0.590343,0.000000,0.000003,-0.000000
0.020000,0.000084,0.000479,-0.001974,0.197940,80.000006,0.001115,0.166637,0.104326,0.591622,-0.590343,0.000000,0.000003,-0.000000
0.021000,0.000099,0.000562,-0.002165,0.208921,80.000007,0.001301,0.186572,0.104327,0.591623,-0.590342,0.000000,0.000003,-0.000000
0.022000,0.000115,0.000654,-0.002364,0.219993,80.000009,0.001509,0.207846,0.104329,0.591624,-0.590342,0.000000,0.000004,-0.000000
0.023000,0.000133,0.000754,-0.002572,0.231144,80.000011,0.001739,0.230461,0.104330,0.591625,-0.590341,0.000000,0.000004,-0.000000
0.024000,0.000152,0.000862,-0.002788,0.242363,80.000013,0.001994,0.254416,0.104331,0.591626,-0.590341,0.000000,0.000005,-0.000000
0.025000,0.000173,0.000979,-0.003012,0.253640,80.000015,0.002274,0.279711,0.104333,0.591628,-0.590340,0.000000,0.000005,-0.000000
0.026000,0.000195,0.001104,-0.003244,0.264968,80.000017,0.002580,0.306347,0.161794,0.917497,-0.531994,0.000000,0.000006,-0.000000
0.027000,0.000219,0.001242,-0.003485,0.277944,80.000020,0.002914,0.334322,0.161796,0.917498,-0.531994,0.000000,0.000006,-0.000000
0.028000,0.000246,0.001393,-0.003732,0.291126,80.000024,0.003282,0.367869,0.161798,0.917499,-0.531993,0.000000,0.000007,-0.000000
0.029000,0.000274,0.001557,-0.003987,0.304487,80.000027,0.003686,0.403589,0.161800,0.917501,-0.531993,0.000000,0.000007,-0.000000
0.030000,0.000306,0.001733,-0.004250,0.318005,80.000031,0.004127,0.441485,0.161803,0.917502,-0.531992,0.000000,0.000008,-0.000000
0.031000,0.000339,0.001923,-0.004520,0.331660,80.000036,0.004609,0.481554,0.161805,0.917503,-0.531991,0.000000,0.000009,-0.000000
0.032000,0.000375,0.002125,-0.004797,0.345437,80.000041,0.005133,0.523799,0.161807,0.917504,-0.531991,0.000000,0.000009,-0.000000
0.033000,0.000413,0.002341,-0.005082,0.359320,80.000047,0.005701,0.568218,0.161810,0.917506,-0.531990,0.000000,0.000010,-0.000000
0.034000,0.000453,0.002569,-0.005375,0.373300,80.000053,0.006316,0.614811,0.161813,0.917507,-0.531990,0.000000,0.000011,-0.000000
0.035000,0.000496,0.002811,-0.005675,0.387364,80.000060,0.006979,0.663579,0.161812,0.917505,-0.531990,0.000000,0.000012,-0.000000
0.036000,0.000540,0.003065,-0.005982,0.401504,80.000068,0.007694,0.714522,0.270577,1.534329,-0.421550,0.000000,0.000013,-0.000000
0.037000,0.000589,0.003341,-0.006296,0.420360,80.000076,0.008461,0.767639,0.270581,1.534330,-0.421549,0.000000,0.000014,-0.000000
0.038000,0.000642,0.003638,-0.006615,0.439584,80.000086,0.009303,0.841437,0.270586,1.534332,-0.421548,0.000000,0.000015,-0.000000
0.039000,0.000698,0.003957,-0.006941,0.459128,80.000096,0.010223,0.920156,0.270591,1.534333,-0.421547,0.000000,0.000017,-0.000000
0.040000,0.000758,0.004298,-0.007272,0.478954,80.000107,0.011227,1.003797,0.270596,1.534335,-0.421546,0.000000,0.000018,-0.000000
0.041000,0.000822,0.004660,-0.007609,0.499028,80.000119,0.012319,1.092359,0.270601,1.534336,-0.421545,0.000000,0.000020,-0.000000
0.042000,0.000889,0.005044,-0.007952,0.519321,80.000133,0.013505,1.185843,0.270607,1.534338,-0.421544,0.000000,0.000021,-0.000000
0.043000,0.000961,0.005449,-0.008301,0.539808,80.000148,0.014789,1.284250,0.270613,1.534339,-0.421543,0.000000,0.000023,-0.000000
0.044000,0.001036,0.005876,-0.008656,0.560469,80.000164,0.016177,1.387577,0.270619,1.534341,-0.421542,0.000000,0.000025,-0.000000
0.045000,0.001115,0.006325,-0.009017,0.581285,80.000181,0.017673,1.495827,0.270625,1.534343,-0.421541,0.000000,0.000027,-0.000000
0.046000,0.001198,0.006795,-0.009384,0.602239,80.000201,0.019282,1.608999,0.270632,1.534344,-0.421540,0.000000,0.000029,-0.000000
0.047000,0.001285,0.007287,-0.009757,0.623318,80.000222,0.021009,1.727092,0.379401,2.151169,-0.311101,0.000000,0.000031,-0.000000
0.048000,0.001377,0.007810,-0.010134,0.650765,80.000245,0.022859,1.850108,0.379410,2.151170,-0.311100,0.000000,0.000033,-0.000000
0.049000,0.001475,0.008362,-0.010516,0.678524,80.000270,0.024875,2.016628,0.379420,2.151172,-0.311099,0.000000,0.000036,-0.000000
0.050000,0.001577,0.008945,-0.010902,0.706560,80.000297,0.027068,2.192345,0.379430,2.151173,-0.311098,0.000000,0.000039,-0.000000
0.051000,0.001686,0.009558,-0.011292,0.734841,80.000326,0.029445,2.377260,0.379441,2.151175,-0.311096,0.000000,0.000042,-0.000000
0.052000,0.001799,0.010202,-0.011687,0.763339,80.000358,0.032016,2.571372,0.379452,2.151176,-0.311095,0.000000,0.000046,-0.000000
0.053000,0.001918,0.010875,-0.012086,0.792031,80.000393,0.034791,2.774682,0.379463,2.151178,-0.311094,0.000000,0.000049,-0.000000
0.054000,0.002042,0.011579,-0.012490,0.820897,80.000431,0.037778,2.987190,0.379475,2.151179,-0.311093,0.000000,0.000053,-0.000000
0.055000,0.002172,0.012314,-0.012897,0.849919,80.000472,0.040987,3.208896,0.379488,2.151180,-0.311092,0.000000,0.000057,-0.000000
0.056000,0.002306,0.013078,-0.013310,0.879081,80.000516,0.044427,3.439800,0.488263,2.768005,-0.200656,0.000000,0.000061,-0.000000
0.057000,0.002448,0.013882,-0.013725,0.915512,80.000564,0.048107,3.679901,0.488279,2.768006,-0.200655,0.000000,0.000066,-0.000000
0.058000,0.002597,0.014724,-0.014143,0.952204,80.000616,0.052098,3.991227,0.488296,2.768007,-0.200654,0.000000,0.000071,-0.000000
0.059000,0.002752,0.015606,-0.014564,0.989127,80.000673,0.056416,4.317555,0.488314,2.768008,-0.200653,0.000000,0.000077,-0.000000
0.060000,0.002915,0.016526,-0.014987,1.026256,80.000734,0.061075,4.658885,0.488333,2.768009,-0.200652,0.000000,0.000083,-0.000000
0.061000,0.003084,0.017486,-0.015413,1.063570,80.000800,0.066090,5.015217,0.488352,2.768010,-0.200651,0.000000,0.000089,-0.000000
0.062000,0.003260,0.018485,-0.015843,1.101051,80.000871,0.071476,5.386552,0.488371,2.768011,-0.200651,0.000000,0.000095,-0.000000
0.063000,0.003443,0.019522,-0.016275,1.138681,80.000949,0.077249,5.772889,0.488392,2.768012,-0.200650,0.000000,0.000102,-0.000000
0.064000,0.003633,0.020599,-0.016710,1.176447,80.001032,0.083423,6.174229,0.488412,2.768013,-0.200650,0.000000,0.000109,-0.000000
0.065000,0.003830,0.021714,-0.017147,1.214335,80.001122,0.090014,6.590572,0.488434,2.768013,-0.200650,0.000000,0.000116,-0.000000
0.066000,0.004033,0.022869,-0.017588,1.252335,80.001219,0.097036,7.021917,0.597219,3.384839,-0.090223,0.000000,0.000123,-0.000000
0.067000,0.004245,0.024071,-0.018030,1.298195,80.001324,0.104504,7.468265,0.597246,3.384839,-0.090224,0.000000,0.000132,-0.000000
0.068000,0.004466,0.025321,-0.018473,1.344235,80.001436,0.112529,8.025250,0.597275,3.384839,-0.090225,0.000000,0.000142,-0.000000
0.069000,0.004695,0.026618,-0.018917,1.390437,80.001557,0.121134,8.604570,0.597304,3.384839,-0.090226,0.000000,0.000152,-0.000000
0.070000,0.004932,0.027963,-0.019363,1.436786,80.001688,0.130336,9.202169,0.597334,3.384839,-0.090228,0.000000,0.000159,-0.000000
0.071000,0.005178,0.029356,-0.019810,1.483268,80.001827,0.139967,9.630623,0.597366,3.384838,-0.090231,0.000000,0.000166,-0.000000
0.072000,0.005432,0.030797,-0.020258,1.529870,80.001978,0.150036,10.068746,0.597398,3.384838,-0.090233,0.000000,0.000174,-0.000000
0.073000,0.005694,0.032285,-0.020707,1.576583,80.002138,0.160552,10.516469,0.597430,3.384838,-0.090236,0.000000,0.000181,-0.000000
0.074000,0.005965,0.033821,-0.021158,1.623396,80.002310,0.171526,10.973735,0.597464,3.384837,-0.090240,0.000000,0.000189,-0.000000
0.075000,0.006244,0.035404,-0.021610,1.670301,80.002493,0.182966,11.440491,0.597499,3.384837,-0.090244,0.000000,0.000197,-0.000000
0.076000,0.006532,0.037035,-0.022063,1.717291,80.002687,0.194883,11.916690,0.597534,3.384837,-0.090249,0.000000,0.000205,-0.000000
0.077000,0.006828,0.038714,-0.022518,1.764358,80.002895,0.207285,12.402291,0.706334,4.001664,0.020154,0.000000,0.000213,-0.000000
0.078000,0.007135,0.040449,-0.022972,1.819648,80.003115,0.220182,12.897256,0.706378,4.001663,0.020147,0.000000,0.000222,-0.000000
0.079000,0.007451,0.042241,-0.023426,1.875055,80.003349,0.233640,13.457872,0.706423,4.001661,0.020139,0.000000,0.000232,-0.000000
0.080000,0.007777,0.044089,-0.023879,1.930569,80.003596,0.247670,14.029746,0.706469,4.001659,0.020130,0.000000,0.000241,-0.000000
0.081000,0.008113,0.045993,-0.024333,1.986180,80.003858,0.262283,14.612814,0.706516,4.001658,0.020121,0.000000,0.000251,-0.000000
0.082000,0.008459,0.047954,-0.024786,2.041881,80.004136,0.277490,15.207021,0.706565,4.001656,0.020110,0.000000,0.000261,-0.000000
0.083000,0.008814,0.049971,-0.025239,2.097664,80.004429,0.293302,15.812314,0.706614,4.001654,0.020099,0.000000,0.000271,-0.000000
0.084000,0.009180,0.052045,-0.025691,2.153524,80.004739,0.309731,16.428650,0.706665,4.001652,0.020086,0.000000,0.000282,-0.000000
0.085000,0.009556,0.054174,-0.026143,2.209455,80.005066,0.326787,17.055986,0.706717,4.001651,0.020073,0.000000,0.000292,-0.000000
0.086000,0.009942,0.056360,-0.026595,2.265450,80.005410,0.344481,17.694285,0.706770,4.001649,0.020058,0.000000,0.000303,-0.000000
0.087000,0.010337,0.058603,-0.027047,2.321506,80.005773,0.362825,18.343512,0.826534,4.680551,0.141527,0.000000,0.000314,-0.000000
0.088000,0.010745,0.060911,-0.027497,2.386830,80.006155,0.381828,19.003637,0.826598,4.680548,0.141507,0.000000,0.000326,-0.000000
0.089000,0.011164,0.063286,-0.027944,2.452242,80.006557,0.401576,19.747275,0.826664,4.680545,0.141486,0.000000,0.000338,-0.000000
0.090000,0.011594,0.065726,-0.028390,2.517736,80.006979,0.422079,20.503817,0.826732,4.680541,0.141464,0.000000,0.000351,-0.000000
0.091000,0.012037,0.068232,-0.028834,2.583307,80.007422,0.443353,21.273213,0.826801,4.680538,0.141440,0.000000,0.000364,-0.000000
0.092000,0.012491,0.070804,-0.029275,2.648948,80.007887,0.465408,22.055416,0.826872,4.680534,0.141414,0.000000,0.000377,-0.000000
0.093000,0.012956,0.073442,-0.029715,2.714654,80.008376,0.488258,22.850383,0.826944,4.680531,0.141387,0.000000,0.000391,-0.000000
0.094000,0.013433,0.076146,-0.030153,2.780421,80.008888,0.511916,23.658073,0.827018,4.680527,0.141358,0.000000,0.000404,-0.000000
0.095000,0.013922,0.078916,-0.030589,2.846244,80.009424,0.536395,24.478451,0.827094,4.680524,0.141327,0.000000,0.000418,-0.000000
0.096000,0.014423,0.081752,-0.031022,2.912120,80.009986,0.561706,25.311483,0.827171,4.680520,0.141294,0.000000,0.000432,-0.000000
0.097000,0.014935,0.084654,-0.031454,2.978045,80.010573,0.587864,26.157135,1.013143,5.734774,0.329818,0.000000,0.000446,-0.000000
0.098000,0.015461,0.087636,-0.031881,3.058572,80.011188,0.614879,27.015378,1.013235,5.734768,0.329772,0.000000,0.000462,-0.000000
0.099000,0.016002,0.090700,-0.032304,3.139183,80.011831,0.642894,28.014922,1.013335,5.734762,0.329724,0.000000,0.000479,-0.000000
0.100000,0.016557,0.093844,-0.032722,3.219873,80.012503,0.671924,29.030133,1.013437,5.734756,0.329674,0.000000,0.000496,-0.000000
0.101000,0.017126,0.097068,-0.033135,3.300634,80.013205,0.701985,30.060951,1.013542,5.734750,0.329621,0.000000,0.000513,-0.000000
0.102000,0.017710,0.100374,-0.033543,3.381464,80.013938,0.733092,31.107321,1.013649,5.734744,0.329566,0.000000,0.000531,-0.000000
0.103000,0.018308,0.103760,-0.033947,3.462356,80.014704,0.765261,32.169192,1.013758,5.734738,0.329507,0.000000,0.000549,-0.000000
0.104000,0.018920,0.107227,-0.034346,3.543306,80.015502,0.798508,33.246515,1.013869,5.734731,0.329446,0.000000,0.000567,-0.000000
0.105000,0.019546,0.110775,-0.034741,3.624311,80.016335,0.832847,34.339245,1.013983,5.734725,0.329381,0.000000,0.000585,-0.000000
0.106000,0.020187,0.114404,-0.035131,3.705366,80.017203,0.868295,35.447339,1.014098,5.734719,0.329313,0.000000,0.000604,-0.000000
0.107000,0.020841,0.118113,-0.035516,3.786470,80.018108,0.904865,36.570755,1.014217,5.734713,0.329242,0.000000,0.000622,-0.000000
0.108000,0.021511,0.121904,-0.035897,3.867618,80.019051,0.942575,37.709453,1.200236,6.788992,0.517567,0.000000,0.000642,-0.000000
0.109000,0.022197,0.125790,-0.036270,3.963567,80.020032,0.981438,38.863394,1.200380,6.788983,0.517474,0.000000,0.000663,-0.000000
0.110000,0.022900,0.129771,-0.036637,4.059584,80.021054,1.021617,40.178451,1.200528,6.788974,0.517377,0.000000,0.000685,-0.000000
0.111000,0.023620,0.133848,-0.036995,4.155665,80.022117,1.063128,41.511722,1.200679,6.788966,0.517275,0.000000,0.000708,-0.000000
0.112000,0.024357,0.138021,-0.037347,4.251805,80.023223,1.105991,42.863145,1.200833,6.788957,0.517168,0.000000,0.000730,-0.000000
0.113000,0.025110,0.142289,-0.037691,4.348000,80.024373,1.150224,44.232658,1.200990,6.788949,0.517057,0.000000,0.000753,-0.000000
0.114000,0.025881,0.146653,-0.038028,4.444248,80.025569,1.195844,45.620202,1.201150,6.788940,0.516941,0.000000,0.000776,-0.000000
0.115000,0.026669,0.151113,-0.038358,4.540544,80.026812,1.242870,47.025723,1.201313,6.788932,0.516819,0.000000,0.000800,-0.000000
0.116000,0.027473,0.155668,-0.038680,4.636885,80.028103,1.291319,48.449163,1.201480,6.788924,0.516692,0.000000,0.000824,-0.000000
0.117000,0.028294,0.160318,-0.038995,4.733269,80.029444,1.341210,49.890469,1.387724,7.844204,0.704938,0.000000,0.000848,-0.000000
0.118000,0.029135,0.165080,-0.039301,4.844588,80.030837,1.392559,51.349587,1.387923,7.844194,0.704778,0.000000,0.000875,-0.000000
0.119000,0.029996,0.169951,-0.039596,4.955966,80.032282,1.445545,52.986250,1.388126,7.844183,0.704612,0.000000,0.000902,-0.000000
0.120000,0.030876,0.174934,-0.039881,5.067401,80.033783,1.500189,54.643602,1.388333,7.844173,0.704438,0.000000,0.000930,-0.000000
0.121000,0.031776,0.180026,-0.040157,5.178888,80.035339,1.556511,56.321565,1.388544,7.844163,0.704257,0.000000,0.000958,-0.000000
0.122000,0.032695,0.185230,-0.040422,5.290424,80.036954,1.614531,58.020061,1.388759,7.844153,0.704069,0.000000,0.000986,-0.000000
0.123000,0.033634,0.190543,-0.040678,5.402006,80.038628,1.674270,59.739013,1.388978,7.844144,0.703873,0.000000,0.001015,-0.000000
0.124000,0.034592,0.195967,-0.040924,5.513632,80.040364,1.735748,61.478345,1.389200,7.844134,0.703669,0.000000,0.001044,-0.000000
0.125000,0.035570,0.201502,-0.041159,5.625299,80.042163,1.798986,63.237981,1.389427,7.844126,0.703457,0.000000,0.001073,-0.000000
0.126000,0.036567,0.207147,-0.041385,5.737004,80.044027,1.864004,65.017844,1.389658,7.844117,0.703237,0.000000,0.001103,-0.000000
0.127000,0.037584,0.212903,-0.041601,5.848745,80.045957,1.930822,66.817856,1.389892,7.844109,0.703008,0.000000,0.001133,-0.000000
0.128000,0.038621,0.218769,-0.041807,5.960521,80.047957,1.999460,68.637940,1.576046,8.898480,0.890629,0.000000,0.001163,-0.000000
0.129000,0.039679,0.224760,-0.042001,6.087316,80.050027,2.069938,70.478017,1.576321,8.898470,0.890348,0.000000,0.001197,-0.000000
0.130000,0.040760,0.230877,-0.042182,6.214157,80.052169,2.142452,72.514000,1.576601,8.898461,0.890057,0.000000,0.001231,-0.000000
0.131000,0.041864,0.237119,-0.042350,6.341041,80.054386,2.217024,74.572689,1.576887,8.898453,0.889754,0.000000,0.001265,-0.000000
0.132000,0.042989,0.243486,-0.042506,6.467966,80.056680,2.293678,76.653977,1.577177,8.898445,0.889440,0.000000,0.001300,-0.000000
0.133000,0.044137,0.249979,-0.042650,6.594929,80.059052,2.372436,78.757754,1.577472,8.898438,0.889115,0.000000,0.001335,-0.000000
0.134000,0.045306,0.256597,-0.042780,6.721928,80.061506,2.453320,80.883909,1.577772,8.898431,0.888777,0.000000,0.001371,-0.000000
0.135000,0.046499,0.263341,-0.042899,6.848961,80.064042,2.536352,83.032329,1.578077,8.898425,0.888427,0.000000,0.001407,-0.000000
0.136000,0.047713,0.270209,-0.043005,6.976027,80.066664,2.621555,85.202898,1.708553,9.636624,1.019339,0.000000,0.001443,-0.000000
0.137000,0.048951,0.277214,-0.043096,7.113656,80.069373,2.708951,87.395497,1.708894,9.636619,1.018932,0.000000,0.001481,-0.000000
0.138000,0.050214,0.284354,-0.043173,7.251323,80.072171,2.798692,89.741345,1.709241,9.636614,1.018511,0.000000,0.001521,-0.000000
0.139000,0.051500,0.291630,-0.043236,7.389025,80.075062,2.890803,92.110933,1.709594,9.636611,1.018074,0.000000,0.001560,-0.000000
0.140000,0.052811,0.299041,-0.043284,7.526760,80.078047,2.985307,94.504116,1.709953,9.636608,1.017623,0.000000,0.001600,-0.000000
0.141000,0.054145,0.306589,-0.043319,7.664527,80.081130,3.082228,96.920744,1.710318,9.636606,1.017156,0.000000,0.001640,-0.000000
0.142000,0.055504,0.314272,-0.043338,7.802324,80.084311,3.181589,99.360661,1.710688,9.636606,1.016673,0.000000,0.001681,-0.000000
0.143000,0.056887,0.322091,-0.043344,7.940150,80.087595,3.283412,101.823709,1.711064,9.636607,1.016173,0.000000,0.001722,-0.000000
0.144000,0.058294,0.330045,-0.043335,8.078003,80.090982,3.387722,104.309726,1.845556,10.397180,1.150570,0.000000,0.001763,-0.000000
0.145000,0.059727,0.338148,-0.043310,8.228890,80.094481,3.498746,111.024145,1.845980,10.397181,1.159800,0.000000,0.001862,-0.000000
0.146000,0.061187,0.346400,-0.043268,8.379810,80.098094,3.612580,113.833393,1.846411,10.397184,1.159204,0.000000,0.001908,-0.000000
0.147000,0.062673,0.354800,-0.043209,8.530761,80.101823,3.729248,116.668327,1.846849,10.397188,1.158587,0.000000,0.001955,-0.000000
0.148000,0.064185,0.363349,-0.043134,8.681741,80.105672,3.848777,119.528721,1.847294,10.397194,1.157949,0.000000,0.002002,-0.000000
0.149000,0.065724,0.372046,-0.043042,8.832749,80.109643,3.971191,122.414344,1.847746,10.397201,1.157290,0.000000,0.002050,-0.000000
0.150000,0.067289,0.380892,-0.042934,8.983784,80.113739,4.096516,125.324954,1.848204,10.397211,1.156608,0.000000,0.002098,-0.000000
0.151000,0.068881,0.389886,-0.042809,9.134844,80.117964,4.224776,128.260305,1.848670,10.397222,1.155904,0.000000,0.002147,-0.000000
0.152000,0.070499,0.399029,-0.042668,9.285927,80.122320,4.355996,131.220141,1.849143,10.397236,1.155177,0.000000,0.002195,-0.000000
0.153000,0.072143,0.408320,-0.042510,9.437034,80.126810,4.490201,134.204198,1.849622,10.397251,1.154426,0.000000,0.002245,-0.000000
0.154000,0.073814,0.417760,-0.042336,9.588163,80.131438,4.627413,137.212202,1.850108,10.397269,1.153651,0.000000,0.002294,-0.000000
0.155000,0.075511,0.427348,-0.042146,9.739313,80.136205,4.767657,140.243872,1.984729,11.157966,1.287155,0.000000,0.002344,-0.000000
0.156000,0.077237,0.437096,-0.041936,9.901555,80.141116,4.910956,143.298917,1.985266,11.157989,1.286269,0.000000,0.002397,-0.000000
0.157000,0.078991,0.447003,-0.041709,10.063821,80.146174,5.057495,146.539691,1.985811,11.158014,1.285355,0.000000,0.002451,-0.000000
0.158000,0.080773,0.457070,-0.041463,10.226110,80.151381,5.207300,149.805130,1.986364,11.158043,1.284412,0.000000,0.002504,-0.000000
0.159000,0.082584,0.467296,-0.041199,10.388421,80.156742,5.360395,153.094882,1.986924,11.158074,1.283441,0.000000,0.002559,-0.000000
0.160000,0.084423,0.477681,-0.040917,10.550753,80.162258,5.516804,156.408584,1.987492,11.158108,1.282439,0.000000,0.002613,-0.000000
0.161000,0.086291,0.488226,-0.040616,10.713105,80.167935,5.676550,159.745860,1.988069,11.158145,1.281408,0.000000,0.002668,-0.000000
0.162000,0.088187,0.498930,-0.040297,10.875476,80.173775,5.839656,163.106321,1.988653,11.158185,1.280345,0.000000,0.002724,-0.000000
0.163000,0.090111,0.509794,-0.039959,11.037866,80.179781,6.006146,166.489567,1.989245,11.158228,1.279250,0.000000,0.002779,-0.000000
0.164000,0.092064,0.520817,-0.039603,11.200273,80.185957,6.176041,169.895184,1.989845,11.158275,1.278123,0.000000,0.002835,-0.000000
0.165000,0.094045,0.531999,-0.039230,11.362698,80.192306,6.349363,173.322745,2.124433,11.918159,1.410340,0.000000,0.002892,-0.000000
0.166000,0.096057,0.543352,-0.038835,11.536219,80.198832,6.526135,176.771808,2.125091,11.918215,1.409064,0.000000,0.002951,-0.000000
0.167000,0.098099,0.554875,-0.038421,11.709760,80.205539,6.706549,180.414171,2.125757,11.918275,1.407751,0.000000,0.003011,-0.000001
0.168000,0.100171,0.566568,-0.037987,11.883319,80.212429,6.890628,184.078834,2.126433,11.918338,1.406401,0.000000,0.003072,-0.000001
0.169000,0.102273,0.578431,-0.037532,12.056897,80.219508,7.078394,187.765271,2.127118,11.918406,1.405012,0.000000,0.003132,-0.000001
0.170000,0.104407,0.590465,-0.037058,12.230491,80.226778,7.269867,191.472939,2.127812,11.918477,1.403585,0.000000,0.003193,-0.000001
0.171000,0.106570,0.602669,-0.036563,12.404102,80.234243,7.465068,195.201277,2.128515,11.918553,1.402117,0.000000,0.003255,-0.000001
0.172000,0.108764,0.615043,-0.036049,12.577729,80.241907,7.664017,198.949707,2.129227,11.918634,1.400608,0.000000,0.003316,-0.000001
0.173000,0.110988,0.627588,-0.035514,12.751371,80.249774,7.866735,202.717634,2.129948,11.918718,1.399058,0.000000,0.003378,-0.000001
0.174000,0.113243,0.640302,-0.034960,12.925027,80.257847,8.073240,206.504443,2.255442,12.626379,1.520823,0.000000,0.003441,-0.000001
0.175000,0.115530,0.653198,-0.034383,13.109030,80.266130,8.283549,210.309502,2.256224,12.626478,1.519090,0.000000,0.003506,-0.000001
0.176000,0.117849,0.666273,-0.033785,13.293049,80.274628,8.497849,214.300208,2.257017,12.626581,1.517310,0.000000,0.003571,-0.000001
0.177000,0.120200,0.679529,-0.033166,13.477084,80.283344,8.716159,218.309246,2.257820,12.626690,1.515483,0.000000,0.003637,-0.000001
0.178000,0.122584,0.692965,-0.032524,13.661134,80.292283,8.938494,222.335871,2.258633,12.626803,1.513608,0.000000,0.003703,-0.000001
0.179000,0.125000,0.706582,-0.031861,13.845199,80.301448,9.164874,226.379318,2.259456,12.626922,1.511683,0.000000,0.003770,-0.000001
0.180000,0.127448,0.720379,-0.031177,14.029279,80.310843,9.395313,230.438799,2.260289,12.627047,1.509708,0.000000,0.003837,-0.000001
0.181000,0.129928,0.734356,-0.030471,14.213372,80.320473,9.629826,234.513503,2.261133,12.627178,1.507683,0.000000,0.003904,-0.000001
0.182000,0.132441,0.748514,-0.029743,14.397478,80.330341,9.868429,238.602594,2.261986,12.627314,1.505605,0.000000,0.003971,-0.000001
0.183000,0.134986,0.762852,-0.028994,14.581597,80.340452,10.111134,242.705213,2.371382,13.242972,1.609855,0.000000,0.004038,-0.000001
0.184000,0.137565,0.777380,-0.028222,14.774725,80.350810,10.357954,246.820476,2.372298,13.243126,1.607563,0.000000,0.004108,-0.000001
0.185000,0.140178,0.792096,-0.027427,14.967867,80.361419,10.609054,251.099717,2.373225,13.243287,1.605214,0.000000,0.004178,-0.000001
0.186000,0.142825,0.807002,-0.026609,15.161023,80.372284,10.864445,255.390754,2.374163,13.243454,1.602807,0.000000,0.004249,-0.000001
0.187000,0.145505,0.822097,-0.025768,15.354191,80.383408,11.124137,259.692569,2.375113,13.243628,1.600340,0.000000,0.004319,-0.000001
0.188000,0.148220,0.837381,-0.024904,15.547372,80.394796,11.388141,264.004116,2.376073,13.243809,1.597813,0.000000,0.004390,-0.000001
0.189000,0.150968,0.852855,-0.024017,15.740566,80.406453,11.656466,268.324317,2.377045,13.243997,1.595224,0.000000,0.004461,-0.000001
0.190000,0.153751,0.868517,-0.023108,15.933772,80.418382,11.929118,272.652069,2.453367,13.671462,1.665812,0.000000,0.004532,-0.000001
0.191000,0.156568,0.884375,-0.022174,16.133238,80.430588,12.206104,276.986235,2.454392,13.671670,1.663009,0.000000,0.004604,-0.000001
0.192000,0.159421,0.900428,-0.021218,16.332716,80.443075,12.487538,281.434241,2.455430,13.671885,1.660140,0.000000,0.004677,-0.000001
0.193000,0.162309,0.916677,-0.020237,16.532206,80.455849,12.773425,285.886836,2.456480,13.672108,1.657203,0.000000,0.004750,-0.000001
0.194000,0.165232,0.933121,-0.019232,16.731708,80.468913,13.063768,290.342746,2.457541,13.672339,1.654198,0.000000,0.004823,-0.000001
0.195000,0.168189,0.949760,-0.018204,16.931222,80.482271,13.358569,294.800659,2.458614,13.672578,1.651122,0.000000,0.004896,-0.000001
0.196000,0.171182,0.966594,-0.017153,17.130747,80.495929,13.657828,299.259231,2.280385,12.655884,1.475098,0.000000,0.004969,-0.000002
0.197000,0.174208,0.983609,-0.016080,17.315406,80.509891,13.961545,303.717084,2.281400,12.656123,1.472119,0.000000,0.005038,-0.000002
0.198000,0.177266,1.000805,-0.014986,17.500074,80.524160,14.269454,307.909157,2.282425,12.656369,1.469072,0.000000,0.005106,-0.000002
0.199000,0.180357,1.018182,-0.013872,17.684750,80.538742,14.581551,312.096745,2.283461,12.656624,1.465957,0.000000,0.005175,-0.000002
0.200000,0.183480,1.035740,-0.012736,17.869435,80.553639,14.897829,316.278495,2.284507,12.656887,1.462772,0.000000,0.005243,-0.000002
0.201000,0.186636,1.053478,-0.011580,18.054127,80.568858,15.218282,320.453025,2.285563,12.657159,1.459516,0.000000,0.005311,-0.000002
0.202000,0.189825,1.071398,-0.010402,18.238828,80.584401,15.542901,324.618920,2.121145,11.718931,1.298157,0.000000,0.005379,-0.000002
0.203000,0.193044,1.089484,-0.009206,18.409805,80.600272,15.871676,328.774736,2.122143,11.719200,1.295010,0.000000,0.005443,-0.000002
0.204000,0.196293,1.107738,-0.007992,18.580788,80.616477,16.204348,332.671639,2.123149,11.719478,1.291795,0.000000,0.005507,-0.000002
0.205000,0.199573,1.126160,-0.006759,18.751777,80.633017,16.540903,336.555030,2.124164,11.719765,1.288511,0.000000,0.005570,-0.000002
0.206000,0.202883,1.144749,-0.005508,18.922773,80.649899,16.881326,340.423500,2.125188,11.720059,1.285157,0.000000,0.005633,-0.000002
0.207000,0.206223,1.163505,-0.004238,19.093775,80.667124,17.225602,344.275617,2.018100,11.107175,1.179404,0.000000,0.005696,-0.000002
0.208000,0.209593,1.182420,-0.002952,19.255810,80.684698,17.573712,348.109918,2.019088,11.107472,1.176092,0.000000,0.005756,-0.000002
0.209000,0.212991,1.201494,-0.001648,19.417850,80.702624,17.925473,351.761505,2.020084,11.107778,1.172711,0.000000,0.005815,-0.000002
0.210000,0.216417,1.220727,-0.000328,19.579896,80.720904,18.280865,355.392204,2.021088,11.108092,1.169262,0.000000,0.005874,-0.000002
0.211000,0.219873,1.240118,0.001008,19.741947,80.739544,18.639866,359.000564,2.022100,11.108415,1.165743,0.000000,0.005933,-0.000002
0.212000,0.223358,1.259668,0.002362,19.904004,80.758547,19.002451,362.585070,2.023121,11.108746,1.162153,0.000000,0.005991,-0.000002
0.213000,0.226871,1.279376,0.003732,20.066066,80.777915,19.368595,366.144243,1.831321,10.015497,0.978198,0.000000,0.006049,-0.000003
0.214000,0.230411,1.299230,0.005116,20.214257,80.797668,19.752949,384.353493,1.832268,10.015812,0.984639,0.000000,0.006285,-0.000003
0.215000,0.233978,1.319229,0.006515,20.362452,80.817809,20.140678,387.729393,1.833223,10.016134,0.981206,0.000000,0.006339,-0.000003
0.216000,0.237571,1.339372,0.007928,20.510652,80.838341,20.531751,391.073347,1.834184,10.016465,0.977704,0.000000,0.006392,-0.000003
0.217000,0.241191,1.359662,0.009355,20.658856,80.859267,20.926135,394.383804,1.835153,10.016805,0.974132,0.000000,0.006446,-0.000003
0.218000,0.244837,1.380096,0.010796,20.807065,80.880591,21.323794,397.659188,1.836129,10.017153,0.970491,0.000000,0.006498,-0.000003
0.219000,0.248510,1.400675,0.012251,20.955278,80.902315,21.724692,400.897900,1.837112,10.017510,0.966780,0.000000,0.006550,-0.000003
0.220000,0.252210,1.421400,0.013720,21.103496,80.924444,22.128791,404.098319,1.548825,8.377303,0.696895,0.000000,0.006601,-0.000003
0.221000,0.255932,1.442246,0.015199,21.227365,80.946980,22.536049,407.258801,1.549659,8.377622,0.693672,0.000000,0.006644,-0.000003
0.222000,0.259677,1.463214,0.016689,21.351238,80.969926,22.945958,409.908909,1.550499,8.377948,0.690390,0.000000,0.006687,-0.000003
0.223000,0.263444,1.484303,0.018188,21.475114,80.993285,23.358476,412.517501,1.551344,8.378282,0.687046,0.000000,0.006728,-0.000003
0.224000,0.267233,1.505513,0.019697,21.598994,81.017058,23.773559,415.083186,1.552194,8.378623,0.683641,0.000000,0.006769,-0.000004
0.225000,0.271045,1.526845,0.021216,21.722877,81.041249,24.191164,417.604564,1.553049,8.378972,0.680175,0.000000,0.006810,-0.000004
0.226000,0.274880,1.548298,0.022745,21.846764,81.065861,24.611244,420.080216,1.553909,8.379329,0.676646,0.000000,0.006849,-0.000004
0.227000,0.278737,1.569873,0.024284,21.970655,81.090894,25.033753,422.508712,1.554775,8.379692,0.673056,0.000000,0.006888,-0.000004
0.228000,0.282616,1.591569,0.025833,22.094550,81.116353,25.458641,424.888607,1.340675,7.160902,0.475904,0.000000,0.006925,-0.000004
0.229000,0.286515,1.613368,0.027388,22.200355,81.142239,25.885860,427.218443,1.341424,7.161232,0.472728,0.000000,0.006957,-0.000004
0.230000,0.290433,1.635272,0.028951,22.306163,81.168554,26.315008,429.148204,1.342177,7.161568,0.469499,0.000000,0.006987,-0.000004
0.231000,0.294371,1.657280,0.030520,22.411975,81.195300,26.746035,431.027244,1.342934,7.161910,0.466215,0.000000,0.007017,-0.000004
0.232000,0.298329,1.679391,0.032096,22.517790,81.222479,27.178889,432.854318,1.343696,7.162259,0.462876,0.000000,0.007046,-0.000004
0.233000,0.302305,1.701606,0.033679,22.623608,81.250092,27.613518,434.628173,1.344461,7.162614,0.459483,0.000000,0.007074,-0.000004
0.234000,0.306302,1.723925,0.035268,22.729431,81.278142,28.049865,436.347546,1.345230,7.162976,0.456034,0.000000,0.007101,-0.000004
0.235000,0.310317,1.746347,0.036864,22.835257,81.306630,28.487876,438.011169,1.346003,7.163344,0.452530,0.000000,0.007127,-0.000004
0.236000,0.314353,1.768874,0.038466,22.941086,81.335558,28.927494,439.617767,1.239145,6.553291,0.354515,0.000000,0.007152,-0.000005
0.237000,0.318406,1.791495,0.040074,23.037863,81.364926,29.368660,441.166057,1.239860,6.553642,0.351207,0.000000,0.007173,-0.000005
0.238000,0.322477,1.814212,0.041687,23.134643,81.394737,29.811142,442.481486,1.240578,6.554000,0.347849,0.000000,0.007194,-0.000005
0.239000,0.326566,1.837023,0.043304,23.231427,81.424992,30.254879,443.737683,1.241300,6.554363,0.344439,0.000000,0.007213,-0.000005
0.240000,0.330674,1.859930,0.044927,23.328215,81.455692,30.699813,444.933479,1.242024,6.554732,0.340978,0.000000,0.007232,-0.000005
0.241000,0.334799,1.882931,0.046555,23.425006,81.486838,31.145880,446.067698,1.242753,6.555106,0.337465,0.000000,0.007249,-0.000005
0.242000,0.338942,1.906027,0.048187,23.521801,81.518431,31.593020,447.139166,1.243484,6.555486,0.333900,0.000000,0.007266,-0.000005
0.243000,0.343103,1.929219,0.049825,23.618600,81.550472,32.041166,448.146701,1.244219,6.555872,0.330283,0.000000,0.007281,-0.000005
0.244000,0.347282,1.952505,0.051467,23.715404,81.582962,32.490255,449.089120,1.244958,6.556263,0.326614,0.000000,0.007295,-0.000005
0.245000,0.351480,1.975887,0.053114,23.812211,81.615903,32.940221,449.965238,1.142109,5.969166,0.234971,0.000000,0.007309,-0.000005
0.246000,0.355693,1.999355,0.054764,23.900309,81.649294,33.390995,450.773866,1.142787,5.969536,0.231536,0.000000,0.007318,-0.000005
0.247000,0.359924,2.022909,0.056418,23.988410,81.683136,33.842345,451.350039,1.143469,5.969910,0.228053,0.000000,0.007326,-0.000006
0.248000,0.364171,2.046550,0.058075,24.076516,81.717430,34.294203,451.858526,1.144153,5.970290,0.224522,0.000000,0.007334,-0.000006
0.249000,0.368434,2.070278,0.059735,24.164626,81.752177,34.746501,452.298267,1.144840,5.970674,0.220944,0.000000,0.007340,-0.000006
0.250000,0.372715,2.094092,0.061398,24.252740,81.787376,35.199170,452.668203,1.145530,5.971062,0.217317,0.000000,0.007345,-0.000006
0.251000,0.377011,2.117992,0.063065,24.340858,81.823028,35.652137,452.967278,1.146223,5.971455,0.213643,0.000000,0.007348,-0.000006
0.252000,0.381325,2.141979,0.064735,24.428980,81.859133,36.105331,453.194435,1.146918,5.971853,0.209921,0.000000,0.007351,-0.000006
0.253000,0.385655,2.166053,0.066407,24.517106,81.895692,36.558680,453.348619,1.125612,5.847458,0.188106,0.000000,0.007352,-0.000006
0.254000,0.390001,2.190211,0.068083,24.603386,81.932704,37.012109,453.428778,1.126298,5.847857,0.184367,0.000000,0.007352,-0.000006
0.255000,0.394364,2.214455,0.069761,24.689671,81.970170,37.465509,453.399954,1.126987,5.848260,0.180582,0.000000,0.007350,-0.000006
0.256000,0.398742,2.238783,0.071442,24.775960,82.008088,37.918804,453.295585,1.127679,5.848667,0.176749,0.000000,0.007348,-0.000006
0.257000,0.403138,2.263195,0.073125,24.862253,82.046460,38.371919,453.114655,1.128373,5.849078,0.172870,0.000000,0.007343,-0.000007
0.258000,0.407549,2.287693,0.074811,24.948550,82.085285,38.824775,452.856153,1.129070,5.849493,0.168943,0.000000,0.007338,-0.000007
0.259000,0.411977,2.312275,0.076499,25.034852,82.124562,39.277294,452.519073,1.129769,5.849911,0.164970,0.000000,0.007331,-0.000007
0.260000,0.416422,2.336942,0.078190,25.121158,82.164292,39.729397,452.102409,1.130471,5.850334,0.160949,0.000000,0.007323,-0.000007
0.261000,0.420883,2.361694,0.079883,25.207468,82.204473,40.181002,451.605165,1.131175,5.850760,0.156882,0.000000,0.007314,-0.000007
0.262000,0.425360,2.386530,0.081578,25.293783,82.245105,40.632028,451.026348,1.109686,5.725311,0.135361,0.000000,0.007304,-0.000007
0.263000,0.429853,2.411450,0.083275,25.378237,82.286187,41.082393,450.364969,1.110381,5.725735,0.131290,0.000000,0.007291,-0.000007
0.264000,0.434362,2.436452,0.084974,25.462696,82.327719,41.531980,449.587223,1.111077,5.726163,0.127173,0.000000,0.007277,-0.000007
0.265000,0.438888,2.461538,0.086675,25.547159,82.369700,41.980706,448.725679,1.111776,5.726594,0.123010,0.000000,0.007262,-0.000007
0.266000,0.443429,2.486707,0.088378,25.631627,82.412128,42.428485,447.779398,1.112478,5.727028,0.118802,0.000000,0.007245,-0.000007
0.267000,0.447987,2.511958,0.090082,25.716099,82.455004,42.875233,446.747452,1.113181,5.727465,0.114548,0.000000,0.007227,-0.000008
0.268000,0.452561,2.537293,0.091789,25.800576,82.498324,43.320862,445.628917,1.113887,5.727905,0.110249,0.000000,0.007208,-0.000008
0.269000,0.457151,2.562710,0.093496,25.885057,82.542090,43.765285,444.422881,1.114596,5.728348,0.105905,0.000000,0.007187,-0.000008
0.270000,0.461757,2.588211,0.095206,25.969544,82.586298,44.208413,443.128439,1.092576,5.599885,0.084483,0.000000,0.007165,-0.000008
0.271000,0.466379,2.613792,0.096916,26.052125,82.630948,44.650158,441.744694,1.093273,5.600324,0.080148,0.000000,0.007140,-0.000008
0.272000,0.471017,2.639455,0.098628,26.134711,82.676039,45.090396,440.238754,1.093972,5.600765,0.075770,0.000000,0.007115,-0.000008
0.273000,0.475670,2.665199,0.100340,26.217302,82.721568,45.529039,438.642612,1.094674,5.601208,0.071347,0.000000,0.007087,-0.000008
0.274000,0.480340,2.691025,0.102054,26.299898,82.767534,45.965994,436.955435,1.095377,5.601653,0.066882,0.000000,0.007059,-0.000008
0.275000,0.485025,2.716931,0.103769,26.382498,82.813935,46.401171,435.176399,1.096082,5.602101,0.062372,0.000000,0.007029,-0.000008
0.276000,0.489726,2.742919,0.105485,26.465104,82.860769,46.834476,433.304695,1.096790,5.602550,0.057820,0.000000,0.006997,-0.000009
0.277000,0.494443,2.768988,0.107201,26.547713,82.908035,47.265815,431.339523,1.097499,5.603001,0.053225,0.000000,0.006964,-0.000009
0.278000,0.499177,2.795138,0.108918,26.630328,82.955730,47.695095,429.280097,1.098211,5.603454,0.048586,0.000000,0.006929,-0.000009
0.279000,0.503926,2.821369,0.110636,26.712947,83.003852,48.122221,427.125643,1.075484,5.470972,0.027341,0.000000,0.006892,-0.000009
0.280000,0.508690,2.847679,0.112355,26.793604,83.052400,48.547096,424.875402,1.076182,5.471418,0.022729,0.000000,0.006854,-0.000009
0.281000,0.513470,2.874069,0.114073,26.874265,83.101369,48.969594,422.497903,1.076883,5.471865,0.018077,0.000000,0.006814,-0.000009
0.282000,0.518266,2.900538,0.115792,26.954931,83.150759,49.389618,420.024175,1.077585,5.472314,0.013384,0.000000,0.006772,-0.000009
0.283000,0.523077,2.927087,0.117511,27.035602,83.200566,49.807072,417.453535,1.078290,5.472763,0.008649,0.000000,0.006729,-0.000009
0.284000,0.527904,2.953714,0.119231,27.116278,83.250788,50.221857,414.785313,1.078996,5.473213,0.003875,0.000000,0.006685,-0.000009
0.285000,0.532747,2.980421,0.120950,27.196959,83.301422,50.633876,412.018858,1.079703,5.473664,-0.000940,0.000000,0.006638,-0.000009
0.286000,0.537605,3.007208,0.122669,27.277644,83.352465,51.043030,409.153533,1.080413,5.474116,-0.005794,0.000000,0.006590,-0.000010
0.287000,0.542479,3.034074,0.124389,27.358334,83.403914,51.449218,406.188717,1.081124,5.474568,-0.010689,0.000000,0.006541,-0.000010
0.288000,0.547369,3.061019,0.126108,27.439029,83.455766,51.852342,403.123808,1.058202,5.340981,-0.031236,0.000000,0.006490,-0.000010
0.289000,0.552274,3.088041,0.127826,27.517747,83.508018,52.252300,399.958221,1.058900,5.341424,-0.036087,0.000000,0.006436,-0.000010
0.290000,0.557194,3.115141,0.129544,27.596469,83.560667,52.648963,396.663160,1.059599,5.341867,-0.040976,0.000000,0.006381,-0.000010
0.291000,0.562130,3.142318,0.131262,27.675195,83.613710,53.042231,393.267501,1.060299,5.342310,-0.045902,0.000000,0.006325,-0.000010
0.292000,0.567081,3.169573,0.132979,27.753927,83.667142,53.432002,389.770747,1.061001,5.342753,-0.050866,0.000000,0.006267,-0.000010
0.293000,0.572047,3.196905,0.134695,27.832664,83.720960,53.818174,386.172423,1.061705,5.343196,-0.055866,0.000000,0.006207,-0.000010
0.294000,0.577029,3.224315,0.136410,27.911405,83.775160,54.200646,382.472072,1.062410,5.343638,-0.060903,0.000000,0.006145,-0.000010
0.295000,0.582026,3.251802,0.138125,27.990151,83.829740,54.579315,378.669257,1.063116,5.344079,-0.065976,0.000000,0.006082,-0.000010
0.296000,0.587039,3.279366,0.139838,28.068902,83.884694,54.954079,374.763566,1.063824,5.344520,-0.071085,0.000000,0.006017,-0.000011
0.297000,0.592067,3.307008,0.141550,28.147658,83.940019,55.324834,370.754603,1.064533,5.344960,-0.076229,0.000000,0.005951,-0.000011
0.298000,0.597110,3.334728,0.143262,28.226419,83.995710,55.691476,366.641998,1.052292,5.271944,-0.089253,0.000000,0.005883,-0.000011
0.299000,0.602169,3.362524,0.144972,28.304099,84.051764,56.053901,362.425403,1.052995,5.272377,-0.094395,0.000000,0.005812,-0.000011
0.300000,0.607243,3.390396,0.146680,28.381784,84.108176,56.411992,358.090978,1.053698,5.272808,-0.099571,0.000000,0.005741,-0.000011
0.301000,0.612332,3.418344,0.148388,28.459473,84.164942,56.765645,353.652676,1.054403,5.273238,-0.104780,0.000000,0.005667,-0.000011
0.302000,0.617437,3.446369,0.150093,28.537167,84.222056,57.114755,349.110236,1.055110,5.273667,-0.110022,0.000000,0.005592,-0.000011
0.303000,0.622557,3.474471,0.151797,28.614866,84.279516,57.459218,344.463422,1.055817,5.274094,-0.115297,0.000000,0.005515,-0.000011
0.304000,0.627692,3.502649,0.153500,28.692570,84.337315,57.798930,339.712023,1.056526,5.274519,-0.120603,0.000000,0.005437,-0.000011
0.305000,0.632842,3.530903,0.155201,28.770279,84.395448,58.133786,334.855851,1.057236,5.274942,-0.125941,0.000000,0.005356,-0.000011
0.306000,0.638008,3.559234,0.156899,28.847992,84.453912,58.463681,329.894746,1.057947,5.275363,-0.131311,0.000000,0.005274,-0.000012
0.307000,0.643189,3.587641,0.158596,28.925710,84.512701,58.788510,324.828573,1.058659,5.275783,-0.136711,0.000000,0.005191,-0.000012
0.308000,0.648385,3.616125,0.160291,29.003433,84.571809,59.108167,319.657225,1.059373,5.276199,-0.142141,0.000000,0.005105,-0.000012
0.309000,0.653597,3.644685,0.161984,29.081161,84.631231,59.422547,314.380621,1.045565,5.194253,-0.155460,0.000000,0.005018,-0.000012
0.310000,0.658824,3.673321,0.163675,29.157677,84.690963,59.731546,308.998710,1.046269,5.194659,-0.160863,0.000000,0.004929,-0.000012
0.311000,0.664066,3.702032,0.165363,29.234197,84.750998,60.035045,303.499096,1.046975,5.195063,-0.166295,0.000000,0.004838,-0.000012
0.312000,0.669323,3.730818,0.167049,29.310722,84.811331,60.332940,297.895089,1.047681,5.195464,-0.171754,0.000000,0.004746,-0.000012
0.313000,0.674596,3.759679,0.168733,29.387252,84.871956,60.625127,292.186738,1.048389,5.195862,-0.177241,0.000000,0.004652,-0.000012
0.314000,0.679883,3.788616,0.170413,29.463787,84.932867,60.911501,286.374126,1.049097,5.196257,-0.182754,0.000000,0.004556,-0.000012
0.315000,0.685186,3.817628,0.172092,29.540326,84.994059,61.191958,280.457362,1.049806,5.196649,-0.188293,0.000000,0.004459,-0.000012
0.316000,0.690504,3.846715,0.173767,29.616870,85.055526,61.466395,274.436587,1.050517,5.197037,-0.193858,0.000000,0.004360,-0.000013
0.317000,0.695838,3.875878,0.175440,29.693418,85.117261,61.734707,268.311974,1.051228,5.197422,-0.199448,0.000000,0.004259,-0.000013
0.318000,0.701186,3.905115,0.177110,29.769971,85.179257,61.996791,262.083724,1.051940,5.197804,-0.205062,0.000000,0.004156,-0.000013
0.319000,0.706550,3.934429,0.178776,29.846528,85.241510,62.252543,255.752072,1.052652,5.198182,-0.210700,0.000000,0.004052,-0.000013
0.320000,0.711929,3.963817,0.180440,29.923090,85.304012,62.501860,249.317286,1.053366,5.198556,-0.216361,0.000000,0.003946,-0.000013
0.321000,0.717323,3.993281,0.182101,29.999657,85.366756,62.744640,242.779664,1.054080,5.198926,-0.222045,0.000000,0.003839,-0.000013
0.322000,0.722733,4.022821,0.183758,30.076228,85.429737,62.980779,236.139538,1.036274,5.094253,-0.236277,0.000000,0.003730,-0.000013
0.323000,0.728157,4.052434,0.185412,30.151253,85.492947,63.210177,229.397275,1.036976,5.094609,-0.241889,0.000000,0.003619,-0.000013
0.324000,0.733597,4.082121,0.187063,30.226283,85.556380,63.432719,222.542278,1.037678,5.094962,-0.247521,0.000000,0.003506,-0.000013
0.325000,0.739052,4.111881,0.188710,30.301317,85.620028,63.648306,215.587304,1.038381,5.095309,-0.253173,0.000000,0.003392,-0.000013
0.326000,0.744521,4.141716,0.190353,30.376355,85.683885,63.856839,208.532843,1.039085,5.095653,-0.258844,0.000000,0.003276,-0.000013
0.327000,0.750006,4.171624,0.191992,30.451398,85.747943,64.058218,201.379417,1.039789,5.095992,-0.264533,0.000000,0.003159,-0.000013
0.328000,0.755506,4.201607,0.193628,30.526445,85.812196,64.252346,194.127584,1.040494,5.096326,-0.270240,0.000000,0.003040,-0.000013
0.329000,0.761021,4.231663,0.195260,30.601496,85.876635,64.439124,186.777936,1.041199,5.096656,-0.275964,0.000000,0.002919,-0.000014
0.330000,0.766551,4.261793,0.196887,30.676552,85.941253,64.618455,179.331102,1.041905,5.096981,-0.281705,0.000000,0.002797,-0.000014
0.331000,0.772096,4.291997,0.198511,30.751612,85.943669,64.790243,171.787748,1.042538,5.096881,-0.281800,0.000000,0.002845,-0.000014
0.332000,0.777656,4.322275,0.200130,30.826674,85.943669,64.965030,174.787210,1.043169,5.096764,-0.281675,0.000000,0.002901,-0.000014
0.333000,0.783231,4.352626,0.201746,30.901738,85.943669,65.143242,178.211871,1.043801,5.096647,-0.281549,0.000000,0.002957,-0.000014
0.334000,0.788822,4.383052,0.203357,30.976805,85.943669,65.324893,181.650667,1.044434,5.096530,-0.281424,0.000000,0.003013,-0.000014
0.335000,0.794427,4.413551,0.204965,31.051874,85.943669,65.509996,185.103592,1.045069,5.096412,-0.281298,0.000000,0.003069,-0.000014
0.336000,0.800048,4.444125,0.206568,31.126945,85.943669,65.698567,188.570643,1.045705,5.096295,-0.281171,0.000000,0.003126,-0.000014
0.337000,0.805684,4.474772,0.208167,31.202018,85.943669,65.890619,192.051815,1.046343,5.096177,-0.281045,0.000000,0.003182,-0.000014
0.338000,0.811335,4.505493,0.209762,31.277094,85.943669,66.086166,195.547105,1.046982,5.096059,-0.280918,0.000000,0.003239,-0.000014
0.339000,0.817001,4.536288,0.211353,31.352172,85.943669,66.285222,199.056508,1.047622,5.095941,-0.280791,0.000000,0.003296,-0.000014
0.340000,0.822683,4.567156,0.212940,31.427251,85.943669,66.487802,202.580020,1.020203,4.936684,-0.292122,0.000000,0.003354,-0.000014
0.341000,0.828379,4.598097,0.214523,31.501063,85.943669,66.702156,214.353632,1.020835,4.936568,-0.282190,0.000000,0.003513,-0.000015
0.342000,0.834091,4.629111,0.216101,31.574877,85.943669,66.920193,218.036648,1.021469,4.936452,-0.282063,0.000000,0.003572,-0.000015
0.343000,0.839817,4.660198,0.217676,31.648693,85.943669,67.141927,221.734052,1.022103,4.936336,-0.281936,0.000000,0.003632,-0.000015
0.344000,0.845558,4.691357,0.219246,31.722511,85.943669,67.367372,225.445841,1.022739,4.936219,-0.281809,0.000000,0.003692,-0.000016
0.345000,0.851315,4.722589,0.220813,31.796331,85.943669,67.596544,229.172010,1.023376,4.936103,-0.281682,0.000000,0.003752,-0.000016
0.346000,0.857087,4.753893,0.222375,31.870153,85.943669,67.829457,232.912555,1.024015,4.935986,-0.281554,0.000000,0.003812,-0.000016
0.347000,0.862873,4.785270,0.223932,31.943977,85.943669,68.066124,236.667471,1.024655,4.935870,-0.281426,0.000000,0.003873,-0.000016
0.348000,0.868675,4.816719,0.225486,32.017804,85.943669,68.306561,240.436753,1.025296,4.935753,-0.281298,0.000000,0.003934,-0.000016
0.349000,0.874492,4.848241,0.227036,32.091632,85.943669,68.550782,244.220397,1.025938,4.935635,-0.281169,0.000000,0.003995,-0.000016
0.350000,0.880323,4.879836,0.228581,32.165463,85.943669,68.798800,248.018399,1.026582,4.935518,-0.281040,0.000000,0.004056,-0.000016
0.351000,0.886170,4.911503,0.230123,32.239295,85.943669,69.050631,251.830754,1.027227,4.935401,-0.280910,0.000000,0.004118,-0.000016
0.352000,0.892032,4.943243,0.231660,32.313130,85.943669,69.306288,255.657457,1.027873,4.935283,-0.280781,0.000000,0.004179,-0.000016
0.353000,0.897910,4.975055,0.233193,32.386966,85.943669,69.565787,259.498505,1.028521,4.935165,-0.280651,0.000000,0.004241,-0.000016
0.354000,0.903802,5.006940,0.234722,32.460805,85.943669,69.829141,263.353891,1.029170,4.935047,-0.280520,0.000000,0.004303,-0.000017
0.355000,0.909709,5.038897,0.236247,32.534645,85.943669,70.096364,267.223613,1.029820,4.934929,-0.280390,0.000000,0.004366,-0.000017
0.356000,0.915632,5.070927,0.237768,32.608488,85.943669,70.367472,271.107664,1.030471,4.934810,-0.280259,0.000000,0.004428,-0.000017
0.357000,0.921570,5.103030,0.239284,32.682332,85.943669,70.642478,275.006041,1.031124,4.934692,-0.280127,0.000000,0.004491,-0.000017
0.358000,0.927523,5.135205,0.240797,32.756179,85.943669,70.921397,278.918738,1.031778,4.934573,-0.279996,0.000000,0.004554,-0.000017
0.359000,0.933491,5.167453,0.242305,32.830027,85.943669,71.204242,282.845752,1.032433,4.934454,-0.279864,0.000000,0.004618,-0.000017
0.360000,0.939474,5.199773,0.243810,32.903877,85.943669,71.491030,286.787077,1.033090,4.934335,-0.279732,0.000000,0.004681,-0.000017
0.361000,0.945472,5.232166,0.245310,32.977730,85.943669,71.781772,290.742708,1.009498,4.796688,-0.289502,0.000000,0.004745,-0.000017
0.362000,0.951486,5.264629,0.246806,33.049526,85.943669,72.076485,294.712642,1.010139,4.796573,-0.289372,0.000000,0.004809,-0.000017
0.363000,0.957514,5.297163,0.248297,33.121324,85.943669,72.375163,298.678100,1.010781,4.796458,-0.289242,0.000000,0.004873,-0.000017
0.364000,0.963557,5.329768,0.249785,33.193124,85.943669,72.677820,302.657450,1.011424,4.796343,-0.289112,0.000000,0.004937,-0.000018
0.365000,0.969615,5.362443,0.251268,33.264926,85.943669,72.984471,306.650687,1.012069,4.796228,-0.288982,0.000000,0.005001,-0.000018
0.366000,0.975687,5.395189,0.252747,33.336730,85.943669,73.295129,310.657807,1.012714,4.796112,-0.288851,0.000000,0.005066,-0.000018
0.367000,0.981775,5.428005,0.254221,33.408535,85.943669,73.609808,314.678804,1.013361,4.795997,-0.288719,0.000000,0.005131,-0.000018
0.368000,0.987878,5.460891,0.255692,33.480343,85.943669,73.928521,318.713675,1.014010,4.795881,-0.288588,0.000000,0.005196,-0.000018
0.369000,0.993995,5.493848,0.257158,33.552152,85.943669,74.251284,322.762414,1.014659,4.795765,-0.288456,0.000000,0.005261,-0.000018
0.370000,1.000128,5.526876,0.258620,33.623964,85.943669,74.578109,326.825017,1.015310,4.795649,-0.288324,0.000000,0.005327,-0.000018
0.371000,1.006275,5.559974,0.260077,33.695777,85.943669,74.909010,330.901479,1.015961,4.795532,-0.288191,0.000000,0.005392,-0.000018
0.372000,1.012437,5.593143,0.261531,33.767592,85.943669,75.244002,334.991796,1.016615,4.795416,-0.288059,0.000000,0.005458,-0.000019
0.373000,1.018614,5.626382,0.262980,33.839409,85.943669,75.583098,339.095963,1.017269,4.795299,-0.287925,0.000000,0.005525,-0.000019
0.374000,1.024807,5.659692,0.264425,33.911228,85.943669,75.926312,343.213976,1.017924,4.795182,-0.287792,0.000000,0.005591,-0.000019
0.375000,1.031014,5.693072,0.265866,33.983048,85.943669,76.273658,347.345829,1.018581,4.795065,-0.287658,0.000000,0.005658,-0.000019
0.376000,1.037236,5.726523,0.267302,34.054871,85.943669,76.625149,351.491517,1.019239,4.794948,-0.287524,0.000000,0.005724,-0.000019
0.377000,1.043473,5.760044,0.268734,34.126695,85.943669,76.980800,355.651038,1.019898,4.794831,-0.287390,0.000000,0.005791,-0.000019
0.378000,1.049725,5.793636,0.270162,34.198521,85.943669,77.340625,359.824384,1.020558,4.794714,-0.287255,0.000000,0.005859,-0.000019
0.379000,1.055992,5.827299,0.271586,34.270349,85.943669,77.704636,364.011552,1.021220,4.794596,-0.287120,0.000000,0.005926,-0.000019
0.380000,1.062274,5.861031,0.273006,34.342178,85.943669,78.072849,368.212537,1.008025,4.715891,-0.292644,0.000000,0.005994,-0.000020
0.381000,1.068571,5.894834,0.274421,34.412834,85.943669,78.445276,372.427334,1.008678,4.715776,-0.292510,0.000000,0.006062,-0.000020
0.382000,1.074883,5.928705,0.275832,34.483491,85.943669,78.821919,376.642939,1.009333,4.715660,-0.292376,0.000000,0.006130,-0.000020
0.383000,1.081210,5.962646,0.277239,34.554150,85.943669,79.202791,380.872119,1.009988,4.715545,-0.292242,0.000000,0.006198,-0.000020
0.384000,1.087551,5.996656,0.278641,34.624811,85.943669,79.587906,385.114869,1.010645,4.715429,-0.292107,0.000000,0.006266,-0.000020
0.385000,1.093908,6.030736,0.280039,34.695473,85.943669,79.977277,389.371184,1.011303,4.715313,-0.291972,0.000000,0.006335,-0.000020
0.386000,1.100279,6.064885,0.281433,34.766138,85.943669,80.370918,393.641060,1.011962,4.715197,-0.291837,0.000000,0.006404,-0.000020
0.387000,1.106665,6.099103,0.282823,34.836804,85.943669,80.768843,397.924491,1.012622,4.715081,-0.291701,0.000000,0.006473,-0.000020
0.388000,1.113066,6.133391,0.284208,34.907471,85.943669,81.171064,402.221474,1.013283,4.714964,-0.291566,0.000000,0.006542,-0.000021
0.389000,1.119482,6.167748,0.285589,34.978141,85.943669,81.577596,406.532002,1.013946,4.714848,-0.291429,0.000000,0.006612,-0.000021
0.390000,1.125913,6.202174,0.286965,35.048812,85.943669,81.988452,410.856072,1.014609,4.714731,-0.291293,0.000000,0.006682,-0.000021
0.391000,1.132358,6.236669,0.288338,35.119485,85.943669,82.403646,415.193678,1.015274,4.714614,-0.291156,0.000000,0.006751,-0.000021
0.392000,1.138819,6.271234,0.289706,35.190160,85.943669,82.823191,419.544816,1.015940,4.714497,-0.291019,0.000000,0.006822,-0.000021
0.393000,1.145295,6.305869,0.291070,35.260836,85.943669,83.247100,423.909481,1.016607,4.714380,-0.290881,0.000000,0.006892,-0.000021
0.394000,1.151785,6.340572,0.292429,35.331514,85.943669,83.675388,428.287667,1.008961,4.667111,-0.294139,0.000000,0.006963,-0.000022
0.395000,1.158291,6.375345,0.293784,35.401489,85.943669,84.108067,432.679371,1.009624,4.666995,-0.294002,0.000000,0.007033,-0.000022
0.396000,1.164811,6.410185,0.295135,35.471464,85.943669,84.545143,437.075785,1.010288,4.666879,-0.293865,0.000000,0.007104,-0.000022
0.397000,1.171346,6.445095,0.296482,35.541442,85.943669,84.986629,441.485570,1.010953,4.666763,-0.293728,0.000000,0.007175,-0.000022
0.398000,1.177896,6.480073,0.297824,35.611421,85.943669,85.432538,445.908722,1.011620,4.666646,-0.293590,0.000000,0.007247,-0.000022
0.399000,1.184461,6.515120,0.299162,35.681402,85.943669,85.882883,450.345236,1.012287,4.666530,-0.293452,0.000000,0.007318,-0.000022
0.400000,1.191040,6.550235,0.300496,35.751385,85.943669,86.337678,454.795106,1.012956,4.666413,-0.293313,0.000000,0.007390,-0.000022
0.401000,1.197635,6.585419,0.301825,35.821369,85.943669,86.796936,459.258327,1.013625,4.666297,-0.293175,0.000000,0.007462,-0.000023
0.402000,1.204245,6.620672,0.303150,35.891355,85.943669,87.260671,463.734896,1.014296,4.666180,-0.293036,0.000000,0.007534,-0.000023
0.403000,1.210869,6.655993,0.304470,35.961343,85.943669,87.728896,468.224806,1.008386,4.628734,-0.295584,0.000000,0.007607,-0.000023
0.404000,1.217508,6.691382,0.305787,36.030774,85.943669,88.201624,472.728054,1.009054,4.628618,-0.295446,0.000000,0.007679,-0.000023
0.405000,1.224162,6.726840,0.307099,36.100206,85.943669,88.678861,477.237156,1.009723,4.628502,-0.295307,0.000000,0.007752,-0.000023
0.406000,1.230831,6.762365,0.308406,36.169640,85.943669,89.160621,481.759478,1.010393,4.628386,-0.295167,0.000000,0.007825,-0.000023
0.407000,1.237515,6.797959,0.309710,36.239076,85.943669,89.646916,486.295014,1.011064,4.628269,-0.295028,0.000000,0.007898,-0.000024
0.408000,1.244214,6.833620,0.311009,36.308513,85.943669,90.137759,490.843761,1.011736,4.628153,-0.294888,0.000000,0.007971,-0.000024
0.409000,1.250927,6.869350,0.312303,36.377952,85.943669,90.633165,495.405712,1.012410,4.628036,-0.294748,0.000000,0.008045,-0.000024
0.410000,1.257656,6.905148,0.313594,36.447393,85.943669,91.133146,499.980864,1.013084,4.627920,-0.294607,0.000000,0.008119,-0.000024
0.411000,1.264399,6.941013,0.314879,36.516835,85.943669,91.637715,504.569210,1.007697,4.593421,-0.296942,0.000000,0.008193,-0.000024
0.412000,1.271157,6.976947,0.316161,36.585764,85.943669,92.146886,509.170747,1.008369,4.593305,-0.296802,0.000000,0.008267,-0.000025
0.413000,1.277930,7.012948,0.317438,36.654695,85.943669,92.660664,513.778164,1.009042,4.593189,-0.296661,0.000000,0.008341,-0.000025
0.414000,1.284718,7.049016,0.318711,36.723628,85.943669,93.179063,518.398663,1.009716,4.593073,-0.296521,0.000000,0.008415,-0.000025
0.415000,1.291521,7.085152,0.319980,36.792562,85.943669,93.702095,523.032239,1.010391,4.592956,-0.296379,0.000000,0.008490,-0.000025
0.416000,1.298338,7.121355,0.321244,36.861498,85.943669,94.229774,527.678886,1.011067,4.592840,-0.296238,0.000000,0.008565,-0.000025
0.417000,1.305171,7.157627,0.322504,36.930435,85.943669,94.762112,532.338600,1.011745,4.592723,-0.296096,0.000000,0.008640,-0.000025
0.418000,1.312018,7.193965,0.323759,36.999374,85.943669,95.299124,537.011375,1.012423,4.592607,-0.295954,0.000000,0.008716,-0.000026
0.419000,1.318880,7.230371,0.325010,37.068314,85.943669,95.840821,541.697206,1.007386,4.560072,-0.298146,0.000000,0.008791,-0.000026
0.420000,1.325757,7.266844,0.326257,37.136772,85.943669,96.387217,546.396089,1.008062,4.559957,-0.298004,0.000000,0.008867,-0.000026
0.421000,1.332649,7.303385,0.327499,37.205230,85.943669,96.938318,551.100739,1.008739,4.559841,-0.297862,0.000000,0.008943,-0.000026
0.422000,1.339556,7.339992,0.328737,37.273690,85.943669,97.494136,555.818338,1.009417,4.559724,-0.297720,0.000000,0.009019,-0.000026
0.423000,1.346477,7.376666,0.329971,37.342152,85.943669,98.054685,560.548881,1.010096,4.559608,-0.297577,0.000000,0.009095,-0.000027
0.424000,1.353414,7.413408,0.331200,37.410616,85.943669,98.619977,565.292362,1.010777,4.559492,-0.297434,0.000000,0.009172,-0.000027
0.425000,1.360365,7.450216,0.332424,37.479080,85.943669,99.190026,570.048776,1.011458,4.559375,-0.297291,0.000000,0.009248,-0.000027
0.426000,1.367331,7.487092,0.333645,37.547547,85.943669,99.764844,574.818119,1.006771,4.528806,-0.299340,0.000000,0.009325,-0.000027
0.427000,1.374312,7.524034,0.334861,37.615559,85.943669,100.344445,579.600385,1.007450,4.528690,-0.299197,0.000000,0.009402,-0.000027
0.428000,1.381308,7.561042,0.336073,37.683573,85.943669,100.928833,584.388410,1.008130,4.528574,-0.299053,0.000000,0.009480,-0.000028
0.429000,1.388318,7.598118,0.337280,37.751589,85.943669,101.518022,589.189260,1.008811,4.528458,-0.298910,0.000000,0.009557,-0.000028
0.430000,1.395344,7.635260,0.338483,37.819606,85.943669,102.112025,594.002932,1.009493,4.528342,-0.298766,0.000000,0.009635,-0.000028
0.431000,1.402384,7.672468,0.339681,37.887624,85.943669,102.710855,598.829420,1.010176,4.528226,-0.298621,0.000000,0.009712,-0.000028
0.432000,1.409439,7.709743,0.340875,37.955644,85.943669,103.314523,603.668719,1.010860,4.528109,-0.298477,0.000000,0.009791,-0.000029
0.433000,1.416509,7.747085,0.342065,38.023666,85.943669,103.923044,608.520824,1.006523,4.499505,-0.300383,0.000000,0.009869,-0.000029
0.434000,1.423594,7.784493,0.343250,38.091263,85.943669,104.536430,613.385730,1.007205,4.499389,-0.300239,0.000000,0.009947,-0.000029
0.435000,1.430693,7.821967,0.344431,38.158861,85.943669,105.154686,618.256432,1.007888,4.499273,-0.300094,0.000000,0.010026,-0.000029
0.436000,1.437808,7.859507,0.345607,38.226461,85.943669,105.777826,623.139844,1.008572,4.499157,-0.299949,0.000000,0.010104,-0.000029
0.437000,1.444937,7.897113,0.346779,38.294063,85.943669,106.405862,628.035960,1.009258,4.499041,-0.299803,0.000000,0.010183,-0.000030
0.438000,1.452081,7.934786,0.347947,38.361666,85.943669,107.038807,632.944775,1.009944,4.498924,-0.299658,0.000000,0.010263,-0.000030
0.439000,1.459240,7.972524,0.349110,38.429270,85.943669,107.676673,637.866284,1.005608,4.470320,-0.301563,0.000000,0.010342,-0.000030
0.440000,1.466413,8.010329,0.350269,38.496450,85.943669,108.319474,642.800483,1.006292,4.470205,-0.301417,0.000000,0.010421,-0.000030
0.441000,1.473602,8.048199,0.351423,38.563631,85.943669,108.967214,647.740107,1.006978,4.470089,-0.301272,0.000000,0.010501,-0.000031
0.442000,1.480805,8.086135,0.352573,38.630814,85.943669,109.619906,652.692330,1.007664,4.469973,-0.301126,0.000000,0.010581,-0.000031
0.443000,1.488023,8.124136,0.353718,38.697998,85.943669,110.277563,657.657145,1.008351,4.469857,-0.300979,0.000000,0.010661,-0.000031
0.444000,1.495256,8.162204,0.354859,38.765184,85.943669,110.940198,662.634548,1.009040,4.469741,-0.300832,0.000000,0.010741,-0.000031
0.445000,1.502504,8.200337,0.355996,38.832371,85.943669,111.607822,667.624533,1.009729,4.469625,-0.300685,0.000000,0.010822,-0.000032
0.446000,1.509767,8.238535,0.357128,38.899560,85.943669,112.280450,672.627096,1.005569,4.442003,-0.302519,0.000000,0.010903,-0.000032
0.447000,1.517044,8.276800,0.358256,38.966339,85.943669,112.958092,677.642230,1.006257,4.441888,-0.302372,0.000000,0.010983,-0.000032
0.448000,1.524336,8.315129,0.359379,39.033119,85.943669,113.640754,682.662633,1.006945,4.441772,-0.302225,0.000000,0.011064,-0.000032
0.449000,1.531643,8.353524,0.360498,39.099901,85.943669,114.328450,687.695521,1.007634,4.441656,-0.302077,0.000000,0.011146,-0.000033
0.450000,1.538965,8.391984,0.361612,39.166684,85.943669,115.021191,692.740887,1.008325,4.441540,-0.301930,0.000000,0.011227,-0.000033
0.451000,1.546302,8.430509,0.362722,39.233469,85.943669,115.718990,697.798726,1.009016,4.441424,-0.301781,0.000000,0.011309,-0.000033
0.452000,1.553653,8.469100,0.363828,39.300255,85.943669,116.421859,702.869033,1.004858,4.413803,-0.303614,0.000000,0.011390,-0.000033
0.453000,1.561020,8.507756,0.364929,39.366631,85.943669,117.129810,707.951803,1.005548,4.413687,-0.303466,0.000000,0.011472,-0.000034
0.454000,1.568401,8.546476,0.366026,39.433009,85.943669,117.842850,713.039485,1.006238,4.413572,-0.303318,0.000000,0.011554,-0.000034
0.455000,1.575797,8.585262,0.367118,39.499388,85.943669,118.560989,718.139541,1.006929,4.413456,-0.303169,0.000000,0.011637,-0.000034
0.456000,1.583207,8.624112,0.368205,39.565768,85.943669,119.284241,723.251967,1.007621,4.413341,-0.303020,0.000000,0.011719,-0.000034
0.457000,1.590633,8.663027,0.369289,39.632150,85.943669,120.012618,728.376757,1.008314,4.413225,-0.302871,0.000000,0.011802,-0.000035
0.458000,1.598073,8.702007,0.370367,39.698534,85.943669,120.746132,733.513907,1.004159,4.385603,-0.304703,0.000000,0.011885,-0.000035
0.459000,1.605528,8.741052,0.371442,39.764507,85.943669,121.484795,738.663410,1.004850,4.385488,-0.304554,0.000000,0.011968,-0.000035
0.460000,1.612998,8.780161,0.372511,39.830482,85.943669,122.228613,743.817467,1.005542,4.385373,-0.304404,0.000000,0.012051,-0.000035
0.461000,1.620483,8.819335,0.373577,39.896459,85.943669,122.977597,748.983791,1.006235,4.385258,-0.304255,0.000000,0.012134,-0.000036
0.462000,1.627982,8.858573,0.374638,39.962436,85.943669,123.731759,754.162374,1.006929,4.385142,-0.304105,0.000000,0.012218,-0.000036
0.463000,1.635497,8.897875,0.375694,40.028416,85.943669,124.491112,759.353213,1.007624,4.385027,-0.303955,0.000000,0.012301,-0.000036
0.464000,1.643026,8.937242,0.376746,40.094396,85.943669,125.255669,764.556303,1.003643,4.358388,-0.305715,0.000000,0.012385,-0.000037
0.465000,1.650569,8.976674,0.377793,40.159982,85.943669,126.025440,769.771637,1.004336,4.358273,-0.305565,0.000000,0.012469,-0.000037
0.466000,1.658128,9.016169,0.378836,40.225569,85.943669,126.800432,774.991455,1.005030,4.358158,-0.305414,0.000000,0.012554,-0.000037
0.467000,1.665701,9.055728,0.379875,40.291157,85.943669,127.580655,780.223432,1.005724,4.358043,-0.305264,0.000000,0.012638,-0.000037
0.468000,1.673290,9.095352,0.380909,40.356747,85.943669,128.366123,785.467564,1.006420,4.357928,-0.305113,0.000000,0.012723,-0.000038
0.469000,1.680893,9.135039,0.381938,40.422338,85.943669,129.156847,790.723846,1.007117,4.357812,-0.304962,0.000000,0.012807,-0.000038
0.470000,1.688510,9.174791,0.382963,40.487930,85.943669,129.952839,795.992271,1.007815,4.357697,-0.304811,0.000000,0.012892,-0.000038
0.471000,1.696143,9.214607,0.383984,40.553524,85.943669,130.754112,801.272835,1.001758,4.319270,-0.307418,0.000000,0.012978,-0.000039
0.472000,1.703790,9.254486,0.385000,40.618547,85.943669,131.560677,806.565532,1.002452,4.319156,-0.307267,0.000000,0.013063,-0.000039
0.473000,1.711452,9.294428,0.386011,40.683571,85.943669,132.372536,811.858751,1.003146,4.319041,-0.307116,0.000000,0.013148,-0.000039
0.474000,1.719129,9.334435,0.387018,40.748596,85.943669,133.189700,817.163986,1.003842,4.318927,-0.306964,0.000000,0.013234,-0.000040
0.475000,1.726821,9.374504,0.388020,40.813623,85.943669,134.012181,822.481231,1.004539,4.318812,-0.306812,0.000000,0.013320,-0.000040
0.476000,1.734527,9.414638,0.389018,40.878651,85.943669,134.839992,827.810481,1.005236,4.318697,-0.306660,0.000000,0.013406,-0.000040
0.477000,1.742248,9.454835,0.390012,40.943680,85.943669,135.673143,833.151730,1.005935,4.318582,-0.306508,0.000000,0.013492,-0.000040
0.478000,1.749984,9.495095,0.391001,41.008711,85.943669,136.511648,838.504973,1.005595,4.312573,-0.306780,0.000000,0.013578,-0.000041
0.479000,1.757735,9.535419,0.391985,41.073655,85.943669,137.355519,843.870204,1.006294,4.312458,-0.306627,0.000000,0.013665,-0.000041
0.480000,1.765501,9.575806,0.392965,41.138601,85.943669,138.204764,849.245572,1.006995,4.312343,-0.306474,0.000000,0.013752,-0.000041
0.481000,1.773281,9.616256,0.393940,41.203548,85.943669,139.059397,854.632902,1.007696,4.312228,-0.306320,0.000000,0.013838,-0.000042
0.482000,1.781076,9.656770,0.394911,41.268496,85.943669,139.919429,860.032188,1.008399,4.312113,-0.306167,0.000000,0.013926,-0.000042
0.483000,1.788886,9.697348,0.395877,41.333446,85.943669,140.784873,865.443425,1.009102,4.311997,-0.306013,0.000000,0.014013,-0.000042
0.484000,1.796711,9.737988,0.396839,41.398397,85.943669,141.655739,870.866607,1.009806,4.311882,-0.305858,0.000000,0.014100,-0.000043
0.485000,1.804551,9.778693,0.397797,41.463350,85.943669,142.532041,876.301730,1.009299,4.304889,-0.306199,0.000000,0.014188,-0.000043
0.486000,1.812405,9.819460,0.398749,41.528201,85.943669,143.413790,881.748787,1.010004,4.304774,-0.306044,0.000000,0.014276,-0.000043
0.487000,1.820275,9.860291,0.399698,41.593053,85.943669,144.300995,887.205547,1.010710,4.304658,-0.305889,0.000000,0.014364,-0.000044
0.488000,1.828159,9.901185,0.400642,41.657907,85.943669,145.193669,892.674211,1.011417,4.304542,-0.305734,0.000000,0.014452,-0.000044
0.489000,1.836058,9.942142,0.401581,41.722762,85.943669,146.091824,898.154775,1.012125,4.304426,-0.305578,0.000000,0.014541,-0.000044
0.490000,1.843972,9.983163,0.402516,41.787618,85.943669,146.995471,903.647232,1.012834,4.304310,-0.305423,0.000000,0.014629,-0.000045
0.491000,1.851901,10.024247,0.403446,41.852476,85.943669,147.904623,909.151579,1.013544,4.304194,-0.305266,0.000000,0.014718,-0.000045
0.492000,1.859845,10.065395,0.404372,41.917336,85.943669,148.819291,914.667808,1.013216,4.298183,-0.305534,0.000000,0.014807,-0.000045
0.493000,1.867803,10.106605,0.405294,41.982108,85.943669,149.739487,920.195915,1.013927,4.298067,-0.305378,0.000000,0.014897,-0.000046
0.494000,1.875777,10.147879,0.406210,42.046882,85.943669,150.665221,925.733923,1.014639,4.297951,-0.305221,0.000000,0.014986,-0.000046
0.495000,1.883766,10.189216,0.407123,42.111657,85.943669,151.596504,931.283781,1.015351,4.297834,-0.305064,0.000000,0.015075,-0.000046
0.496000,1.891769,10.230616,0.408031,42.176434,85.943669,152.533350,936.845483,1.016065,4.297718,-0.304906,0.000000,0.015165,-0.000047
0.497000,1.899787,10.272079,0.408934,42.241211,85.943669,153.475769,942.419025,1.016780,4.297601,-0.304748,0.000000,0.015255,-0.000047
0.498000,1.907821,10.313606,0.409833,42.305991,85.943669,154.423773,948.004401,1.017496,4.297484,-0.304590,0.000000,0.015345,-0.000048
0.499000,1.915869,10.355195,0.410728,42.370771,85.943669,155.377375,953.601605,1.017000,4.290490,-0.304927,0.000000,0.015436,-0.000048
0.500000,1.923932,10.396848,0.411618,42.435450,85.943669,156.336586,959.210631,1.017716,4.290373,-0.304769,0.000000,0.015526,-0.000048
0.501000,1.932011,10.438564,0.412503,42.500131,85.943669,157.301415,964.829103,1.018434,4.290256,-0.304610,0.000000,0.015617,-0.000049
0.502000,1.940104,10.480343,0.413384,42.564812,85.943669,158.271874,970.459367,1.019152,4.290139,-0.304451,0.000000,0.015708,-0.000049
0.503000,1.948212,10.522185,0.414261,42.629496,85.943669,159.247976,976.101418,1.019871,4.290022,-0.304291,0.000000,0.015799,-0.000049
0.504000,1.956335,10.564091,0.415133,42.694180,85.943669,160.229731,981.755250,1.020592,4.289905,-0.304132,0.000000,0.015890,-0.000050
0.505000,1.964474,10.606059,0.416000,42.758866,85.943669,161.217152,987.420858,1.021313,4.289787,-0.303972,0.000000,0.015982,-0.000050
0.506000,1.972627,10.648090,0.416864,42.823553,85.943669,162.210250,993.098236,1.022035,4.289669,-0.303811,0.000000,0.016073,-0.000051
0.507000,1.980795,10.690185,0.417722,42.888241,85.943669,163.209037,998.787377,1.021372,4.281693,-0.304217,0.000000,0.016165,-0.000051
0.508000,1.988978,10.732342,0.418577,42.952813,85.943669,164.213526,1004.488278,1.022095,4.281575,-0.304056,0.000000,0.016257,-0.000051
0.509000,1.997177,10.774563,0.419426,43.017387,85.943669,165.223724,1010.198127,1.022819,4.281457,-0.303895,0.000000,0.016349,-0.000052
0.510000,2.005390,10.816846,0.420272,43.081962,85.943669,166.239643,1015.919702,1.023543,4.281339,-0.303734,0.000000,0.016442,-0.000052
0.511000,2.013618,10.859192,0.421112,43.146538,85.943669,167.261296,1021.652997,1.024269,4.281221,-0.303572,0.000000,0.016534,-0.000053
0.512000,2.021862,10.901601,0.421949,43.211116,85.943669,168.288694,1027.398006,1.024996,4.281103,-0.303411,0.000000,0.016627,-0.000053
0.513000,2.030120,10.944074,0.422780,43.275694,85.943669,169.321849,1033.154723,1.025723,4.280985,-0.303248,0.000000,0.016720,-0.000053
0.514000,2.038394,10.986609,0.423608,43.340275,85.943669,170.360772,1038.923143,1.026451,4.280867,-0.303086,0.000000,0.016813,-0.000054
0.515000,2.046683,11.029207,0.424431,43.404856,85.943669,171.405475,1044.703261,1.027181,4.280748,-0.302923,0.000000,0.016906,-0.000054
0.516000,2.054987,11.071868,0.425249,43.469439,85.943669,172.455971,1050.495070,1.026179,4.270806,-0.303467,0.000000,0.017000,-0.000055
0.517000,2.063306,11.114592,0.426063,43.533876,85.943669,173.512269,1056.298564,1.026909,4.270688,-0.303304,0.000000,0.017094,-0.000055
0.518000,2.071640,11.157379,0.426873,43.598315,85.943669,174.574379,1062.110101,1.027639,4.270569,-0.303141,0.000000,0.017187,-0.000055
0.519000,2.079989,11.200228,0.427678,43.662754,85.943669,175.642313,1067.933285,1.028371,4.270450,-0.302977,0.000000,0.017281,-0.000056
0.520000,2.088353,11.243140,0.428479,43.727196,85.943669,176.716081,1073.768110,1.029103,4.270332,-0.302813,0.000000,0.017376,-0.000056
0.521000,2.096732,11.286116,0.429275,43.791638,85.943669,177.795695,1079.614570,1.029837,4.270213,-0.302649,0.000000,0.017470,-0.000057
0.522000,2.105127,11.329153,0.430067,43.856082,85.943669,178.881168,1085.472660,1.030571,4.270094,-0.302484,0.000000,0.017565,-0.000057
0.523000,2.113537,11.372254,0.430854,43.920527,85.943669,179.972510,1091.342374,1.031306,4.269974,-0.302319,0.000000,0.017659,-0.000058
0.524000,2.121962,11.415418,0.431637,43.984973,85.943669,181.069734,1097.223706,1.032042,4.269855,-0.302154,0.000000,0.017754,-0.000058
0.525000,2.130402,11.458644,0.432415,44.049421,85.943669,182.172851,1103.116650,1.032780,4.269736,-0.301989,0.000000,0.017849,-0.000058
0.526000,2.138857,11.501933,0.433189,44.113870,85.943669,183.281872,1109.021201,1.033518,4.269616,-0.301823,0.000000,0.017945,-0.000059
0.527000,2.147327,11.545285,0.433959,44.178320,85.943669,184.396809,1114.937352,1.032351,4.258691,-0.302435,0.000000,0.018040,-0.000059
0.528000,2.155813,11.588700,0.434724,44.243572,85.943669,185.562960,1166.150673,1.033100,4.258569,-0.292460,0.000000,0.018678,-0.000063
0.529000,2.164314,11.632179,0.435485,44.308825,85.943669,186.735304,1172.344403,1.033850,4.258446,-0.292291,0.000000,0.018777,-0.000064
0.530000,2.172831,11.675722,0.436241,44.374080,85.943669,187.913854,1178.550286,1.034601,4.258324,-0.292122,0.000000,0.018876,-0.000064
0.531000,2.181363,11.719328,0.436993,44.439336,85.943669,189.098623,1184.768315,1.035353,4.258201,-0.291952,0.000000,0.018976,-0.000065
0.532000,2.189911,11.762998,0.437741,44.504593,85.943669,190.289621,1190.998485,1.036106,4.258079,-0.291782,0.000000,0.019075,-0.000065
0.533000,2.198474,11.806731,0.438484,44.569852,85.943669,191.486862,1197.240788,1.036860,4.257956,-0.291612,0.000000,0.019175,-0.000066
0.534000,2.207052,11.850528,0.439223,44.635111,85.943669,192.690357,1203.495218,1.037615,4.257833,-0.291442,0.000000,0.019275,-0.000066
0.535000,2.215646,11.894388,0.439958,44.700372,85.943669,193.900119,1209.761769,1.038370,4.257710,-0.291271,0.000000,0.019375,-0.000067
0.536000,2.224256,11.938312,0.440688,44.765634,85.943669,195.116160,1216.040433,1.039127,4.257587,-0.291100,0.000000,0.019476,-0.000067
0.537000,2.232881,11.982299,0.441414,44.830898,85.943669,196.338491,1222.331205,1.039885,4.257463,-0.290929,0.000000,0.019576,-0.000068
0.538000,2.241521,12.026350,0.442136,44.896163,85.943669,197.567125,1228.634077,1.040643,4.257340,-0.290757,0.000000,0.019677,-0.000069
0.539000,2.250177,12.070465,0.442853,44.961429,85.943669,198.802074,1234.949043,1.041403,4.257216,-0.290585,0.000000,0.019778,-0.000069
0.540000,2.258849,12.114643,0.443566,45.026696,85.943669,200.043350,1241.276097,1.042163,4.257093,-0.290413,0.000000,0.019879,-0.000070
0.541000,2.267536,12.158884,0.444275,45.091965,85.943669,201.290965,1247.615232,1.042925,4.256969,-0.290240,0.000000,0.019981,-0.000070
0.542000,2.276239,12.203189,0.444979,45.157234,85.943669,202.544932,1253.966441,1.040570,4.239163,-0.291340,0.000000,0.020082,-0.000071
0.543000,2.284957,12.247558,0.445679,45.222237,85.943669,203.805261,1260.329717,1.041330,4.239039,-0.291168,0.000000,0.020184,-0.000071
0.544000,2.293691,12.291989,0.446375,45.287241,85.943669,205.071959,1266.697417,1.042091,4.238916,-0.290995,0.000000,0.020286,-0.000072
0.545000,2.302440,12.336484,0.447066,45.352247,85.943669,206.345036,1273.077121,1.042853,4.238792,-0.290821,0.000000,0.020388,-0.000072
0.546000,2.311205,12.381042,0.447753,45.417253,85.943669,207.624505,1279.468821,1.043617,4.238668,-0.290648,0.000000,0.020490,-0.000073
0.547000,2.319986,12.425664,0.448435,45.482261,85.943669,208.910377,1285.872510,1.044381,4.238544,-0.290474,0.000000,0.020592,-0.000073
0.548000,2.328782,12.470349,0.449114,45.547270,85.943669,210.202665,1292.288184,1.045146,4.238420,-0.290299,0.000000,0.020695,-0.000074
0.549000,2.337593,12.515096,0.449788,45.612281,85.943669,211.501381,1298.715833,1.045912,4.238296,-0.290125,0.000000,0.020798,-0.000075
0.550000,2.346421,12.559908,0.450457,45.677293,85.943669,212.806537,1305.155453,1.046679,4.238172,-0.289950,0.000000,0.020901,-0.000075
0.551000,2.355264,12.604782,0.451122,45.742305,85.943669,214.118144,1311.607035,1.047447,4.238047,-0.289775,0.000000,0.021004,-0.000076
0.552000,2.364122,12.649720,0.451783,45.807320,85.943669,215.436214,1318.070574,1.048216,4.237922,-0.289599,0.000000,0.021107,-0.000076
0.553000,2.372996,12.694721,0.452440,45.872335,85.943669,216.760760,1324.546063,1.048985,4.237798,-0.289423,0.000000,0.021211,-0.000077
0.554000,2.381886,12.739785,0.453092,45.937352,85.943669,218.091794,1331.033494,1.049756,4.237673,-0.289247,0.000000,0.021315,-0.000077
0.555000,2.390792,12.784913,0.453740,46.002370,85.943669,219.429327,1337.532861,1.050528,4.237548,-0.289070,0.000000,0.021419,-0.000078
0.556000,2.399713,12.830103,0.454384,46.067389,85.943669,220.773371,1344.044157,1.051301,4.237422,-0.288894,0.000000,0.021523,-0.000079
0.557000,2.408650,12.875357,0.455023,46.132409,85.943669,222.123938,1350.567375,1.052074,4.237297,-0.288716,0.000000,0.021627,-0.000079
0.558000,2.417603,12.920675,0.455658,46.197431,85.943669,223.481041,1357.102509,1.052849,4.237172,-0.288539,0.000000,0.021732,-0.000080
0.559000,2.426571,12.966055,0.456289,46.262454,85.943669,224.844690,1363.649551,1.053624,4.237046,-0.288361,0.000000,0.021837,-0.000080
0.560000,2.435555,13.011499,0.456915,46.327478,85.943669,226.214899,1370.208495,1.054401,4.236920,-0.288183,0.000000,0.021942,-0.000081
0.561000,2.444555,13.057006,0.457537,46.392503,85.943669,227.591678,1376.779334,1.055178,4.236794,-0.288004,0.000000,0.022047,-0.000082
0.562000,2.453570,13.102576,0.458155,46.457530,85.943669,228.975040,1383.362061,1.055957,4.236668,-0.287826,0.000000,0.022152,-0.000082
0.563000,2.462601,13.148209,0.458769,46.522557,85.943669,230.364997,1389.956668,1.056736,4.236542,-0.287646,0.000000,0.022258,-0.000083
0.564000,2.471648,13.193906,0.459378,46.587586,85.943669,231.761560,1396.563149,1.052840,4.209893,-0.289377,0.000000,0.022363,-0.000083
0.565000,2.480711,13.239665,0.459983,46.652214,85.943669,233.164741,1403.181498,1.053616,4.209768,-0.289198,0.000000,0.022469,-0.000084
0.566000,2.489790,13.285488,0.460583,46.716844,85.943669,234.574541,1409.799336,1.054393,4.209642,-0.289019,0.000000,0.022575,-0.000085
0.567000,2.498884,13.331373,0.461180,46.781474,85.943669,235.990970,1416.428953,1.055172,4.209517,-0.288839,0.000000,0.022681,-0.000085
0.568000,2.507994,13.377321,0.461772,46.846106,85.943669,237.414040,1423.070340,1.055951,4.209391,-0.288659,0.000000,0.022787,-0.000086
0.569000,2.517120,13.423332,0.462359,46.910739,85.943669,238.843764,1429.723490,1.056731,4.209265,-0.288479,0.000000,0.022894,-0.000087
0.570000,2.526261,13.469405,0.462943,46.975373,85.943669,240.280152,1436.388398,1.057512,4.209139,-0.288299,0.000000,0.023000,-0.000087
0.571000,2.535418,13.515542,0.463522,47.040009,85.943669,241.723217,1443.065055,1.058294,4.209013,-0.288118,0.000000,0.023107,-0.000088
0.572000,2.544592,13.561741,0.464097,47.104646,85.943669,243.172971,1449.753455,1.059077,4.208887,-0.287937,0.000000,0.023214,-0.000088
0.573000,2.553780,13.608003,0.464667,47.169284,85.943669,244.629424,1456.453591,1.059861,4.208760,-0.287755,0.000000,0.023321,-0.000089
0.574000,2.562985,13.654328,0.465233,47.233923,85.943669,246.092590,1463.165455,1.060646,4.208634,-0.287573,0.000000,0.023429,-0.000090
0.575000,2.572206,13.700716,0.465795,47.298563,85.943669,247.562479,1469.889041,1.061432,4.208507,-0.287391,0.000000,0.023536,-0.000090
0.576000,2.581442,13.747166,0.466353,47.363205,85.943669,249.039103,1476.624342,1.062219,4.208380,-0.287209,0.000000,0.023644,-0.000091
0.577000,2.590694,13.793679,0.466906,47.427848,85.943669,250.522474,1483.371351,1.063007,4.208253,-0.287026,0.000000,0.023752,-0.000092
0.578000,2.599962,13.840256,0.467455,47.492492,85.943669,252.012604,1490.130060,1.063795,4.208126,-0.286843,0.000000,0.023860,-0.000092
0.579000,2.609246,13.886895,0.468000,47.557137,85.943669,253.509505,1496.900462,1.064585,4.207999,-0.286660,0.000000,0.023969,-0.000093
0.580000,2.618546,13.933596,0.468540,47.621784,85.943669,255.013187,1503.682550,1.065375,4.207872,-0.286476,0.000000,0.024077,-0.000094
0.581000,2.627862,13.980361,0.469076,47.686432,85.943669,256.523664,1510.476318,1.066167,4.207744,-0.286292,0.000000,0.024186,-0.000094
0.582000,2.637194,14.027188,0.469608,47.751081,85.943669,258.040945,1517.281758,1.066959,4.207617,-0.286107,0.000000,0.024295,-0.000095
0.583000,2.646541,14.074078,0.470136,47.815731,85.943669,259.565044,1524.098862,1.067752,4.207489,-0.285922,0.000000,0.024404,-0.000096
0.584000,2.655905,14.121031,0.470659,47.880383,85.943669,261.095972,1530.927624,1.066814,4.197538,-0.286445,0.000000,0.024513,-0.000097
0.585000,2.665284,14.168047,0.471178,47.944887,85.943669,262.633740,1537.768037,1.067608,4.197410,-0.286260,0.000000,0.024623,-0.000097
0.586000,2.674680,14.215125,0.471693,48.009392,85.943669,264.178355,1544.615204,1.068402,4.197282,-0.286074,0.000000,0.024732,-0.000098
0.587000,2.684091,14.262266,0.472204,48.073898,85.943669,265.729829,1551.473980,1.069197,4.197154,-0.285889,0.000000,0.024842,-0.000099
0.588000,2.693519,14.309470,0.472710,48.138405,85.943669,267.288173,1558.344357,1.069993,4.197026,-0.285703,0.000000,0.024952,-0.000099
0.589000,2.702962,14.356736,0.473212,48.202914,85.943669,268.853400,1565.226328,1.070790,4.196898,-0.285516,0.000000,0.025062,-0.000100
0.590000,2.712421,14.404065,0.473710,48.267424,85.943669,270.425520,1572.119886,1.071588,4.196770,-0.285329,0.000000,0.025173,-0.000101
0.591000,2.721896,14.451456,0.474203,48.331935,85.943669,272.004545,1579.025023,1.072387,4.196642,-0.285142,0.000000,0.025283,-0.000102
0.592000,2.731388,14.498910,0.474692,48.396448,85.943669,273.590486,1585.941732,1.073187,4.196513,-0.284955,0.000000,0.025394,-0.000102
0.593000,2.740895,14.546427,0.475177,48.460961,85.943669,275.183356,1592.870006,1.072602,4.188526,-0.285333,0.000000,0.025505,-0.000103
0.594000,2.750418,14.594006,0.475658,48.525357,85.943669,276.783166,1599.809837,1.073403,4.188397,-0.285145,0.000000,0.025616,-0.000104
0.595000,2.759957,14.641648,0.476135,48.589754,85.943669,278.389924,1606.757198,1.074204,4.188268,-0.284957,0.000000,0.025727,-0.000104
0.596000,2.769513,14.689352,0.476607,48.654152,85.943669,280.003640,1613.716079,1.075006,4.188140,-0.284769,0.000000,0.025839,-0.000105
0.597000,2.779084,14.737119,0.477075,48.718552,85.943669,281.624326,1620.686474,1.075809,4.188011,-0.284580,0.000000,0.025950,-0.000106
0.598000,2.788672,14.784948,0.477538,48.782952,85.943669,283.251994,1627.668376,1.076613,4.187882,-0.284391,0.000000,0.026062,-0.000107
0.599000,2.798275,14.832840,0.477998,48.847354,85.943669,284.886656,1634.661775,1.077418,4.187752,-0.284202,0.000000,0.026174,-0.000107
0.600000,2.807895,14.880795,0.478453,48.911757,85.943669,286.528323,1641.666667,1.078224,4.187623,-0.284012,0.000000,0.026286,-0.000108
0.601000,2.817530,14.928811,0.478904,48.976162,85.943669,288.177006,1648.683042,1.077818,4.180617,-0.284317,0.000000,0.026399,-0.000109
0.602000,2.827182,14.976891,0.479351,49.040463,85.943669,289.832717,1655.710893,1.078624,4.180488,-0.284127,0.000000,0.026511,-0.000110
0.603000,2.836850,15.025032,0.479793,49.104765,85.943669,291.495463,1662.746611,1.079432,4.180359,-0.283936,0.000000,0.026624,-0.000111
0.604000,2.846534,15.073236,0.480232,49.169069,85.943669,293.165257,1669.793770,1.080240,4.180229,-0.283745,0.000000,0.026737,-0.000111
0.605000,2.856234,15.121503,0.480666,49.233374,85.943669,294.842110,1676.852365,1.081049,4.180099,-0.283554,0.000000,0.026850,-0.000112
0.606000,2.865950,15.169831,0.481095,49.297680,85.943669,296.526032,1683.922388,1.081859,4.179969,-0.283363,0.000000,0.026963,-0.000113
0.607000,2.875683,15.218223,0.481521,49.361988,85.943669,298.217036,1691.003830,1.082670,4.179839,-0.283171,0.000000,0.027076,-0.000114
0.608000,2.885431,15.266676,0.481942,49.426296,85.943669,299.915132,1698.096685,1.082443,4.173815,-0.283403,0.000000,0.027190,-0.000115
0.609000,2.895196,15.315192,0.482359,49.490517,85.943669,301.620333,1705.200945,1.083254,4.173685,-0.283211,0.000000,0.027304,-0.000115
0.610000,2.904977,15.363770,0.482772,49.554739,85.943669,303.332647,1712.313450,1.084067,4.173555,-0.283018,0.000000,0.027417,-0.000116
0.611000,2.914774,15.412411,0.483181,49.618962,85.943669,305.052084,1719.437328,1.084880,4.173425,-0.282825,0.000000,0.027532,-0.000117
0.612000,2.924587,15.461113,0.483585,49.683186,85.943669,306.778657,1726.572573,1.085695,4.173294,-0.282632,0.000000,0.027646,-0.000118
0.613000,2.934417,15.509878,0.483986,49.747411,85.943669,308.512376,1733.719176,1.086510,4.173164,-0.282438,0.000000,0.027760,-0.000119
0.614000,2.944262,15.558706,0.484382,49.811638,85.943669,310.253253,1740.877130,1.086287,4.167139,-0.282669,0.000000,0.027875,-0.000119
0.615000,2.954124,15.607595,0.484774,49.875776,85.943669,312.001299,1748.046428,1.087103,4.167009,-0.282475,0.000000,0.027990,-0.000120
0.616000,2.964002,15.656547,0.485161,49.939916,85.943669,313.756523,1755.223853,1.087920,4.166878,-0.282280,0.000000,0.028105,-0.000121
0.617000,2.973897,15.705561,0.485544,50.004057,85.943669,315.518936,1762.412591,1.088738,4.166747,-0.282085,0.000000,0.028220,-0.000122
0.618000,2.983807,15.754637,0.485924,50.068199,85.943669,317.288549,1769.612633,1.089557,4.166616,-0.281890,0.000000,0.028335,-0.000123
0.619000,2.993734,15.803775,0.486299,50.132343,85.943669,319.065373,1776.823971,1.090377,4.166485,-0.281695,0.000000,0.028451,-0.000124
0.620000,3.003677,15.852975,0.486669,50.196487,85.943669,320.849419,1784.046598,1.090331,4.161442,-0.281853,0.000000,0.028566,-0.000124
0.621000,3.013637,15.902238,0.487036,50.260559,85.943669,322.640700,1791.280507,1.091152,4.161311,-0.281657,0.000000,0.028682,-0.000125
0.622000,3.023612,15.951563,0.487398,50.324631,85.943669,324.439223,1798.522971,1.091974,4.161179,-0.281460,0.000000,0.028798,-0.000126
0.623000,3.033604,16.000949,0.487756,50.388705,85.943669,326.244999,1805.776687,1.092796,4.161048,-0.281264,0.000000,0.028915,-0.000127
0.624000,3.043613,16.050398,0.488110,50.452780,85.943669,328.058041,1813.041647,1.093619,4.160916,-0.281067,0.000000,0.029031,-0.000128
0.625000,3.053637,16.099909,0.488460,50.516857,85.943669,329.878359,1820.317845,1.094444,4.160785,-0.280870,0.000000,0.029148,-0.000129
0.626000,3.063678,16.149482,0.488805,50.580934,85.943669,331.705964,1827.605271,1.094230,4.154759,-0.281096,0.000000,0.029264,-0.000130
0.627000,3.073736,16.199118,0.489147,50.644924,85.943669,333.540868,1834.903920,1.095055,4.154627,-0.280899,0.000000,0.029381,-0.000130
0.628000,3.083809,16.248815,0.489484,50.708915,85.943669,335.383078,1842.210464,1.095880,4.154495,-0.280700,0.000000,0.029498,-0.000131
0.629000,3.093899,16.298574,0.489817,50.772907,85.943669,337.232607,1849.528199,1.096707,4.154363,-0.280502,0.000000,0.029616,-0.000132
0.630000,3.104006,16.348395,0.490146,50.836900,85.943669,339.089464,1856.857116,1.097535,4.154231,-0.280303,0.000000,0.029733,-0.000133
0.631000,3.114128,16.398278,0.490470,50.900894,85.943669,340.953661,1864.197206,1.097497,4.149187,-0.280458,0.000000,0.029851,-0.000134
0.632000,3.124267,16.448223,0.490791,50.964815,85.943669,342.825209,1871.548463,1.098326,4.149055,-0.280259,0.000000,0.029968,-0.000135
0.633000,3.134423,16.498230,0.491107,51.028738,85.943669,344.704118,1878.908076,1.099155,4.148922,-0.280059,0.000000,0.030086,-0.000136
0.634000,3.144595,16.548299,0.491419,51.092661,85.943669,346.590396,1886.278827,1.099986,4.148790,-0.279859,0.000000,0.030204,-0.000137
0.635000,3.154783,16.598430,0.491727,51.156586,85.943669,348.484057,1893.660707,1.100817,4.148657,-0.279659,0.000000,0.030323,-0.000138
0.636000,3.164988,16.648622,0.492031,51.220512,85.943669,350.385111,1901.053708,1.101649,4.148524,-0.279458,0.000000,0.030441,-0.000139
0.637000,3.175209,16.698877,0.492330,51.284440,85.943669,352.293569,1908.457823,1.101443,4.142497,-0.279681,0.000000,0.030560,-0.000140
0.638000,3.185447,16.749194,0.492625,51.348279,85.943669,354.209442,1915.873043,1.102276,4.142365,-0.279480,0.000000,0.030679,-0.000140
0.639000,3.195701,16.799572,0.492917,51.412119,85.943669,356.132738,1923.295945,1.103110,4.142232,-0.279279,0.000000,0.030798,-0.000141
0.640000,3.205971,16.850012,0.493204,51.475961,85.943669,358.063467,1930.729920,1.103944,4.142099,-0.279077,0.000000,0.030917,-0.000142
0.641000,3.216258,16.900514,0.493487,51.539804,85.943669,360.001642,1938.174960,1.104780,4.141965,-0.278875,0.000000,0.031036,-0.000143
0.642000,3.226562,16.951078,0.493765,51.603648,85.943669,361.947274,1945.631059,1.104750,4.136920,-0.279026,0.000000,0.031156,-0.000144
0.643000,3.236882,17.001703,0.494040,51.667419,85.943669,363.900372,1953.098208,1.105587,4.136787,-0.278823,0.000000,0.031275,-0.000145
0.644000,3.247218,17.052391,0.494310,51.731191,85.943669,365.860945,1960.573513,1.106424,4.136654,-0.278620,0.000000,0.031395,-0.000146
0.645000,3.257572,17.103140,0.494576,51.794965,85.943669,367.829005,1968.059839,1.107262,4.136520,-0.278417,0.000000,0.031515,-0.000147
0.646000,3.267941,17.153950,0.494838,51.858739,85.943669,369.804562,1975.557177,1.108101,4.136386,-0.278213,0.000000,0.031635,-0.000148
0.647000,3.278327,17.204823,0.495096,51.922515,85.943669,371.787628,1983.065520,1.108941,4.136253,-0.278009,0.000000,0.031756,-0.000149
0.648000,3.288730,17.255757,0.495350,51.986292,85.943669,373.778213,1990.584859,1.108916,4.131207,-0.278159,0.000000,0.031876,-0.000150
0.649000,3.299149,17.306753,0.495600,52.049996,85.943669,375.776328,1998.115187,1.109757,4.131073,-0.277954,0.000000,0.031997,-0.000151
0.650000,3.309585,17.357811,0.495845,52.113702,85.943669,377.781981,2005.653565,1.110598,4.130939,-0.277749,0.000000,0.032118,-0.000152
0.651000,3.320037,17.408930,0.496086,52.177408,85.943669,379.795184,2013.202902,1.111441,4.130805,-0.277544,0.000000,0.032239,-0.000153
0.652000,3.330506,17.460111,0.496323,52.241116,85.943669,381.815947,2020.763189,1.112285,4.130671,-0.277339,0.000000,0.032360,-0.000154
0.653000,3.340992,17.511353,0.496556,52.304825,85.943669,383.844282,2028.334420,1.113129,4.130536,-0.277133,0.000000,0.032482,-0.000155
0.654000,3.351494,17.562657,0.496785,52.368535,85.943669,385.880198,2035.916586,1.112935,4.124508,-0.277351,0.000000,0.032603,-0.000156
0.655000,3.362012,17.614023,0.497010,52.432157,85.943669,387.923708,2043.509678,1.113780,4.124373,-0.277144,0.000000,0.032725,-0.000157
0.656000,3.372548,17.665450,0.497231,52.495780,85.943669,389.974818,2051.110117,1.114626,4.124239,-0.276938,0.000000,0.032847,-0.000158
0.657000,3.383100,17.716939,0.497447,52.559405,85.943669,392.033540,2058.721451,1.115473,4.124104,-0.276731,0.000000,0.032969,-0.000159
0.658000,3.393669,17.768489,0.497659,52.623031,85.943669,394.099883,2066.343671,1.116320,4.123969,-0.276523,0.000000,0.033091,-0.000160
0.659000,3.404254,17.820101,0.497868,52.686658,85.943669,396.173860,2073.976769,1.117169,4.123834,-0.276316,0.000000,0.033213,-0.000161
0.660000,3.414856,17.871775,0.498072,52.750286,85.943669,398.255481,2081.620737,1.117086,4.117784,-0.276510,0.000000,0.033336,-0.000162
0.661000,3.425475,17.923510,0.498272,52.813826,85.943669,400.344756,2089.275567,1.117937,4.117648,-0.276301,0.000000,0.033459,-0.000163
0.662000,3.436110,17.975306,0.498468,52.877368,85.943669,402.441694,2096.937428,1.118790,4.117513,-0.276092,0.000000,0.033582,-0.000164
0.663000,3.446762,18.027164,0.498659,52.940910,85.943669,404.546304,2104.610114,1.119643,4.117377,-0.275882,0.000000,0.033705,-0.000165
0.664000,3.457431,18.079083,0.498847,53.004454,85.943669,406.658598,2112.293616,1.120497,4.117241,-0.275673,0.000000,0.033828,-0.000166
0.665000,3.468116,18.131064,0.499030,53.068000,85.943669,408.778586,2119.987927,1.121352,4.117105,-0.275463,0.000000,0.033951,-0.000168
0.666000,3.478818,18.183106,0.499210,53.131546,85.943669,410.906279,2127.693038,1.122208,4.116969,-0.275252,0.000000,0.034075,-0.000169
0.667000,3.489537,18.235210,0.499385,53.195094,85.943669,413.041688,2135.408941,1.121505,4.107992,-0.275678,0.000000,0.034199,-0.000170
0.668000,3.500273,18.287375,0.499556,53.258509,85.943669,415.184823,2143.135627,1.122361,4.107856,-0.275467,0.000000,0.034322,-0.000171
0.669000,3.511026,18.339601,0.499723,53.321925,85.943669,417.335691,2150.867554,1.123218,4.107720,-0.275256,0.000000,0.034446,-0.000172
0.670000,3.521795,18.391889,0.499886,53.385343,85.943669,419.494301,2158.610223,1.124076,4.107583,-0.275044,0.000000,0.034571,-0.000173
0.671000,3.532581,18.444238,0.500045,53.448761,85.943669,421.660665,2166.363628,1.124934,4.107447,-0.274833,0.000000,0.034695,-0.000174
0.672000,3.543384,18.496648,0.500200,53.512181,85.943669,423.834792,2174.127758,1.125793,4.107310,-0.274620,0.000000,0.034820,-0.000175
0.673000,3.554203,18.549119,0.500350,53.575603,85.943669,426.016695,2181.902606,1.126654,4.107174,-0.274408,0.000000,0.034944,-0.000176
0.674000,3.565040,18.601652,0.500497,53.639025,85.943669,428.206383,2189.688164,1.127515,4.107037,-0.274195,0.000000,0.035069,-0.000177
0.675000,3.575893,18.654246,0.500639,53.702449,85.943669,430.403867,2197.484422,1.128377,4.106900,-0.273982,0.000000,0.035194,-0.000179
0.676000,3.586763,18.706902,0.500778,53.765874,85.943669,432.609159,2205.291374,1.142404,4.181421,-0.268392,0.000000,0.035320,-0.000180
0.677000,3.597650,18.759619,0.500912,53.830432,85.943669,434.822268,2213.109009,1.143284,4.181280,-0.268175,0.000000,0.035446,-0.000181
0.678000,3.608554,18.812400,0.501042,53.894990,85.943669,437.043253,2220.985083,1.144164,4.181139,-0.267958,0.000000,0.035572,-0.000182
0.679000,3.619476,18.865242,0.501169,53.959550,85.943669,439.272125,2228.872025,1.145045,4.180998,-0.267740,0.000000,0.035699,-0.000183
0.680000,3.630414,18.918147,0.501291,54.024112,85.943669,441.508895,2236.769825,1.145927,4.180856,-0.267522,0.000000,0.035825,-0.000184
0.681000,3.641369,18.971115,0.501409,54.088674,85.943669,443.753573,2244.678475,1.146810,4.180715,-0.267304,0.000000,0.035952,-0.000185
0.682000,3.652342,19.024145,0.501524,54.153238,85.943669,446.006171,2252.597967,1.147694,4.180573,-0.267085,0.000000,0.036079,-0.000187
0.683000,3.663332,19.077237,0.501634,54.217803,85.943669,448.266700,2260.528290,1.148579,4.180431,-0.266866,0.000000,0.036207,-0.000188
0.684000,3.674339,19.130391,0.501740,54.282369,85.943669,450.535169,2268.469438,1.149464,4.180290,-0.266646,0.000000,0.036334,-0.000189
0.685000,3.685363,19.183608,0.501843,54.346936,85.943669,452.811590,2276.421400,1.167499,4.277399,-0.259423,0.000000,0.036462,-0.000190
0.686000,3.696404,19.236889,0.501941,54.412978,85.943669,455.095975,2284.384168,1.168407,4.277252,-0.259199,0.000000,0.036590,-0.000191
0.687000,3.707463,19.290234,0.502036,54.479022,85.943669,457.388396,2292.421291,1.169316,4.277105,-0.258975,0.000000,0.036719,-0.000192
0.688000,3.718539,19.343643,0.502127,54.545066,85.943669,459.688865,2300.469463,1.170226,4.276958,-0.258750,0.000000,0.036849,-0.000194
0.689000,3.729633,19.397115,0.502214,54.611112,85.943669,461.997394,2308.528673,1.171136,4.276811,-0.258524,0.000000,0.036978,-0.000195
0.690000,3.740744,19.450651,0.502297,54.677159,85.943669,464.313993,2316.598912,1.172048,4.276663,-0.258299,0.000000,0.037108,-0.000196
0.691000,3.751873,19.504251,0.502376,54.743207,85.943669,466.638673,2324.680172,1.172961,4.276516,-0.258073,0.000000,0.037237,-0.000197
0.692000,3.763019,19.557915,0.502451,54.809257,85.943669,468.971446,2332.772442,1.173875,4.276368,-0.257846,0.000000,0.037367,-0.000199
0.693000,3.774183,19.611643,0.502523,54.875307,85.943669,471.312321,2340.875714,1.174789,4.276220,-0.257620,0.000000,0.037497,-0.000200
0.694000,3.785365,19.665434,0.502591,54.941359,85.943669,473.661311,2348.989977,1.175705,4.276072,-0.257392,0.000000,0.037627,-0.000201
0.695000,3.796563,19.719289,0.502654,55.007412,85.943669,476.018426,2357.115224,1.176621,4.275923,-0.257165,0.000000,0.037758,-0.000202
0.696000,3.807780,19.773209,0.502714,55.073466,85.943669,478.383678,2365.251444,1.196419,4.382850,-0.249227,0.000000,0.037888,-0.000204
0.697000,3.819014,19.827193,0.502771,55.141144,85.943669,480.757076,2373.398627,1.197360,4.382696,-0.248994,0.000000,0.038020,-0.000205
0.698000,3.830266,19.881243,0.502823,55.208823,85.943669,483.138705,2381.628547,1.198302,4.382542,-0.248761,0.000000,0.038153,-0.000206
0.699000,3.841536,19.935359,0.502872,55.276503,85.943669,485.528575,2389.869696,1.199245,4.382388,-0.248527,0.000000,0.038285,-0.000207
0.700000,3.852824,19.989539,0.502917,55.344184,85.943669,487.926697,2398.122065,1.200189,4.382233,-0.248293,0.000000,0.038417,-0.000209
0.701000,3.864130,20.043786,0.502959,55.411866,85.943669,490.333082,2406.385643,1.201134,4.382079,-0.248059,0.000000,0.038550,-0.000210
0.702000,3.875454,20.098097,0.502997,55.479550,85.943669,492.747743,2414.660422,1.202080,4.381924,-0.247824,0.000000,0.038683,-0.000211
0.703000,3.886796,20.152474,0.503031,55.547235,85.943669,495.170689,2422.946391,1.203028,4.381769,-0.247589,0.000000,0.038816,-0.000212
0.704000,3.898155,20.206917,0.503061,55.614921,85.943669,497.601933,2431.243540,1.203976,4.381614,-0.247354,0.000000,0.038949,-0.000214
0.705000,3.909533,20.261424,0.503088,55.682608,85.943669,500.041485,2439.551859,1.204925,4.381459,-0.247118,0.000000,0.039083,-0.000215
0.706000,3.920929,20.315998,0.503110,55.750296,85.943669,502.489356,2447.871338,1.205875,4.381303,-0.246882,0.000000,0.039216,-0.000216
0.707000,3.932342,20.370636,0.503130,55.817986,85.943669,504.945558,2456.201967,1.206826,4.381148,-0.246645,0.000000,0.039350,-0.000218
0.708000,3.943774,20.425340,0.503145,55.885677,85.943669,507.410102,2464.543736,1.207778,4.380992,-0.246408,0.000000,0.039484,-0.000219
0.709000,3.955224,20.480110,0.503157,55.953369,85.943669,509.882998,2472.896636,1.208732,4.380836,-0.246171,0.000000,0.039618,-0.000220
0.710000,3.966692,20.534944,0.503166,56.021062,85.943669,512.364259,2481.260656,1.209686,4.380680,-0.245933,0.000000,0.039752,-0.000222
0.711000,3.978177,20.589844,0.503170,56.088756,85.943669,514.853895,2489.635785,1.210641,4.380524,-0.245694,0.000000,0.039887,-0.000223
0.712000,3.989681,20.644810,0.503171,56.156452,85.943669,517.351917,2498.022015,1.156169,4.066018,-0.268092,0.000000,0.040022,-0.000224
0.713000,4.001203,20.699837,0.503168,56.220341,85.943669,519.960555,2608.638015,1.157072,4.065874,-0.258055,0.000000,0.041353,-0.000239
0.714000,4.012741,20.754926,0.503161,56.284230,85.943669,522.577745,2617.189919,1.157977,4.065729,-0.257826,0.000000,0.041489,-0.000241
0.715000,4.024298,20.810076,0.503150,56.348122,85.943669,525.203497,2625.752560,1.158882,4.065585,-0.257595,0.000000,0.041625,-0.000242
0.716000,4.035872,20.865288,0.503136,56.412014,85.943669,527.837823,2634.325926,1.159788,4.065440,-0.257365,0.000000,0.041762,-0.000244
0.717000,4.047463,20.920562,0.503117,56.475908,85.943669,530.480733,2642.910009,1.160694,4.065295,-0.257134,0.000000,0.041898,-0.000245
0.718000,4.059073,20.975897,0.503094,56.539803,85.943669,533.132238,2651.504798,1.161602,4.065149,-0.256903,0.000000,0.042035,-0.000247
0.719000,4.070699,21.031293,0.503068,56.603700,85.943669,535.792348,2660.110283,1.162511,4.065004,-0.256671,0.000000,0.042172,-0.000248
0.720000,4.082344,21.086752,0.503038,56.667598,85.943669,538.461075,2668.726454,1.163420,4.064859,-0.256439,0.000000,0.042309,-0.000250
0.721000,4.094006,21.142272,0.503003,56.731497,85.943669,541.138428,2677.353302,1.164331,4.064713,-0.256206,0.000000,0.042446,-0.000252
0.722000,4.105685,21.197853,0.502965,56.795397,85.943669,543.824419,2685.990816,1.155196,4.007591,-0.260076,0.000000,0.042583,-0.000253
0.723000,4.117383,21.253495,0.502923,56.858423,85.943669,546.519058,2694.638986,1.156095,4.007448,-0.259845,0.000000,0.042720,-0.000255
0.724000,4.129097,21.309198,0.502877,56.921450,85.943669,549.222313,2703.255064,1.156996,4.007305,-0.259614,0.000000,0.042857,-0.000256
0.725000,4.140829,21.364962,0.502828,56.984478,85.943669,551.934195,2711.881622,1.157898,4.007162,-0.259383,0.000000,0.042994,-0.000258
0.726000,4.152579,21.420786,0.502774,57.047507,85.943669,554.654713,2720.518650,1.160705,4.017824,-0.258373,0.000000,0.043132,-0.000259
0.727000,4.164346,21.476672,0.502716,57.110704,85.943669,557.383879,2729.166138,1.161611,4.017680,-0.258140,0.000000,0.043270,-0.000261
0.728000,4.176131,21.532618,0.502654,57.173903,85.943669,560.121712,2737.832251,1.162518,4.017536,-0.257907,0.000000,0.043407,-0.000262
0.729000,4.187934,21.588625,0.502589,57.237103,85.943669,562.868220,2746.508835,1.163425,4.017391,-0.257673,0.000000,0.043545,-0.000264
0.730000,4.199754,21.644692,0.502519,57.300304,85.943669,565.623416,2755.195878,1.164333,4.017246,-0.257439,0.000000,0.043684,-0.000266
0.731000,4.211592,21.700821,0.502446,57.363506,85.943669,568.387310,2763.893371,1.165242,4.017102,-0.257205,0.000000,0.043822,-0.000267
0.732000,4.223447,21.757011,0.502369,57.426710,85.943669,571.159911,2772.601304,1.168924,4.032674,-0.255838,0.000000,0.043961,-0.000269
0.733000,4.235321,21.813261,0.502288,57.490156,85.943669,572.957795,1797.884165,1.169838,4.032528,-0.255603,0.000000,0.044100,-0.000270
0.734000,4.247211,21.869573,0.502203,57.553605,85.943669,572.957795,0.000000,1.170754,4.032382,-0.255367,0.000000,0.044239,-0.000270
0.735000,4.259120,21.925946,0.502114,57.617054,85.943669,572.957795,0.000000,1.171670,4.032236,-0.255130,0.000000,0.044378,-0.000270
0.736000,4.271046,21.982380,0.502021,57.680505,85.943669,572.957795,0.000000,1.172587,4.032090,-0.254893,0.000000,0.044517,-0.000271
0.737000,4.282991,22.038875,0.501924,57.743957,85.943669,572.957795,0.000000,1.173505,4.031943,-0.254656,0.000000,0.044657,-0.000271
0.738000,4.294953,22.095431,0.501824,57.807410,85.943669,572.957795,0.000000,1.174424,4.031796,-0.254418,0.000000,0.044797,-0.000271
0.739000,4.306932,22.152049,0.501720,57.870865,85.943669,572.957795,0.000000,1.175343,4.031650,-0.254180,0.000000,0.044937,-0.000272
0.740000,4.318930,22.208727,0.501612,57.934321,85.943669,572.957795,0.000000,1.179902,4.052132,-0.252457,0.000000,0.045077,-0.000272
0.741000,4.330945,22.265467,0.501500,57.998095,85.943669,572.957795,0.000000,1.180828,4.051984,-0.252217,0.000000,0.045217,-0.000272
0.742000,4.342979,22.322268,0.501384,58.061871,85.943669,572.957795,0.000000,1.181755,4.051835,-0.251977,0.000000,0.045358,-0.000273
0.743000,4.355030,22.379130,0.501264,58.125648,85.943669,572.957795,0.000000,1.182683,4.051687,-0.251736,0.000000,0.045499,-0.000273
0.744000,4.367099,22.436054,0.501141,58.189427,85.943669,572.957795,0.000000,1.183611,4.051538,-0.251496,0.000000,0.045640,-0.000273
0.745000,4.379186,22.493039,0.501013,58.253207,85.943669,572.957795,0.000000,1.184541,4.051389,-0.251254,0.000000,0.045781,-0.000273
0.746000,4.391291,22.550086,0.500882,58.316988,85.943669,572.957795,0.000000,1.185472,4.051240,-0.251013,0.000000,0.045922,-0.000274
0.747000,4.403414,22.607194,0.500748,58.380771,85.943669,572.957795,0.000000,1.186403,4.051091,-0.250771,0.000000,0.046064,-0.000274
0.748000,4.415555,22.664364,0.500609,58.444554,85.943669,572.957795,0.000000,1.187336,4.050942,-0.250528,0.000000,0.046206,-0.000274
0.749000,4.427714,22.721594,0.500466,58.508340,85.943669,572.957795,0.000000,1.191214,4.067492,-0.249083,0.000000,0.046348,-0.000275
0.750000,4.439891,22.778887,0.500320,58.572383,85.943669,572.957795,0.000000,1.192152,4.067342,-0.248839,0.000000,0.046490,-0.000275
0.751000,4.452086,22.836241,0.500170,58.636428,85.943669,572.957795,0.000000,1.193090,4.067191,-0.248595,0.000000,0.046632,-0.000275
0.752000,4.464299,22.893657,0.500016,58.700474,85.943669,572.957795,0.000000,1.194074,4.067032,-0.248341,0.000000,0.046775,-0.000276
0.753000,4.476530,22.951134,0.499859,58.764521,85.943669,572.957795,0.000000,1.195086,4.066868,-0.248080,0.000000,0.046918,-0.000276
0.754000,4.488780,23.008673,0.499698,58.828570,85.943669,572.957795,0.000000,1.196100,4.066703,-0.247819,0.000000,0.047061,-0.000276
0.755000,4.501047,23.066273,0.499533,58.892620,85.943669,572.957795,0.000000,1.197115,4.066538,-0.247557,0.000000,0.047204,-0.000276
0.756000,4.513333,23.123935,0.499364,58.956671,85.943669,572.957795,0.000000,1.200729,4.081108,-0.246234,0.000000,0.047347,-0.000277
0.757000,4.525636,23.181659,0.499191,59.020951,85.943669,572.957795,0.000000,1.201750,4.080942,-0.245971,0.000000,0.047491,-0.000277
0.758000,4.537958,23.239445,0.499015,59.085231,85.943669,572.957795,0.000000,1.202771,4.080776,-0.245707,0.000000,0.047635,-0.000277
0.759000,4.550299,23.297293,0.498835,59.149513,85.943669,572.957795,0.000000,1.203794,4.080609,-0.245443,0.000000,0.047779,-0.000278
0.760000,4.562657,23.355202,0.498651,59.213797,85.943669,572.957795,0.000000,1.204818,4.080442,-0.245179,0.000000,0.047923,-0.000278
0.761000,4.575034,23.413174,0.498464,59.278082,85.943669,572.957795,0.000000,1.205843,4.080276,-0.244914,0.000000,0.048067,-0.000278
0.762000,4.587429,23.471207,0.498273,59.342368,85.943669,572.957795,0.000000,1.206870,4.080108,-0.244648,0.000000,0.048212,-0.000279
0.763000,4.599842,23.529302,0.498078,59.406656,85.943669,572.957795,0.000000,1.210495,4.094676,-0.243321,0.000000,0.048356,-0.000279
0.764000,4.612274,23.587459,0.497880,59.471171,85.943669,572.957795,0.000000,1.211527,4.094508,-0.243054,0.000000,0.048501,-0.000279
0.765000,4.624724,23.645678,0.497677,59.535688,85.943669,572.957795,0.000000,1.212561,4.094339,-0.242786,0.000000,0.048646,-0.000279
0.766000,4.637192,23.703959,0.497471,59.600206,85.943669,572.957795,0.000000,1.213595,4.094171,-0.242518,0.000000,0.048792,-0.000280
0.767000,4.649679,23.762302,0.497262,59.664726,85.943669,572.957795,0.000000,1.214631,4.094002,-0.242249,0.000000,0.048937,-0.000280
0.768000,4.662184,23.820707,0.497049,59.729247,85.943669,572.957795,0.000000,1.215667,4.093833,-0.241980,0.000000,0.049083,-0.000280
0.769000,4.674707,23.879174,0.496832,59.793769,85.943669,572.957795,0.000000,1.218957,4.106434,-0.240791,0.000000,0.049229,-0.000281
0.770000,4.687249,23.937704,0.496611,59.858489,85.943669,572.957795,0.000000,1.219999,4.106264,-0.240520,0.000000,0.049375,-0.000281
0.771000,4.699810,23.996295,0.496387,59.923211,85.943669,572.957795,0.000000,1.221043,4.106093,-0.240249,0.000000,0.049521,-0.000281
0.772000,4.712389,24.054949,0.496159,59.987934,85.943669,572.957795,0.000000,1.222087,4.105922,-0.239977,0.000000,0.049668,-0.000282
0.773000,4.724986,24.113665,0.495928,60.052658,85.943669,572.957795,0.000000,1.223133,4.105752,-0.239705,0.000000,0.049814,-0.000282
0.774000,4.737602,24.172443,0.495693,60.117383,85.943669,572.957795,0.000000,1.224179,4.105581,-0.239433,0.000000,0.049961,-0.000282
0.775000,4.750237,24.231284,0.495454,60.182111,85.943669,572.957795,0.000000,1.227479,4.118180,-0.238240,0.000000,0.050108,-0.000282
0.776000,4.762890,24.290187,0.495212,60.247035,85.943669,572.957795,0.000000,1.228531,4.118008,-0.237966,0.000000,0.050256,-0.000283
0.777000,4.775562,24.349152,0.494966,60.311961,85.943669,572.957795,0.000000,1.229585,4.117835,-0.237691,0.000000,0.050403,-0.000283
0.778000,4.788252,24.408179,0.494716,60.376889,85.943669,572.957795,0.000000,1.230639,4.117663,-0.237416,0.000000,0.050551,-0.000283
0.779000,4.800962,24.467269,0.494463,60.441818,85.943669,572.957795,0.000000,1.231695,4.117490,-0.237140,0.000000,0.050699,-0.000284
0.780000,4.813689,24.526422,0.494206,60.506748,85.943669,572.957795,0.000000,1.232751,4.117317,-0.236864,0.000000,0.050847,-0.000284
0.781000,4.826436,24.585637,0.493946,60.571680,85.943669,572.957795,0.000000,1.236061,4.129914,-0.235668,0.000000,0.050995,-0.000284
0.782000,4.839201,24.644914,0.493682,60.636809,85.943669,572.957795,0.000000,1.237124,4.129740,-0.235390,0.000000,0.051143,-0.000285
0.783000,4.851985,24.704254,0.493415,60.701940,85.943669,572.957795,0.000000,1.238187,4.129566,-0.235112,0.000000,0.051292,-0.000285
0.784000,4.864787,24.763656,0.493144,60.767072,85.943669,572.957795,0.000000,1.239252,4.129391,-0.234833,0.000000,0.051441,-0.000285
0.785000,4.877609,24.823121,0.492869,60.832206,85.943669,572.957795,0.000000,1.240317,4.129216,-0.234554,0.000000,0.051590,-0.000286
0.786000,4.890449,24.882649,0.492591,60.897341,85.943669,572.957795,0.000000,1.241384,4.129041,-0.234274,0.000000,0.051739,-0.000286
0.787000,4.903308,24.942239,0.492309,60.962477,85.943669,572.957795,0.000000,1.244704,4.141637,-0.233074,0.000000,0.051888,-0.000286
0.788000,4.916186,25.001892,0.492024,61.027812,85.943669,572.957795,0.000000,1.245777,4.141460,-0.232793,0.000000,0.052038,-0.000286
0.789000,4.929083,25.061608,0.491736,61.093147,85.943669,572.957795,0.000000,1.246851,4.141284,-0.232511,0.000000,0.052188,-0.000287
0.790000,4.941998,25.121386,0.491443,61.158484,85.943669,572.957795,0.000000,1.247925,4.141108,-0.232228,0.000000,0.052338,-0.000287
0.791000,4.954933,25.181227,0.491148,61.223823,85.943669,572.957795,0.000000,1.249001,4.140931,-0.231945,0.000000,0.052488,-0.000287
0.792000,4.967887,25.241131,0.490848,61.289162,85.943669,572.957795,0.000000,1.250079,4.140754,-0.231662,0.000000,0.052638,-0.000288
0.793000,4.980859,25.301098,0.490545,61.354504,85.943669,572.957795,0.000000,1.253582,4.154329,-0.230388,0.000000,0.052788,-0.000288
0.794000,4.993850,25.361128,0.490239,61.420058,85.943669,572.957795,0.000000,1.254665,4.154151,-0.230103,0.000000,0.052939,-0.000288
0.795000,5.006861,25.421220,0.489929,61.485613,85.943669,572.957795,0.000000,1.255749,4.153973,-0.229817,0.000000,0.053090,-0.000289
0.796000,5.019890,25.481376,0.489616,61.551170,85.943669,572.957795,0.000000,1.256834,4.153794,-0.229531,0.000000,0.053241,-0.000289
0.797000,5.032939,25.541594,0.489299,61.616728,85.943669,572.957795,0.000000,1.257921,4.153615,-0.229244,0.000000,0.053393,-0.000289
0.798000,5.046006,25.601875,0.488979,61.682288,85.943669,572.957795,0.000000,1.259009,4.153436,-0.228957,0.000000,0.053544,-0.000290
0.799000,5.059093,25.662220,0.488656,61.747849,85.943669,572.957795,0.000000,1.262696,4.167992,-0.227609,0.000000,0.053696,-0.000290
0.800000,5.072199,25.722627,0.488328,61.813638,85.943669,572.957795,0.000000,1.263790,4.167812,-0.227320,0.000000,0.053848,-0.000290
0.801000,5.085324,25.783098,0.487998,61.879429,85.943669,572.957795,0.000000,1.264885,4.167631,-0.227030,0.000000,0.054000,-0.000290
0.802000,5.098468,25.843631,0.487664,61.945220,85.943669,572.957795,0.000000,1.265981,4.167451,-0.226740,0.000000,0.054152,-0.000291
0.803000,5.111631,25.904228,0.487326,62.011014,85.943669,572.957795,0.000000,1.267078,4.167270,-0.226450,0.000000,0.054305,-0.000291
0.804000,5.124814,25.964888,0.486986,62.076809,85.943669,572.957795,0.000000,1.268177,4.167088,-0.226159,0.000000,0.054458,-0.000291
0.805000,5.138015,26.025611,0.486641,62.142605,85.943669,572.957795,0.000000,1.269277,4.166907,-0.225868,0.000000,0.054610,-0.000292
0.806000,5.151236,26.086398,0.486294,62.208402,85.943669,572.957795,0.000000,1.273149,4.182443,-0.224444,0.000000,0.054763,-0.000292
0.807000,5.164476,26.147247,0.485942,62.274443,85.943669,572.957795,0.000000,1.274255,4.182260,-0.224151,0.000000,0.054917,-0.000292
0.808000,5.177736,26.208160,0.485588,62.340485,85.943669,572.957795,0.000000,1.275362,4.182077,-0.223857,0.000000,0.055070,-0.000293
0.809000,5.191015,26.269137,0.485230,62.406529,85.943669,572.957795,0.000000,1.276471,4.181894,-0.223563,0.000000,0.055224,-0.000293
0.810000,5.204313,26.330176,0.484869,62.472574,85.943669,572.957795,0.000000,1.277581,4.181710,-0.223268,0.000000,0.055378,-0.000293
0.811000,5.217630,26.391280,0.484504,62.538620,85.943669,572.957795,0.000000,1.278692,4.181527,-0.222972,0.000000,0.055532,-0.000294
0.812000,5.230967,26.452446,0.484136,62.604668,85.943669,572.957795,0.000000,1.279804,4.181343,-0.222677,0.000000,0.055686,-0.000294
0.813000,5.244324,26.513676,0.483765,62.670717,85.943669,572.957795,0.000000,1.284208,4.199823,-0.221036,0.000000,0.055840,-0.000294
0.814000,5.257699,26.574969,0.483390,62.737055,85.943669,572.957795,0.000000,1.285328,4.199638,-0.220738,0.000000,0.055995,-0.000294
0.815000,5.271095,26.636326,0.483012,62.803394,85.943669,572.957795,0.000000,1.286448,4.199452,-0.220440,0.000000,0.056150,-0.000295
0.816000,5.284509,26.697747,0.482630,62.869734,85.943669,572.957795,0.000000,1.287570,4.199266,-0.220141,0.000000,0.056305,-0.000295
0.817000,5.297944,26.759231,0.482245,62.936076,85.943669,572.957795,0.000000,1.288693,4.199080,-0.219841,0.000000,0.056460,-0.000295
0.818000,5.311397,26.820779,0.481857,63.002420,85.943669,572.957795,0.000000,1.289817,4.198894,-0.219541,0.000000,0.056616,-0.000296
0.819000,5.324871,26.882391,0.481466,63.068765,85.943669,572.957795,0.000000,1.290942,4.198707,-0.219241,0.000000,0.056771,-0.000296
0.820000,5.338363,26.944066,0.481071,63.135111,85.943669,572.957795,0.000000,1.292069,4.198521,-0.218940,0.000000,0.056927,-0.000296
0.821000,5.351876,27.005805,0.480673,63.201459,85.943669,572.957795,0.000000,1.293197,4.198334,-0.218638,0.000000,0.057083,-0.000297
0.822000,5.365408,27.067607,0.480272,63.267808,85.943669,572.957795,0.000000,1.294326,4.198146,-0.218336,0.000000,0.057239,-0.000297
0.823000,5.378960,27.129473,0.479867,63.334159,85.943669,572.957795,0.000000,1.299960,4.223500,-0.216194,0.000000,0.057395,-0.000297
0.824000,5.392531,27.191403,0.479459,63.400904,85.943669,572.957795,0.000000,1.301098,4.223311,-0.215890,0.000000,0.057552,-0.000298
0.825000,5.406122,27.253397,0.479048,63.467650,85.943669,572.957795,0.000000,1.302237,4.223121,-0.215585,0.000000,0.057709,-0.000298
0.826000,5.419733,27.315455,0.478633,63.534398,85.943669,572.957795,0.000000,1.303378,4.222931,-0.215279,0.000000,0.057866,-0.000298
0.827000,5.433363,27.377577,0.478215,63.601147,85.943669,572.957795,0.000000,1.304519,4.222742,-0.214973,0.000000,0.058023,-0.000299
0.828000,5.447014,27.439763,0.477794,63.667897,85.943669,572.957795,0.000000,1.305662,4.222551,-0.214666,0.000000,0.058181,-0.000299
0.829000,5.460684,27.502013,0.477370,63.734649,85.943669,572.957795,0.000000,1.306807,4.222361,-0.214359,0.000000,0.058338,-0.000299
0.830000,5.474374,27.564327,0.476942,63.801403,85.943669,572.957795,0.000000,1.307952,4.222171,-0.214051,0.000000,0.058496,-0.000299
0.831000,5.488083,27.626705,0.476512,63.868158,85.943669,572.957795,0.000000,1.309099,4.221980,-0.213743,0.000000,0.058654,-0.000300
0.832000,5.501813,27.689147,0.476078,63.934915,85.943669,572.957795,0.000000,1.310246,4.221789,-0.213434,0.000000,0.058812,-0.000300
0.833000,5.515562,27.751653,0.475640,64.001673,85.943669,572.957795,0.000000,1.311396,4.221597,-0.213125,0.000000,0.058970,-0.000300
0.834000,5.529331,27.814222,0.475200,64.068432,85.943669,572.957795,0.000000,1.312546,4.221406,-0.212815,0.000000,0.059128,-0.000301
0.835000,5.543121,27.876856,0.474756,64.135193,85.943669,572.957795,0.000000,1.313697,4.221214,-0.212504,0.000000,0.059287,-0.000301
0.836000,5.556930,27.939554,0.474309,64.201956,85.943669,572.957795,0.000000,1.314850,4.221022,-0.212193,0.000000,0.059446,-0.000301
0.837000,5.570759,28.002316,0.473859,64.268720,85.943669,572.957795,0.000000,1.316004,4.220830,-0.211882,0.000000,0.059604,-0.000302
0.838000,5.584607,28.065141,0.473406,64.335486,85.943669,572.957795,0.000000,1.323741,4.257966,-0.208882,0.000000,0.059763,-0.000302
0.839000,5.598476,28.128031,0.472949,64.402826,85.943669,572.957795,0.000000,1.324908,4.257771,-0.208567,0.000000,0.059923,-0.000302
0.840000,5.612365,28.190986,0.472489,64.470168,85.943669,572.957795,0.000000,1.326075,4.257576,-0.208252,0.000000,0.060083,-0.000303
0.841000,5.626275,28.254005,0.472027,64.537512,85.943669,572.957795,0.000000,1.327244,4.257381,-0.207936,0.000000,0.060243,-0.000303
0.842000,5.640204,28.317089,0.471561,64.604857,85.943669,572.957795,0.000000,1.328414,4.257185,-0.207620,0.000000,0.060403,-0.000303
0.843000,5.654153,28.380237,0.471091,64.672204,85.943669,572.957795,0.000000,1.329585,4.256989,-0.207303,0.000000,0.060563,-0.000304
0.844000,5.668123,28.443450,0.470619,64.739552,85.943669,572.957795,0.000000,1.330758,4.256793,-0.206985,0.000000,0.060724,-0.000304
0.845000,5.682112,28.506727,0.470144,64.806901,85.943669,572.957795,0.000000,1.331932,4.256597,-0.206667,0.000000,0.060884,-0.000304
0.846000,5.696122,28.570068,0.469665,64.874253,85.943669,572.957795,0.000000,1.333107,4.256400,-0.206349,0.000000,0.061045,-0.000305
0.847000,5.710152,28.633474,0.469183,64.941605,85.943669,572.957795,0.000000,1.334283,4.256203,-0.206030,0.000000,0.061206,-0.000305
0.848000,5.724203,28.696945,0.468699,65.008960,85.943669,572.957795,0.000000,1.335461,4.256006,-0.205710,0.000000,0.061367,-0.000305
0.849000,5.738273,28.760480,0.468211,65.076315,85.943669,572.957795,0.000000,1.338198,4.264650,-0.204753,0.000000,0.061529,-0.000305
0.850000,5.752364,28.824080,0.467720,65.143808,85.943669,572.957795,0.000000,1.339381,4.264452,-0.204432,0.000000,0.061690,-0.000306
0.851000,5.766475,28.887744,0.467226,65.211303,85.943669,572.957795,0.000000,1.340564,4.264254,-0.204110,0.000000,0.061852,-0.000306
0.852000,5.780606,28.951473,0.466728,65.278799,85.943669,572.957795,0.000000,1.341749,4.264055,-0.203788,0.000000,0.062014,-0.000306
0.853000,5.794758,29.015267,0.466228,65.346297,85.943669,572.957795,0.000000,1.342935,4.263856,-0.203465,0.000000,0.062176,-0.000307
0.854000,5.808930,29.079125,0.465725,65.413796,85.943669,572.957795,0.000000,1.343603,4.260710,-0.203353,0.000000,0.062338,-0.000307
0.855000,5.823123,29.143048,0.465218,65.481252,85.943669,572.957795,0.000000,1.344791,4.260511,-0.203029,0.000000,0.062500,-0.000307
0.856000,5.837335,29.207035,0.464709,65.548709,85.943669,572.957795,0.000000,1.345980,4.260311,-0.202705,0.000000,0.062663,-0.000308
0.857000,5.851569,29.271087,0.464196,65.616167,85.943669,572.957795,0.000000,1.347170,4.260112,-0.202380,0.000000,0.062825,-0.000308
0.858000,5.865822,29.335203,0.463680,65.683628,85.943669,572.957795,0.000000,1.348362,4.259912,-0.202054,0.000000,0.062988,-0.000308
0.859000,5.880096,29.399384,0.463162,65.751089,85.943669,572.957795,0.000000,1.349555,4.259712,-0.201728,0.000000,0.063151,-0.000309
0.860000,5.894391,29.463629,0.462640,65.818553,85.943669,572.957795,0.000000,1.350749,4.259511,-0.201401,0.000000,0.063314,-0.000309
0.861000,5.908706,29.527939,0.462115,65.886017,85.943669,572.957795,0.000000,1.351251,4.255381,-0.201357,0.000000,0.063477,-0.000309
0.862000,5.923041,29.592314,0.461587,65.953423,85.943669,572.957795,0.000000,1.352446,4.255181,-0.201029,0.000000,0.063641,-0.000310
0.863000,5.937397,29.656753,0.461056,66.020831,85.943669,572.957795,0.000000,1.353643,4.254980,-0.200701,0.000000,0.063804,-0.000310
0.864000,5.951773,29.721256,0.460522,66.088240,85.943669,572.957795,0.000000,1.354841,4.254779,-0.200372,0.000000,0.063968,-0.000310
0.865000,5.966170,29.785824,0.459985,66.155651,85.943669,572.957795,0.000000,1.356040,4.254577,-0.200042,0.000000,0.064132,-0.000311
0.866000,5.980588,29.850456,0.459445,66.223063,85.943669,572.957795,0.000000,1.357241,4.254376,-0.199712,0.000000,0.064296,-0.000311
0.867000,5.995026,29.915153,0.458902,66.290477,85.943669,572.957795,0.000000,1.358442,4.254174,-0.199382,0.000000,0.064460,-0.000311
0.868000,6.009484,29.979914,0.458356,66.357893,85.943669,572.957795,0.000000,1.359645,4.253972,-0.199050,0.000000,0.064624,-0.000311
0.869000,6.023964,30.044740,0.457807,66.425310,85.943669,572.957795,0.000000,1.360849,4.253769,-0.198719,0.000000,0.064788,-0.000312
0.870000,6.038464,30.109630,0.457255,66.492728,85.943669,572.957795,0.000000,1.361362,4.249637,-0.198669,0.000000,0.064953,-0.000312
0.871000,6.052984,30.174585,0.456700,66.560088,85.943669,572.957795,0.000000,1.362567,4.249435,-0.198337,0.000000,0.065117,-0.000312
0.872000,6.067525,30.239604,0.456142,66.627450,85.943669,572.957795,0.000000,1.363774,4.249232,-0.198003,0.000000,0.065282,-0.000313
0.873000,6.082087,30.304687,0.455580,66.694813,85.943669,572.957795,0.000000,1.364982,4.249029,-0.197670,0.000000,0.065447,-0.000313
0.874000,6.096669,30.369835,0.455016,66.762178,85.943669,572.957795,0.000000,1.366191,4.248825,-0.197335,0.000000,0.065612,-0.000313
0.875000,6.111273,30.435047,0.454449,66.829544,85.943669,572.957795,0.000000,1.367402,4.248622,-0.197000,0.000000,0.065778,-0.000314
0.876000,6.125897,30.500323,0.453879,66.896912,85.943669,572.957795,0.000000,1.368613,4.248418,-0.196665,0.000000,0.065943,-0.000314
0.877000,6.140541,30.565664,0.453306,66.964281,85.943669,572.957795,0.000000,1.369826,4.248214,-0.196328,0.000000,0.066109,-0.000314
0.878000,6.155207,30.631069,0.452730,67.031652,85.943669,572.957795,0.000000,1.371041,4.248009,-0.195992,0.000000,0.066274,-0.000315
0.879000,6.169893,30.696539,0.452151,67.099025,85.943669,572.957795,0.000000,1.371736,4.244858,-0.195867,0.000000,0.066440,-0.000315
0.880000,6.184600,30.762073,0.451569,67.166354,85.943669,572.957795,0.000000,1.372952,4.244653,-0.195529,0.000000,0.066606,-0.000315
0.881000,6.199327,30.827671,0.450984,67.233685,85.943669,572.957795,0.000000,1.374169,4.244448,-0.195190,0.000000,0.066772,-0.000316
0.882000,6.214076,30.893333,0.450396,67.301017,85.943669,572.957795,0.000000,1.375388,4.244243,-0.194852,0.000000,0.066938,-0.000316
0.883000,6.228845,30.959060,0.449805,67.368351,85.943669,572.957795,0.000000,1.376607,4.244037,-0.194512,0.000000,0.067105,-0.000316
0.884000,6.243636,31.024851,0.449211,67.435687,85.943669,572.957795,0.000000,1.377828,4.243832,-0.194172,0.000000,0.067271,-0.000317
0.885000,6.258447,31.090707,0.448615,67.503024,85.943669,572.957795,0.000000,1.379050,4.243626,-0.193831,0.000000,0.067438,-0.000317
0.886000,6.273279,31.156626,0.448015,67.570363,85.943669,572.957795,0.000000,1.379754,4.240472,-0.193702,0.000000,0.067605,-0.000317
0.887000,6.288132,31.222610,0.447412,67.637658,85.943669,572.957795,0.000000,1.380977,4.240266,-0.193361,0.000000,0.067772,-0.000317
0.888000,6.303006,31.288658,0.446807,67.704955,85.943669,572.957795,0.000000,1.382202,4.240060,-0.193018,0.000000,0.067939,-0.000318
0.889000,6.317900,31.354771,0.446198,67.772254,85.943669,572.957795,0.000000,1.383429,4.239853,-0.192675,0.000000,0.068106,-0.000318
0.890000,6.332816,31.420947,0.445587,67.839554,85.943669,572.957795,0.000000,1.384656,4.239646,-0.192332,0.000000,0.068274,-0.000318
0.891000,6.347753,31.487188,0.444973,67.906856,85.943669,572.957795,0.000000,1.385885,4.239439,-0.191988,0.000000,0.068441,-0.000319
0.892000,6.362711,31.553494,0.444355,67.974159,85.943669,572.957795,0.000000,1.387114,4.239231,-0.191643,0.000000,0.068609,-0.000319
0.893000,6.377689,31.619863,0.443735,68.041464,85.943669,572.957795,0.000000,1.387826,4.236076,-0.191510,0.000000,0.068777,-0.000319
0.894000,6.392689,31.686296,0.443112,68.108726,85.943669,572.957795,0.000000,1.389057,4.235868,-0.191165,0.000000,0.068945,-0.000320
0.895000,6.407710,31.752794,0.442486,68.175989,85.943669,572.957795,0.000000,1.390290,4.235660,-0.190818,0.000000,0.069113,-0.000320
0.896000,6.422752,31.819356,0.441857,68.243254,85.943669,572.957795,0.000000,1.391524,4.235452,-0.190471,0.000000,0.069281,-0.000320
0.897000,6.437815,31.885982,0.441226,68.310520,85.943669,572.957795,0.000000,1.392759,4.235243,-0.190124,0.000000,0.069449,-0.000321
0.898000,6.452899,31.952672,0.440591,68.377789,85.943669,572.957795,0.000000,1.393996,4.235034,-0.189776,0.000000,0.069618,-0.000321
0.899000,6.468004,32.019427,0.439954,68.445059,85.943669,572.957795,0.000000,1.394714,4.231878,-0.189640,0.000000,0.069786,-0.000321
0.900000,6.483131,32.086246,0.439313,68.513318,85.943669,572.957795,0.000000,1.395971,4.231664,-0.179479,0.000000,0.072048,-0.000341
0.901000,6.498279,32.153131,0.438670,68.581579,85.943669,572.957795,0.000000,1.397229,4.231450,-0.179124,0.000000,0.072222,-0.000341
0.902000,6.513449,32.220081,0.438025,68.649841,85.943669,572.957795,0.000000,1.398489,4.231236,-0.178768,0.000000,0.072397,-0.000342
0.903000,6.528640,32.287096,0.437376,68.718106,85.943669,572.957795,0.000000,1.399749,4.231021,-0.178412,0.000000,0.072572,-0.000342
0.904000,6.543852,32.354175,0.436725,68.786372,85.943669,572.957795,0.000000,1.401011,4.230806,-0.178055,0.000000,0.072747,-0.000342
0.905000,6.559087,32.421320,0.436071,68.854639,85.943669,572.957795,0.000000,1.402274,4.230591,-0.177698,0.000000,0.072922,-0.000343
0.906000,6.574343,32.488531,0.435414,68.922909,85.943669,572.957795,0.000000,1.403019,4.227429,-0.177552,0.000000,0.073098,-0.000343
0.907000,6.589620,32.555806,0.434755,68.991134,85.943669,572.957795,0.000000,1.404284,4.227213,-0.177193,0.000000,0.073273,-0.000344
0.908000,6.604919,32.623146,0.434093,69.059361,85.943669,572.957795,0.000000,1.405550,4.226998,-0.176834,0.000000,0.073449,-0.000344
0.909000,6.620240,32.690551,0.433428,69.127590,85.943669,572.957795,0.000000,1.406818,4.226781,-0.176475,0.000000,0.073625,-0.000344
0.910000,6.635582,32.758021,0.432760,69.195820,85.943669,572.957795,0.000000,1.408087,4.226565,-0.176114,0.000000,0.073801,-0.000345
0.911000,6.650946,32.825556,0.432090,69.264052,85.943669,572.957795,0.000000,1.409357,4.226349,-0.175753,0.000000,0.073977,-0.000345
0.912000,6.666331,32.893157,0.431417,69.332286,85.943669,572.957795,0.000000,1.410108,4.223185,-0.175604,0.000000,0.074153,-0.000345
0.913000,6.681739,32.960822,0.430741,69.400476,85.943669,572.957795,0.000000,1.411380,4.222968,-0.175242,0.000000,0.074329,-0.000346
0.914000,6.697168,33.028552,0.430063,69.468667,85.943669,572.957795,0.000000,1.412653,4.222751,-0.174879,0.000000,0.074506,-0.000346
0.915000,6.712618,33.096347,0.429382,69.536860,85.943669,572.957795,0.000000,1.413927,4.222533,-0.174516,0.000000,0.074682,-0.000346
0.916000,6.728091,33.164207,0.428698,69.605055,85.943669,572.957795,0.000000,1.415203,4.222315,-0.174152,0.000000,0.074859,-0.000347
0.917000,6.743585,33.232133,0.428011,69.673252,85.943669,572.957795,0.000000,1.416480,4.222097,-0.173787,0.000000,0.075036,-0.000347
0.918000,6.759101,33.300123,0.427322,69.741451,85.943669,572.957795,0.000000,1.417758,4.221879,-0.173422,0.000000,0.075213,-0.000347
0.919000,6.774639,33.368178,0.426630,69.809651,85.943669,572.957795,0.000000,1.419037,4.221660,-0.173056,0.000000,0.075390,-0.000348
0.920000,6.790199,33.436298,0.425936,69.877853,85.943669,572.957795,0.000000,1.419798,4.218495,-0.172902,0.000000,0.075567,-0.000348
0.921000,6.805781,33.504482,0.425239,69.946011,85.943669,572.957795,0.000000,1.421079,4.218276,-0.172535,0.000000,0.075745,-0.000348
0.922000,6.821384,33.572732,0.424539,70.014170,85.943669,572.957795,0.000000,1.422361,4.218057,-0.172168,0.000000,0.075922,-0.000349
0.923000,6.837009,33.641047,0.423837,70.082332,85.943669,572.957795,0.000000,1.423645,4.217837,-0.171800,0.000000,0.076100,-0.000349
0.924000,6.852656,33.709426,0.423132,70.150495,85.943669,572.957795,0.000000,1.424929,4.217617,-0.171431,0.000000,0.076278,-0.000349
0.925000,6.868326,33.777871,0.422424,70.218660,85.943669,572.957795,0.000000,1.426216,4.217397,-0.171061,0.000000,0.076456,-0.000350
0.926000,6.884017,33.846380,0.421713,70.286827,85.943669,572.957795,0.000000,1.427503,4.217177,-0.170691,0.000000,0.076634,-0.000350
0.927000,6.899730,33.914954,0.421000,70.354995,85.943669,572.957795,0.000000,1.428791,4.216957,-0.170321,0.000000,0.076812,-0.000350
0.928000,6.915465,33.983593,0.420285,70.423165,85.943669,572.957795,0.000000,1.429388,4.212806,-0.170232,0.000000,0.076991,-0.000351
0.929000,6.931222,34.052297,0.419567,70.491276,85.943669,572.957795,0.000000,1.430678,4.212586,-0.169860,0.000000,0.077169,-0.000351
0.930000,6.947001,34.121066,0.418846,70.559389,85.943669,572.957795,0.000000,1.431970,4.212364,-0.169488,0.000000,0.077348,-0.000351
0.931000,6.962802,34.189899,0.418122,70.627504,85.943669,572.957795,0.000000,1.433262,4.212143,-0.169115,0.000000,0.077526,-0.000352
0.932000,6.978625,34.258798,0.417396,70.695620,85.943669,572.957795,0.000000,1.434556,4.211921,-0.168741,0.000000,0.077705,-0.000352
0.933000,6.994470,34.327761,0.416668,70.763738,85.943669,572.957795,0.000000,1.435851,4.211700,-0.168367,0.000000,0.077884,-0.000352
0.934000,7.010337,34.396789,0.415936,70.831858,85.943669,572.957795,0.000000,1.437147,4.211477,-0.167992,0.000000,0.078063,-0.000353
0.935000,7.026227,34.465881,0.415203,70.899980,85.943669,572.957795,0.000000,1.438445,4.211255,-0.167617,0.000000,0.078243,-0.000353
0.936000,7.042138,34.535039,0.414466,70.968103,85.943669,572.957795,0.000000,1.439744,4.211032,-0.167240,0.000000,0.078422,-0.000353
0.937000,7.058072,34.604261,0.413727,71.036229,85.943669,572.957795,0.000000,1.440178,4.205897,-0.167217,0.000000,0.078602,-0.000354
0.938000,7.074028,34.673548,0.412986,71.104279,85.943669,572.957795,0.000000,1.441478,4.205674,-0.166840,0.000000,0.078781,-0.000354
0.939000,7.090006,34.742899,0.412242,71.172332,85.943669,572.957795,0.000000,1.442779,4.205451,-0.166462,0.000000,0.078961,-0.000354
0.940000,7.106006,34.812316,0.411495,71.240386,85.943669,572.957795,0.000000,1.444081,4.205228,-0.166084,0.000000,0.079141,-0.000355
0.941000,7.122028,34.881797,0.410746,71.308443,85.943669,572.957795,0.000000,1.445385,4.205004,-0.165704,0.000000,0.079321,-0.000355
0.942000,7.138073,34.951343,0.409994,71.376501,85.943669,572.957795,0.000000,1.446690,4.204780,-0.165325,0.000000,0.079501,-0.000355
0.943000,7.154140,35.020953,0.409240,71.444561,85.943669,572.957795,0.000000,1.447996,4.204555,-0.164944,0.000000,0.079682,-0.000356
0.944000,7.170229,35.090628,0.408483,71.512622,85.943669,572.957795,0.000000,1.449303,4.204331,-0.164563,0.000000,0.079862,-0.000356
0.945000,7.186340,35.160368,0.407724,71.580686,85.943669,572.957795,0.000000,1.450612,4.204106,-0.164181,0.000000,0.080043,-0.000356
0.946000,7.202474,35.230172,0.406962,71.648751,85.943669,572.957795,0.000000,1.451922,4.203881,-0.163799,0.000000,0.080223,-0.000357
0.947000,7.218630,35.300042,0.406197,71.716819,85.943669,572.957795,0.000000,1.453233,4.203655,-0.163416,0.000000,0.080404,-0.000357
0.948000,7.234809,35.369975,0.405430,71.784888,85.943669,572.957795,0.000000,1.454546,4.203429,-0.163032,0.000000,0.080585,-0.000357
0.949000,7.251009,35.439974,0.404661,71.852959,85.943669,572.957795,0.000000,1.455860,4.203203,-0.162648,0.000000,0.080766,-0.000358
0.950000,7.267233,35.510037,0.403889,71.921032,85.943669,572.957795,0.000000,1.457175,4.202977,-0.162263,0.000000,0.080948,-0.000358
0.951000,7.283478,35.580165,0.403114,71.989107,85.943669,572.957795,0.000000,1.458491,4.202750,-0.161877,0.000000,0.081129,-0.000358
0.952000,7.299746,35.650357,0.402337,72.057184,85.943669,572.957795,0.000000,1.458423,4.194665,-0.162057,0.000000,0.081311,-0.000359
0.953000,7.316037,35.720614,0.401558,72.125140,85.943669,572.957795,0.000000,1.459739,4.194438,-0.161671,0.000000,0.081492,-0.000359
0.954000,7.332350,35.790936,0.400776,72.193098,85.943669,572.957795,0.000000,1.461057,4.194211,-0.161283,0.000000,0.081674,-0.000359
0.955000,7.348686,35.861322,0.399992,72.261058,85.943669,572.957795,0.000000,1.462376,4.193984,-0.160896,0.000000,0.081856,-0.000360
0.956000,7.365043,35.931772,0.399205,72.329020,85.943669,572.957795,0.000000,1.463696,4.193757,-0.160507,0.000000,0.082037,-0.000360
0.957000,7.381424,36.002288,0.398416,72.396984,85.943669,572.957795,0.000000,1.465018,4.193529,-0.160118,0.000000,0.082220,-0.000360
0.958000,7.397827,36.072867,0.397624,72.464949,85.943669,572.957795,0.000000,1.466341,4.193301,-0.159728,0.000000,0.082402,-0.000361
0.959000,7.414253,36.143511,0.396829,72.532917,85.943669,572.957795,0.000000,1.467665,4.193073,-0.159338,0.000000,0.082584,-0.000361
0.960000,7.430701,36.214220,0.396033,72.600886,85.943669,572.957795,0.000000,1.468990,4.192844,-0.158947,0.000000,0.082766,-0.000361
0.961000,7.447172,36.284993,0.395234,72.668858,85.943669,572.957795,0.000000,1.470316,4.192615,-0.158555,0.000000,0.082949,-0.000362
0.962000,7.463665,36.355831,0.394432,72.736831,85.943669,572.957795,0.000000,1.471644,4.192386,-0.158163,0.000000,0.083132,-0.000362
0.963000,7.480181,36.426733,0.393628,72.804806,85.943669,572.957795,0.000000,1.472973,4.192156,-0.157770,0.000000,0.083315,-0.000362
0.964000,7.496720,36.497700,0.392822,72.872783,85.943669,572.957795,0.000000,1.474304,4.191927,-0.157376,0.000000,0.083497,-0.000363
0.965000,7.513281,36.568731,0.392013,72.940763,85.943669,572.957795,0.000000,1.475635,4.191697,-0.156982,0.000000,0.083681,-0.000363
0.966000,7.529865,36.639826,0.391201,73.008744,85.943669,572.957795,0.000000,1.476968,4.191466,-0.156587,0.000000,0.083864,-0.000364
0.967000,7.546472,36.710986,0.390388,73.076727,85.943669,572.957795,0.000000,1.478302,4.191236,-0.156191,0.000000,0.084047,-0.000364
0.968000,7.563101,36.782211,0.389572,73.144712,85.943669,572.957795,0.000000,1.479638,4.191005,-0.155795,0.000000,0.084231,-0.000364
0.969000,7.579754,36.853500,0.388753,73.212699,85.943669,572.957795,0.000000,1.480974,4.190774,-0.155398,0.000000,0.084414,-0.000365
0.970000,7.596429,36.924854,0.387932,73.280687,85.943669,572.957795,0.000000,1.482312,4.190542,-0.155000,0.000000,0.084598,-0.000365
0.971000,7.613127,36.996272,0.387109,73.348678,85.943669,572.957795,0.000000,1.483651,4.190311,-0.154601,0.000000,0.084782,-0.000365
0.972000,7.629847,37.067754,0.386283,73.416671,85.943669,572.957795,0.000000,1.484992,4.190079,-0.154202,0.000000,0.084966,-0.000366
0.973000,7.646591,37.139301,0.385455,73.484666,85.943669,572.957795,0.000000,1.484428,4.179041,-0.154581,0.000000,0.085150,-0.000366
0.974000,7.663357,37.210912,0.384625,73.552494,85.943669,572.957795,0.000000,1.485768,4.178809,-0.154181,0.000000,0.085334,-0.000366
0.975000,7.680147,37.282588,0.383792,73.620324,85.943669,572.957795,0.000000,1.487108,4.178577,-0.153781,0.000000,0.085518,-0.000367
0.976000,7.696959,37.354328,0.382957,73.688157,85.943669,572.957795,0.000000,1.488450,4.178344,-0.153380,0.000000,0.085702,-0.000367
0.977000,7.713794,37.426132,0.382119,73.755991,85.943669,572.957795,0.000000,1.489794,4.178112,-0.152978,0.000000,0.085887,-0.000367
0.978000,7.730652,37.498000,0.381279,73.823827,85.943669,572.957795,0.000000,1.491138,4.177879,-0.152576,0.000000,0.086071,-0.000368
0.979000,7.747533,37.569933,0.380437,73.891665,85.943669,572.957795,0.000000,1.492484,4.177645,-0.152172,0.000000,0.086256,-0.000368
0.980000,7.764437,37.641929,0.379593,73.959505,85.943669,572.957795,0.000000,1.493831,4.177412,-0.151769,0.000000,0.086441,-0.000368
0.981000,7.781363,37.713991,0.378746,74.027348,85.943669,572.957795,0.000000,1.495180,4.177178,-0.151364,0.000000,0.086626,-0.000369
0.982000,7.798313,37.786116,0.377897,74.095192,85.943669,572.957795,0.000000,1.496529,4.176944,-0.150959,0.000000,0.086811,-0.000369
0.983000,7.815286,37.858306,0.377045,74.163038,85.943669,572.957795,0.000000,1.497880,4.176709,-0.150553,0.000000,0.086996,-0.000369
0.984000,7.832282,37.930560,0.376191,74.230886,85.943669,572.957795,0.000000,1.499232,4.176475,-0.150147,0.000000,0.087181,-0.000370
0.985000,7.849301,38.002878,0.375335,74.298736,85.943669,572.957795,0.000000,1.500586,4.176240,-0.149740,0.000000,0.087367,-0.000370
0.986000,7.866343,38.075260,0.374477,74.366589,85.943669,572.957795,0.000000,1.501940,4.176004,-0.149332,0.000000,0.087552,-0.000370
0.987000,7.883408,38.147707,0.373616,74.434443,85.943669,572.957795,0.000000,1.503296,4.175769,-0.148924,0.000000,0.087738,-0.000371
0.988000,7.900497,38.220218,0.372753,74.502299,85.943669,572.957795,0.000000,1.504134,4.172586,-0.148727,0.000000,0.087923,-0.000371
0.989000,7.917608,38.292793,0.371887,74.570112,85.943669,572.957795,0.000000,1.505491,4.172350,-0.148317,0.000000,0.088109,-0.000371
0.990000,7.934743,38.365433,0.371020,74.637926,85.943669,572.957795,0.000000,1.506850,4.172114,-0.147907,0.000000,0.088295,-0.000372
0.991000,7.951900,38.438136,0.370150,74.705743,85.943669,572.957795,0.000000,1.508210,4.171877,-0.147496,0.000000,0.088481,-0.000372
0.992000,7.969081,38.510904,0.369278,74.773561,85.943669,572.957795,0.000000,1.509571,4.171640,-0.147084,0.000000,0.088667,-0.000372
0.993000,7.986286,38.583736,0.368403,74.841382,85.943669,572.957795,0.000000,1.510934,4.171403,-0.146671,0.000000,0.088854,-0.000373
0.994000,8.003513,38.656632,0.367527,74.909204,85.943669,572.957795,0.000000,1.512297,4.171166,-0.146258,0.000000,0.089040,-0.000373
0.995000,8.020764,38.729592,0.366648,74.977029,85.943669,572.957795,0.000000,1.513143,4.167981,-0.146057,0.000000,0.089227,-0.000373
0.996000,8.038038,38.802616,0.365767,75.044810,85.943669,572.957795,0.000000,1.514508,4.167743,-0.145643,0.000000,0.089413,-0.000374
0.997000,8.055335,38.875705,0.364883,75.112592,85.943669,572.957795,0.000000,1.515875,4.167505,-0.145228,0.000000,0.089600,-0.000374
0.998000,8.072656,38.948857,0.363997,75.180377,85.943669,572.957795,0.000000,1.517243,4.167267,-0.144812,0.000000,0.089787,-0.000374
0.999000,8.090000,39.022074,0.363110,75.248164,85.943669,572.957795,0.000000,1.518612,4.167028,-0.144396,0.000000,0.089974,-0.000375
1.000000,8.107367,39.095355,0.362219,75.315953,85.943669,572.957795,0.000000,1.519982,4.166789,-0.143979,0.000000,0.090161,-0.000375
1.001000,8.124758,39.168700,0.361327,75.383745,85.943669,572.957795,0.000000,1.520834,4.163603,-0.143773,0.000000,0.090348,-0.000375
1.002000,8.142172,39.242109,0.360433,75.451492,85.943669,572.957795,0.000000,1.522206,4.163363,-0.143355,0.000000,0.090535,-0.000376
1.003000,8.159609,39.315582,0.359536,75.519241,85.943669,572.957795,0.000000,1.523579,4.163124,-0.142936,0.000000,0.090723,-0.000376
1.004000,8.177070,39.389119,0.358637,75.586993,85.943669,572.957795,0.000000,1.524953,4.162884,-0.142516,0.000000,0.090910,-0.000376
1.005000,8.194555,39.462720,0.357736,75.654746,85.943669,572.957795,0.000000,1.526329,4.162644,-0.142096,0.000000,0.091098,-0.000377
1.006000,8.212063,39.536385,0.356832,75.722502,85.943669,572.957795,0.000000,1.527706,4.162403,-0.141675,0.000000,0.091286,-0.000377
1.007000,8.229594,39.610114,0.355927,75.790260,85.943669,572.957795,0.000000,1.529084,4.162162,-0.141253,0.000000,0.091473,-0.000377
1.008000,8.247149,39.683908,0.355019,75.858019,85.943669,572.957795,0.000000,1.529944,4.158974,-0.141043,0.000000,0.091661,-0.000378
1.009000,8.264727,39.757765,0.354109,75.925736,85.943669,572.957795,0.000000,1.531324,4.158733,-0.140620,0.000000,0.091849,-0.000378
1.010000,8.282329,39.831686,0.353197,75.993454,85.943669,572.957795,0.000000,1.532705,4.158491,-0.140197,0.000000,0.092037,-0.000378
1.011000,8.299955,39.905671,0.352283,76.061174,85.943669,572.957795,0.000000,1.534087,4.158249,-0.139772,0.000000,0.092226,-0.000379
1.012000,8.317604,39.979720,0.351367,76.128896,85.943669,572.957795,0.000000,1.535470,4.158007,-0.139347,0.000000,0.092414,-0.000379
1.013000,8.335277,40.053833,0.350449,76.196621,85.943669,572.957795,0.000000,1.536855,4.157765,-0.138922,0.000000,0.092602,-0.000379
1.014000,8.352974,40.128010,0.349528,76.264348,85.943669,572.957795,0.000000,1.537721,4.154575,-0.138707,0.000000,0.092791,-0.000380
1.015000,8.370694,40.202251,0.348605,76.332030,85.943669,572.957795,0.000000,1.539108,4.154332,-0.138280,0.000000,0.092980,-0.000380
1.016000,8.388438,40.276556,0.347680,76.399715,85.943669,572.957795,0.000000,1.540495,4.154089,-0.137853,0.000000,0.093168,-0.000380
1.017000,8.406205,40.350925,0.346753,76.467403,85.943669,572.957795,0.000000,1.541884,4.153846,-0.137425,0.000000,0.093357,-0.000381
1.018000,8.423996,40.425358,0.345824,76.535092,85.943669,572.957795,0.000000,1.543274,4.153602,-0.136995,0.000000,0.093546,-0.000381
1.019000,8.441811,40.499854,0.344893,76.602783,85.943669,572.957795,0.000000,1.544665,4.153358,-0.136566,0.000000,0.093735,-0.000381
1.020000,8.459650,40.574415,0.343960,76.670477,85.943669,572.957795,0.000000,1.546058,4.153114,-0.136135,0.000000,0.093924,-0.000382
1.021000,8.477513,40.649039,0.343024,76.738173,85.943669,572.957795,0.000000,1.546932,4.149922,-0.135916,0.000000,0.094114,-0.000382
1.022000,8.495399,40.723728,0.342087,76.805825,85.943669,572.957795,0.000000,1.548326,4.149678,-0.135485,0.000000,0.094303,-0.000382
1.023000,8.513309,40.798480,0.341147,76.873479,85.943669,572.957795,0.000000,1.549721,4.149433,-0.135052,0.000000,0.094492,-0.000383
1.024000,8.531243,40.873296,0.340206,76.941135,85.943669,572.957795,0.000000,1.551118,4.149187,-0.134619,0.000000,0.094682,-0.000383
1.025000,8.549201,40.948175,0.339262,77.008794,85.943669,572.957795,0.000000,1.552516,4.148942,-0.134185,0.000000,0.094872,-0.000383
1.026000,8.567183,41.023119,0.338316,77.076455,85.943669,572.957795,0.000000,1.553915,4.148696,-0.133751,0.000000,0.095061,-0.000384
1.027000,8.585188,41.098126,0.337368,77.144118,85.943669,572.957795,0.000000,1.555315,4.148450,-0.133316,0.000000,0.095251,-0.000384
1.028000,8.603218,41.173198,0.336419,77.211783,85.943669,572.957795,0.000000,1.556717,4.148203,-0.132880,0.000000,0.095441,-0.000384
1.029000,8.621271,41.248333,0.335467,77.279450,85.943669,572.957795,0.000000,1.558119,4.147956,-0.132443,0.000000,0.095631,-0.000385
1.030000,8.639349,41.323532,0.334513,77.347119,85.943669,572.957795,0.000000,1.558831,4.143780,-0.132289,0.000000,0.095822,-0.000385
1.031000,8.657450,41.398794,0.333557,77.414730,85.943669,572.957795,0.000000,1.560235,4.143533,-0.131851,0.000000,0.096012,-0.000385
1.032000,8.675576,41.474121,0.332599,77.482343,85.943669,572.957795,0.000000,1.561640,4.143285,-0.131412,0.000000,0.096202,-0.000386
1.033000,8.693725,41.549511,0.331639,77.549957,85.943669,572.957795,0.000000,1.563046,4.143038,-0.130973,0.000000,0.096393,-0.000386
1.034000,8.711899,41.624965,0.330676,77.617575,85.943669,572.957795,0.000000,1.564454,4.142790,-0.130533,0.000000,0.096583,-0.000386
1.035000,8.730096,41.700482,0.329712,77.685194,85.943669,572.957795,0.000000,1.565863,4.142541,-0.130093,0.000000,0.096774,-0.000387
1.036000,8.748318,41.776063,0.328746,77.752815,85.943669,572.957795,0.000000,1.567273,4.142293,-0.129651,0.000000,0.096964,-0.000387
1.037000,8.766564,41.851708,0.327778,77.820439,85.943669,572.957795,0.000000,1.568685,4.142044,-0.129209,0.000000,0.097155,-0.000387
1.038000,8.784834,41.927417,0.326808,77.888065,85.943669,572.957795,0.000000,1.570098,4.141794,-0.128766,0.000000,0.097346,-0.000388
1.039000,8.803128,42.003190,0.325836,77.955693,85.943669,572.957795,0.000000,1.571512,4.141545,-0.128323,0.000000,0.097537,-0.000388
1.040000,8.821446,42.079026,0.324862,78.023324,85.943669,572.957795,0.000000,1.572927,4.141295,-0.127878,0.000000,0.097728,-0.000388
1.041000,8.839789,42.154926,0.323886,78.090957,85.943669,572.957795,0.000000,1.573304,4.135151,-0.127858,0.000000,0.097920,-0.000389
1.042000,8.858156,42.230889,0.322908,78.158500,85.943669,572.957795,0.000000,1.574720,4.134901,-0.127412,0.000000,0.098111,-0.000389
1.043000,8.876546,42.306917,0.321928,78.226045,85.943669,572.957795,0.000000,1.576137,4.134650,-0.126966,0.000000,0.098302,-0.000389
1.044000,8.894962,42.383007,0.320946,78.293593,85.943669,572.957795,0.000000,1.577555,4.134400,-0.126520,0.000000,0.098494,-0.000390
1.045000,8.913401,42.459162,0.319963,78.361143,85.943669,572.957795,0.000000,1.578975,4.134149,-0.126072,0.000000,0.098685,-0.000390
1.046000,8.931865,42.535380,0.318977,78.428695,85.943669,572.957795,0.000000,1.580395,4.133897,-0.125624,0.000000,0.098877,-0.000390
1.047000,8.950353,42.611661,0.317989,78.496249,85.943669,572.957795,0.000000,1.581817,4.133646,-0.125175,0.000000,0.099069,-0.000391
1.048000,8.968865,42.688006,0.317000,78.563806,85.943669,572.957795,0.000000,1.583241,4.133394,-0.124725,0.000000,0.099260,-0.000391
1.049000,8.987402,42.764415,0.316008,78.631365,85.943669,572.957795,0.000000,1.584665,4.133141,-0.124275,0.000000,0.099452,-0.000392
1.050000,9.005963,42.840888,0.315015,78.698926,85.943669,572.957795,0.000000,1.586091,4.132889,-0.123823,0.000000,0.099644,-0.000392
1.051000,9.024549,42.917423,0.314019,78.766490,85.943669,572.957795,0.000000,1.587518,4.132636,-0.123372,0.000000,0.099837,-0.000392
1.052000,9.043159,42.994023,0.313022,78.834056,85.943669,572.957795,0.000000,1.588946,4.132383,-0.122919,0.000000,0.100029,-0.000393
1.053000,9.061793,43.070686,0.312023,78.901624,85.943669,572.957795,0.000000,1.590376,4.132129,-0.122466,0.000000,0.100221,-0.000393
1.054000,9.080452,43.147413,0.311022,78.969195,85.943669,572.957795,0.000000,1.591806,4.131876,-0.122011,0.000000,0.100414,-0.000393
1.055000,9.099135,43.224203,0.310019,79.036767,85.943669,572.957795,0.000000,1.592026,4.124745,-0.122052,0.000000,0.100606,-0.000394
1.056000,9.117843,43.301057,0.309014,79.104235,85.943669,572.957795,0.000000,1.593457,4.124491,-0.121597,0.000000,0.100799,-0.000394
1.057000,9.136575,43.377974,0.308008,79.171706,85.943669,572.957795,0.000000,1.594889,4.124237,-0.121141,0.000000,0.100991,-0.000394
1.058000,9.155332,43.454954,0.306999,79.239178,85.943669,572.957795,0.000000,1.596322,4.123983,-0.120684,0.000000,0.101184,-0.000395
1.059000,9.174114,43.531998,0.305989,79.306653,85.943669,572.957795,0.000000,1.597757,4.123728,-0.120227,0.000000,0.101377,-0.000395
1.060000,9.192920,43.609106,0.304976,79.374131,85.943669,572.957795,0.000000,1.599193,4.123473,-0.119769,0.000000,0.101569,-0.000395
1.061000,9.211750,43.686277,0.303962,79.441610,85.943669,572.957795,0.000000,1.600630,4.123217,-0.119310,0.000000,0.101762,-0.000396
1.062000,9.230606,43.763511,0.302946,79.509092,85.943669,572.957795,0.000000,1.602068,4.122961,-0.118851,0.000000,0.101955,-0.000396
1.063000,9.249485,43.840809,0.301929,79.576576,85.943669,572.957795,0.000000,1.603508,4.122705,-0.118390,0.000000,0.102149,-0.000396
1.064000,9.268390,43.918170,0.300909,79.644063,85.943669,572.957795,0.000000,1.604948,4.122449,-0.117929,0.000000,0.102342,-0.000397
1.065000,9.287319,43.995595,0.299888,79.711552,85.943669,572.957795,0.000000,1.606390,4.122192,-0.117468,0.000000,0.102535,-0.000397
1.066000,9.306273,44.073083,0.298865,79.779043,85.943669,572.957795,0.000000,1.607834,4.121935,-0.117005,0.000000,0.102729,-0.000397
1.067000,9.325252,44.150634,0.297840,79.846537,85.943669,572.957795,0.000000,1.609278,4.121678,-0.116542,0.000000,0.102922,-0.000398
1.068000,9.344255,44.228249,0.296813,79.914033,85.943669,572.957795,0.000000,1.610724,4.121420,-0.116078,0.000000,0.103116,-0.000398
1.069000,9.363284,44.305927,0.295784,79.981531,85.943669,572.957795,0.000000,1.612171,4.121162,-0.115613,0.000000,0.103309,-0.000398
1.070000,9.382337,44.383669,0.294754,80.049032,85.943669,572.957795,0.000000,1.613619,4.120904,-0.115148,0.000000,0.103503,-0.000399
1.071000,9.401415,44.461474,0.293722,80.116535,85.943669,572.957795,0.000000,1.615069,4.120645,-0.114681,0.000000,0.103697,-0.000399
1.072000,9.420517,44.539342,0.292688,80.184041,85.943669,572.957795,0.000000,1.616520,4.120386,-0.114214,0.000000,0.103891,-0.000399
1.073000,9.439645,44.617274,0.291653,80.251549,85.943669,572.957795,0.000000,1.617972,4.120127,-0.113746,0.000000,0.104085,-0.000400
1.074000,9.458797,44.695269,0.290615,80.319059,85.943669,572.957795,0.000000,1.619425,4.119867,-0.113278,0.000000,0.104279,-0.000400
1.075000,9.477975,44.773328,0.289576,80.386572,85.943669,572.957795,0.000000,1.620879,4.119607,-0.112809,0.000000,0.104474,-0.000400
1.076000,9.497177,44.851450,0.288535,80.454087,85.943669,572.957795,0.000000,1.622335,4.119347,-0.112339,0.000000,0.104668,-0.000401
1.077000,9.516404,44.929635,0.287493,80.521605,85.943669,572.957795,0.000000,1.623792,4.119086,-0.111868,0.000000,0.104862,-0.000401
1.078000,9.535657,45.007884,0.286448,80.589125,85.943669,572.957795,0.000000,1.625250,4.118826,-0.111396,0.000000,0.105057,-0.000401
1.079000,9.554934,45.086196,0.285402,80.656647,85.943669,572.957795,0.000000,1.626710,4.118564,-0.110924,0.000000,0.105251,-0.000402
1.080000,9.574236,45.164572,0.284355,80.724172,85.943669,572.957795,0.000000,1.628170,4.118303,-0.110451,0.000000,0.105446,-0.000402
1.081000,9.593564,45.243011,0.283305,80.791699,85.943669,572.957795,0.000000,1.629632,4.118041,-0.109977,0.000000,0.105641,-0.000402
1.082000,9.612916,45.321513,0.282254,80.859228,85.943669,572.957795,0.000000,1.631096,4.117779,-0.109503,0.000000,0.105836,-0.000403
1.083000,9.632294,45.400078,0.281201,80.926760,85.943669,572.957795,0.000000,1.632560,4.117516,-0.109027,0.000000,0.106031,-0.000403
1.084000,9.651696,45.478707,0.280147,80.994295,85.943669,572.957795,0.000000,1.634026,4.117254,-0.108551,0.000000,0.106226,-0.000403
1.085000,9.671124,45.557399,0.279091,81.061832,85.943669,572.957795,0.000000,1.635493,4.116990,-0.108074,0.000000,0.106421,-0.000404
1.086000,9.690577,45.636156,0.278033,81.130424,85.943669,572.957795,0.000000,1.636983,4.116721,-0.097783,0.000000,0.109809,-0.000429
1.087000,9.710056,45.714977,0.276974,81.199020,85.943669,572.957795,0.000000,1.638475,4.116451,-0.097297,0.000000,0.110011,-0.000429
1.088000,9.729561,45.793862,0.275913,81.267617,85.943669,572.957795,0.000000,1.639969,4.116181,-0.096810,0.000000,0.110212,-0.000429
1.089000,9.749091,45.872812,0.274851,81.336217,85.943669,572.957795,0.000000,1.641463,4.115911,-0.096323,0.000000,0.110414,-0.000430
1.090000,9.768647,45.951825,0.273787,81.404820,85.943669,572.957795,0.000000,1.642959,4.115641,-0.095835,0.000000,0.110616,-0.000430
1.091000,9.788228,46.030904,0.272722,81.473425,85.943669,572.957795,0.000000,1.644456,4.115370,-0.095346,0.000000,0.110819,-0.000430
1.092000,9.807835,46.110046,0.271655,81.542033,85.943669,572.957795,0.000000,1.645955,4.115098,-0.094856,0.000000,0.111021,-0.000431
1.093000,9.827468,46.189253,0.270587,81.610643,85.943669,572.957795,0.000000,1.647455,4.114827,-0.094366,0.000000,0.111223,-0.000431
1.094000,9.847127,46.268524,0.269517,81.679256,85.943669,572.957795,0.000000,1.648956,4.114555,-0.093874,0.000000,0.111425,-0.000431
1.095000,9.866811,46.347859,0.268446,81.747871,85.943669,572.957795,0.000000,1.650458,4.114282,-0.093382,0.000000,0.111628,-0.000432
1.096000,9.886521,46.427259,0.267374,81.816489,85.943669,572.957795,0.000000,1.651962,4.114009,-0.092889,0.000000,0.111830,-0.000432
1.097000,9.906257,46.506723,0.266300,81.885109,85.943669,572.957795,0.000000,1.653466,4.113736,-0.092396,0.000000,0.112033,-0.000432
1.098000,9.926019,46.586251,0.265224,81.953732,85.943669,572.957795,0.000000,1.654973,4.113463,-0.091901,0.000000,0.112236,-0.000433
1.099000,9.945807,46.665843,0.264147,82.022358,85.943669,572.957795,0.000000,1.656480,4.113189,-0.091406,0.000000,0.112438,-0.000433
1.100000,9.965620,46.745500,0.263069,82.090986,85.943669,572.957795,0.000000,1.657989,4.112915,-0.090910,0.000000,0.112641,-0.000434
1.101000,9.985460,46.825221,0.261989,82.159616,85.943669,572.957795,0.000000,1.659499,4.112641,-0.090413,0.000000,0.112844,-0.000434
1.102000,10.005325,46.905006,0.260908,82.228249,85.943669,572.957795,0.000000,1.661010,4.112366,-0.089915,0.000000,0.113047,-0.000434
1.103000,10.025217,46.984856,0.259825,82.296885,85.943669,572.957795,0.000000,1.662522,4.112091,-0.089417,0.000000,0.113250,-0.000435
1.104000,10.045134,47.064769,0.258741,82.365523,85.943669,572.957795,0.000000,1.664036,4.111815,-0.088917,0.000000,0.113453,-0.000435
1.105000,10.065077,47.144747,0.257656,82.434164,85.943669,572.957795,0.000000,1.665551,4.111540,-0.088417,0.000000,0.113657,-0.000435
1.106000,10.085046,47.224790,0.256569,82.502808,85.943669,572.957795,0.000000,1.667068,4.111264,-0.087916,0.000000,0.113860,-0.000436
1.107000,10.105042,47.304896,0.255481,82.571454,85.943669,572.957795,0.000000,1.668586,4.110987,-0.087414,0.000000,0.114063,-0.000436
1.108000,10.125063,47.385067,0.254391,82.640102,85.943669,572.957795,0.000000,1.670105,4.110710,-0.086912,0.000000,0.114267,-0.000436
1.109000,10.145111,47.465302,0.253300,82.708754,85.943669,572.957795,0.000000,1.671625,4.110433,-0.086408,0.000000,0.114470,-0.000437
1.110000,10.165185,47.545601,0.252208,82.777408,85.943669,572.957795,0.000000,1.673146,4.110155,-0.085904,0.000000,0.114674,-0.000437
1.111000,10.185284,47.625964,0.251115,82.846064,85.943669,572.957795,0.000000,1.674669,4.109878,-0.085399,0.000000,0.114878,-0.000438
1.112000,10.205410,47.706392,0.250020,82.914723,85.943669,572.957795,0.000000,1.676193,4.109599,-0.084893,0.000000,0.115081,-0.000438
1.113000,10.225563,47.786884,0.248924,82.983385,85.943669,572.957795,0.000000,1.677719,4.109321,-0.084387,0.000000,0.115285,-0.000438
1.114000,10.245741,47.867440,0.247826,83.052049,85.943669,572.957795,0.000000,1.679245,4.109042,-0.083879,0.000000,0.115489,-0.000439
1.115000,10.265946,47.948060,0.246727,83.120716,85.943669,572.957795,0.000000,1.680773,4.108762,-0.083371,0.000000,0.115693,-0.000439
1.116000,10.286176,48.028744,0.245627,83.189386,85.943669,572.957795,0.000000,1.682302,4.108483,-0.082862,0.000000,0.115897,-0.000439
1.117000,10.306434,48.109493,0.244526,83.258058,85.943669,572.957795,0.000000,1.683833,4.108203,-0.082352,0.000000,0.116101,-0.000440
1.118000,10.326717,48.190306,0.243423,83.326733,85.943669,572.957795,0.000000,1.685365,4.107922,-0.081841,0.000000,0.116305,-0.000440
1.119000,10.347027,48.271183,0.242319,83.395410,85.943669,572.957795,0.000000,1.686898,4.107642,-0.081329,0.000000,0.116510,-0.000440
1.120000,10.367363,48.352124,0.241214,83.464091,85.943669,572.957795,0.000000,1.688432,4.107361,-0.080817,0.000000,0.116714,-0.000441
1.121000,10.387726,48.433129,0.240107,83.532773,85.943669,572.957795,0.000000,1.689968,4.107079,-0.080304,0.000000,0.116918,-0.000441
1.122000,10.408115,48.514199,0.238999,83.601459,85.943669,572.957795,0.000000,1.691505,4.106798,-0.079790,0.000000,0.117123,-0.000442
1.123000,10.428530,48.595332,0.237890,83.670147,85.943669,572.957795,0.000000,1.693043,4.106515,-0.079275,0.000000,0.117327,-0.000442
1.124000,10.448972,48.676530,0.236780,83.738838,85.943669,572.957795,0.000000,1.694583,4.106233,-0.078759,0.000000,0.117532,-0.000442
1.125000,10.469440,48.757792,0.235668,83.807532,85.943669,572.957795,0.000000,1.696123,4.105950,-0.078243,0.000000,0.117737,-0.000443
1.126000,10.489935,48.839118,0.234556,83.876228,85.943669,572.957795,0.000000,1.697665,4.105667,-0.077725,0.000000,0.117941,-0.000443
1.127000,10.510456,48.920509,0.233442,83.944927,85.943669,572.957795,0.000000,1.699209,4.105383,-0.077207,0.000000,0.118146,-0.000443
1.128000,10.531004,49.001963,0.232326,84.013628,85.943669,572.957795,0.000000,1.700753,4.105099,-0.076688,0.000000,0.118351,-0.000444
1.129000,10.551579,49.083482,0.231210,84.082333,85.943669,572.957795,0.000000,1.702299,4.104815,-0.076168,0.000000,0.118556,-0.000444
1.130000,10.572180,49.165064,0.230093,84.151040,85.943669,572.957795,0.000000,1.703846,4.104531,-0.075648,0.000000,0.118761,-0.000444
1.131000,10.592808,49.246711,0.228974,84.219749,85.943669,572.957795,0.000000,1.705395,4.104246,-0.075126,0.000000,0.118966,-0.000445
1.132000,10.613462,49.328422,0.227854,84.288462,85.943669,572.957795,0.000000,1.706945,4.103960,-0.074604,0.000000,0.119171,-0.000445
1.133000,10.634143,49.410197,0.226733,84.357177,85.943669,572.957795,0.000000,1.708496,4.103675,-0.074080,0.000000,0.119376,-0.000446
1.134000,10.654851,49.492037,0.225611,84.425895,85.943669,572.957795,0.000000,1.710048,4.103389,-0.073556,0.000000,0.119582,-0.000446
1.135000,10.675585,49.573940,0.224487,84.494616,85.943669,572.957795,0.000000,1.711602,4.103102,-0.073032,0.000000,0.119787,-0.000446
1.136000,10.696346,49.655908,0.223363,84.563339,85.943669,572.957795,0.000000,1.713157,4.102815,-0.072506,0.000000,0.119992,-0.000447
1.137000,10.717134,49.737939,0.222237,84.632065,85.943669,572.957795,0.000000,1.714713,4.102528,-0.071979,0.000000,0.120198,-0.000447
1.138000,10.737949,49.820035,0.221110,84.700794,85.943669,572.957795,0.000000,1.716270,4.102241,-0.071452,0.000000,0.120403,-0.000447
1.139000,10.758790,49.902195,0.219982,84.769526,85.943669,572.957795,0.000000,1.717829,4.101953,-0.070924,0.000000,0.120609,-0.000448
1.140000,10.779659,49.984418,0.218853,84.838260,85.943669,572.957795,0.000000,1.719389,4.101665,-0.070395,0.000000,0.120814,-0.000448
1.141000,10.800554,50.066706,0.217723,84.906997,85.943669,572.957795,0.000000,1.720950,4.101376,-0.069865,0.000000,0.121020,-0.000448
1.142000,10.821476,50.149058,0.216592,84.975737,85.943669,572.957795,0.000000,1.722513,4.101087,-0.069334,0.000000,0.121226,-0.000449
1.143000,10.842425,50.231475,0.215460,85.044480,85.943669,572.957795,0.000000,1.724077,4.100798,-0.068802,0.000000,0.121432,-0.000449
1.144000,10.863401,50.313955,0.214326,85.113225,85.943669,572.957795,0.000000,1.725642,4.100508,-0.068270,0.000000,0.121637,-0.000450
1.145000,10.884404,50.396499,0.213192,85.181973,85.943669,572.957795,0.000000,1.727209,4.100218,-0.067736,0.000000,0.121843,-0.000450
1.146000,10.905434,50.479107,0.212057,85.250724,85.943669,572.957795,0.000000,1.728776,4.099927,-0.067202,0.000000,0.122049,-0.000450
1.147000,10.926491,50.561780,0.210920,85.319478,85.943669,572.957795,0.000000,1.730345,4.099637,-0.066667,0.000000,0.122255,-0.000451
1.148000,10.947575,50.644516,0.209782,85.388235,85.943669,572.957795,0.000000,1.731916,4.099346,-0.066131,0.000000,0.122461,-0.000451
1.149000,10.968686,50.727317,0.208644,85.456994,85.943669,572.957795,0.000000,1.733487,4.099054,-0.065595,0.000000,0.122668,-0.000451
1.150000,10.989824,50.810181,0.207504,85.525756,85.943669,572.957795,0.000000,1.735060,4.098762,-0.065057,0.000000,0.122874,-0.000452
1.151000,11.010990,50.893110,0.206364,85.594521,85.943669,572.957795,0.000000,1.736634,4.098470,-0.064518,0.000000,0.123080,-0.000452
1.152000,11.032182,50.976103,0.205222,85.663289,85.943669,572.957795,0.000000,1.738210,4.098177,-0.063979,0.000000,0.123286,-0.000452
1.153000,11.053402,51.059159,0.204079,85.732060,85.943669,572.957795,0.000000,1.739787,4.097884,-0.063439,0.000000,0.123493,-0.000453
1.154000,11.074648,51.142280,0.202936,85.800834,85.943669,572.957795,0.000000,1.741365,4.097591,-0.062898,0.000000,0.123699,-0.000453
1.155000,11.095922,51.225465,0.201791,85.869610,85.943669,572.957795,0.000000,1.742944,4.097297,-0.062356,0.000000,0.123906,-0.000454
1.156000,11.117224,51.308713,0.200645,85.938389,85.943669,572.957795,0.000000,1.744525,4.097003,-0.061813,0.000000,0.124112,-0.000454
1.157000,11.138552,51.392026,0.199499,86.007171,85.943669,572.957795,0.000000,1.746106,4.096708,-0.061270,0.000000,0.124319,-0.000454
1.158000,11.159908,51.475403,0.198351,86.075956,85.943669,572.957795,0.000000,1.747690,4.096414,-0.060725,0.000000,0.124525,-0.000455
1.159000,11.181291,51.558844,0.197203,86.144744,85.943669,572.957795,0.000000,1.749274,4.096118,-0.060180,0.000000,0.124732,-0.000455
1.160000,11.202701,51.642349,0.196053,86.213534,85.943669,572.957795,0.000000,1.750860,4.095823,-0.059634,0.000000,0.124939,-0.000455
1.161000,11.224139,51.725917,0.194903,86.282328,85.943669,572.957795,0.000000,1.752447,4.095527,-0.059087,0.000000,0.125145,-0.000456
1.162000,11.245604,51.809550,0.193752,86.351124,85.943669,572.957795,0.000000,1.754035,4.095230,-0.058539,0.000000,0.125352,-0.000456
1.163000,11.267096,51.893247,0.192600,86.419924,85.943669,572.957795,0.000000,1.755625,4.094934,-0.057990,0.000000,0.125559,-0.000456
1.164000,11.288616,51.977008,0.191447,86.488726,85.943669,572.957795,0.000000,1.757216,4.094637,-0.057440,0.000000,0.125766,-0.000457
1.165000,11.310164,52.060832,0.190293,86.557531,85.943669,572.957795,0.000000,1.758808,4.094339,-0.056890,0.000000,0.125973,-0.000457
1.166000,11.331739,52.144721,0.189138,86.626339,85.943669,572.957795,0.000000,1.760401,4.094041,-0.056338,0.000000,0.126180,-0.000458
1.167000,11.353341,52.228674,0.187982,86.695149,85.943669,572.957795,0.000000,1.761996,4.093743,-0.055786,0.000000,0.126387,-0.000458
1.168000,11.374971,52.312690,0.186825,86.763963,85.943669,572.957795,0.000000,1.763592,4.093444,-0.055233,0.000000,0.126594,-0.000458
1.169000,11.396628,52.396771,0.185668,86.832780,85.943669,572.957795,0.000000,1.765189,4.093145,-0.054679,0.000000,0.126801,-0.000459
1.170000,11.418313,52.480915,0.184509,86.901599,85.943669,572.957795,0.000000,1.766788,4.092846,-0.054124,0.000000,0.127009,-0.000459
1.171000,11.440026,52.565124,0.183350,86.970422,85.943669,572.957795,0.000000,1.768388,4.092546,-0.053568,0.000000,0.127216,-0.000459
1.172000,11.461766,52.649396,0.182190,87.039247,85.943669,572.957795,0.000000,1.769989,4.092246,-0.053011,0.000000,0.127423,-0.000460
1.173000,11.483534,52.733733,0.181029,87.108075,85.943669,572.957795,0.000000,1.771592,4.091946,-0.052453,0.000000,0.127630,-0.000460
1.174000,11.505330,52.818133,0.179868,87.176907,85.943669,572.957795,0.000000,1.773195,4.091645,-0.051895,0.000000,0.127838,-0.000460
1.175000,11.527153,52.902597,0.178705,87.245741,85.943669,572.957795,0.000000,1.774800,4.091343,-0.051336,0.000000,0.128045,-0.000461
1.176000,11.549004,52.987126,0.177542,87.314578,85.943669,572.957795,0.000000,1.776407,4.091042,-0.050775,0.000000,0.128253,-0.000461
1.177000,11.570883,53.071718,0.176378,87.383418,85.943669,572.957795,0.000000,1.778014,4.090740,-0.050214,0.000000,0.128460,-0.000462
1.178000,11.592790,53.156374,0.175213,87.452261,85.943669,572.957795,0.000000,1.779623,4.090437,-0.049652,0.000000,0.128668,-0.000462
1.179000,11.614724,53.241094,0.174047,87.521107,85.943669,572.957795,0.000000,1.781234,4.090135,-0.049089,0.000000,0.128875,-0.000462
1.180000,11.636686,53.325877,0.172881,87.589956,85.943669,572.957795,0.000000,1.782845,4.089831,-0.048526,0.000000,0.129083,-0.000463
1.181000,11.658677,53.410725,0.171714,87.658808,85.943669,572.957795,0.000000,1.784458,4.089528,-0.047961,0.000000,0.129291,-0.000463
1.182000,11.680694,53.495637,0.170546,87.727663,85.943669,572.957795,0.000000,1.786072,4.089224,-0.047395,0.000000,0.129498,-0.000463
1.183000,11.702740,53.580612,0.169377,87.796521,85.943669,572.957795,0.000000,1.787687,4.088919,-0.046829,0.000000,0.129706,-0.000464
1.184000,11.724814,53.665652,0.168208,87.865382,85.943669,572.957795,0.000000,1.789304,4.088615,-0.046262,0.000000,0.129914,-0.000464
1.185000,11.746916,53.750755,0.167038,87.934246,85.943669,572.957795,0.000000,1.790922,4.088310,-0.045693,0.000000,0.130122,-0.000464
1.186000,11.769046,53.835922,0.165867,88.003112,85.943669,572.957795,0.000000,1.792541,4.088004,-0.045124,0.000000,0.130329,-0.000465
1.187000,11.791204,53.921153,0.164695,88.071982,85.943669,572.957795,0.000000,1.794161,4.087698,-0.044554,0.000000,0.130537,-0.000465
1.188000,11.813389,54.006448,0.163523,88.140855,85.943669,572.957795,0.000000,1.795783,4.087392,-0.043983,0.000000,0.130745,-0.000466
1.189000,11.835603,54.091807,0.162350,88.209731,85.943669,572.957795,0.000000,1.797406,4.087085,-0.043412,0.000000,0.130953,-0.000466
1.190000,11.857845,54.177230,0.161177,88.278610,85.943669,572.957795,0.000000,1.799031,4.086778,-0.042839,0.000000,0.131161,-0.000466
1.191000,11.880115,54.262716,0.160002,88.347492,85.943669,572.957795,0.000000,1.800656,4.086471,-0.042265,0.000000,0.131369,-0.000467
1.192000,11.902413,54.348267,0.158827,88.416377,85.943669,572.957795,0.000000,1.802283,4.086163,-0.041691,0.000000,0.131577,-0.000467
1.193000,11.924740,54.433881,0.157652,88.485265,85.943669,572.957795,0.000000,1.803912,4.085855,-0.041115,0.000000,0.131785,-0.000467
1.194000,11.947094,54.519559,0.156476,88.554156,85.943669,572.957795,0.000000,1.805541,4.085546,-0.040539,0.000000,0.131993,-0.000468
1.195000,11.969477,54.605301,0.155299,88.623051,85.943669,572.957795,0.000000,1.807172,4.085237,-0.039962,0.000000,0.132202,-0.000468
1.196000,11.991888,54.691107,0.154121,88.691948,85.943669,572.957795,0.000000,1.808804,4.084928,-0.039384,0.000000,0.132410,-0.000468
1.197000,12.014327,54.776976,0.152943,88.760848,85.943669,572.957795,0.000000,1.810437,4.084618,-0.038804,0.000000,0.132618,-0.000469
1.198000,12.036795,54.862909,0.151765,88.829751,85.943669,572.957795,0.000000,1.812072,4.084308,-0.038225,0.000000,0.132826,-0.000469
1.199000,12.059291,54.948907,0.150585,88.898658,85.943669,572.957795,0.000000,1.813708,4.083997,-0.037644,0.000000,0.133034,-0.000470
1.200000,12.081815,55.034968,0.149405,88.967567,85.943669,572.957795,0.000000,1.815345,4.083686,-0.037062,0.000000,0.133243,-0.000470
1.201000,12.104367,55.121093,0.148225,89.036480,85.943669,572.957795,0.000000,1.816984,4.083375,-0.036479,0.000000,0.133451,-0.000470
1.202000,12.126948,55.207281,0.147044,89.105396,85.943669,572.957795,0.000000,1.818624,4.083063,-0.035896,0.000000,0.133659,-0.000471
1.203000,12.149558,55.293534,0.145862,89.174315,85.943669,572.957795,0.000000,1.820265,4.082751,-0.035311,0.000000,0.133868,-0.000471
1.204000,12.172195,55.379850,0.144680,89.243236,85.943669,572.957795,0.000000,1.821907,4.082438,-0.034726,0.000000,0.134076,-0.000471
1.205000,12.194862,55.466230,0.143497,89.312161,85.943669,572.957795,0.000000,1.823551,4.082125,-0.034139,0.000000,0.134285,-0.000472
1.206000,12.217557,55.552674,0.142314,89.381090,85.943669,572.957795,0.000000,1.825196,4.081812,-0.033552,0.000000,0.134493,-0.000472
1.207000,12.240280,55.639181,0.141131,89.450021,85.943669,572.957795,0.000000,1.826842,4.081498,-0.032964,0.000000,0.134702,-0.000472
1.208000,12.263032,55.725752,0.139946,89.518955,85.943669,572.957795,0.000000,1.828490,4.081184,-0.032375,0.000000,0.134910,-0.000473
1.209000,12.285812,55.812388,0.138761,89.587893,85.943669,572.957795,0.000000,1.830138,4.080869,-0.031785,0.000000,0.135119,-0.000473
1.210000,12.308621,55.899086,0.137576,89.656833,85.943669,572.957795,0.000000,1.831789,4.080554,-0.031194,0.000000,0.135327,-0.000474
1.211000,12.331459,55.985849,0.136390,89.725777,85.943669,572.957795,0.000000,1.833440,4.080239,-0.030602,0.000000,0.135536,-0.000474
1.212000,12.354325,56.072675,0.135204,89.794724,85.943669,572.957795,0.000000,1.835093,4.079923,-0.030009,0.000000,0.135744,-0.000474
1.213000,12.377220,56.159565,0.134018,89.863674,85.943669,572.957795,0.000000,1.836747,4.079607,-0.029415,0.000000,0.135953,-0.000475
1.214000,12.400143,56.246519,0.132830,89.932627,85.943669,572.957795,0.000000,1.838402,4.079291,-0.028821,0.000000,0.136162,-0.000475
1.215000,12.423096,56.333537,0.131643,90.001583,85.943669,572.957795,0.000000,1.840059,4.078974,-0.028225,0.000000,0.136370,-0.000475
1.216000,12.446077,56.420618,0.130455,90.070543,85.943669,572.957795,0.000000,1.827340,3.997122,-0.033500,0.000000,0.136579,-0.000476
1.217000,12.469087,56.507762,0.129266,90.138218,85.943669,572.957795,0.000000,1.828967,3.996811,-0.032909,0.000000,0.136786,-0.000476
1.218000,12.492125,56.594968,0.128077,90.205896,85.943669,572.957795,0.000000,1.830596,3.996500,-0.032318,0.000000,0.136992,-0.000476
1.219000,12.515192,56.682237,0.126888,90.273577,85.943669,572.957795,0.000000,1.832225,3.996189,-0.031726,0.000000,0.137199,-0.000477
1.220000,12.538287,56.769568,0.125697,90.341262,85.943669,572.957795,0.000000,1.833856,3.995877,-0.031133,0.000000,0.137406,-0.000477
1.221000,12.561411,56.856962,0.124507,90.408950,85.943669,572.957795,0.000000,1.835489,3.995565,-0.030539,0.000000,0.137612,-0.000478
1.222000,12.584564,56.944418,0.123316,90.476641,85.943669,572.957795,0.000000,1.837122,3.995252,-0.029944,0.000000,0.137819,-0.000478
1.223000,12.607746,57.031936,0.122124,90.544335,85.943669,572.957795,0.000000,1.838757,3.994939,-0.029348,0.000000,0.138026,-0.000478
1.224000,12.630956,57.119517,0.120932,90.612032,85.943669,572.957795,0.000000,1.840393,3.994625,-0.028752,0.000000,0.138232,-0.000479
1.225000,12.654195,57.207160,0.119740,90.679733,85.943669,572.957795,0.000000,1.842030,3.994312,-0.028154,0.000000,0.138439,-0.000479
1.226000,12.677463,57.294866,0.118547,90.747437,85.943669,572.957795,0.000000,1.843669,3.993997,-0.027555,0.000000,0.138646,-0.000479
1.227000,12.700759,57.382634,0.117354,90.815144,85.943669,572.957795,0.000000,1.823657,3.870890,-0.035798,0.000000,0.138853,-0.000480
1.228000,12.724084,57.470463,0.116160,90.880915,85.943669,572.957795,0.000000,1.825249,3.870586,-0.035208,0.000000,0.139056,-0.000480
1.229000,12.747438,57.558352,0.114966,90.946689,85.943669,572.957795,0.000000,1.826843,3.870281,-0.034618,0.000000,0.139260,-0.000480
1.230000,12.770820,57.646301,0.113771,91.012467,85.943669,572.957795,0.000000,1.828438,3.869976,-0.034027,0.000000,0.139464,-0.000481
1.231000,12.794231,57.734311,0.112575,91.078248,85.943669,572.957795,0.000000,1.830034,3.869671,-0.033434,0.000000,0.139667,-0.000481
1.232000,12.817670,57.822382,0.111379,91.144032,85.943669,572.957795,0.000000,1.831631,3.869365,-0.032841,0.000000,0.139871,-0.000481
1.233000,12.841138,57.910512,0.110183,91.209820,85.943669,572.957795,0.000000,1.833229,3.869059,-0.032247,0.000000,0.140074,-0.000482
1.234000,12.864635,57.998704,0.108986,91.275610,85.943669,572.957795,0.000000,1.834829,3.868752,-0.031652,0.000000,0.140278,-0.000482
1.235000,12.888160,58.086956,0.107788,91.341404,85.943669,572.957795,0.000000,1.836430,3.868445,-0.031057,0.000000,0.140482,-0.000482
1.236000,12.911714,58.175268,0.106590,91.407202,85.943669,572.957795,0.000000,1.838032,3.868138,-0.030460,0.000000,0.140685,-0.000483
1.237000,12.935296,58.263641,0.105392,91.473002,85.943669,572.957795,0.000000,1.839635,3.867830,-0.029862,0.000000,0.140889,-0.000483
1.238000,12.958908,58.352074,0.104193,91.538807,85.943669,572.957795,0.000000,1.841239,3.867522,-0.029264,0.000000,0.141093,-0.000483
1.239000,12.982548,58.440567,0.102993,91.604614,85.943669,572.957795,0.000000,1.829680,3.792556,-0.034040,0.000000,0.141296,-0.000484
1.240000,13.006217,58.529120,0.101793,91.669246,85.943669,572.957795,0.000000,1.831257,3.792254,-0.033447,0.000000,0.141498,-0.000484
1.241000,13.029914,58.617732,0.100593,91.733881,85.943669,572.957795,0.000000,1.832835,3.791951,-0.032852,0.000000,0.141700,-0.000485
1.242000,13.053640,58.706403,0.099392,91.798519,85.943669,572.957795,0.000000,1.834414,3.791648,-0.032257,0.000000,0.141902,-0.000485
1.243000,13.077395,58.795134,0.098190,91.863161,85.943669,572.957795,0.000000,1.835994,3.791345,-0.031661,0.000000,0.142103,-0.000485
1.244000,13.101178,58.883924,0.096989,91.927806,85.943669,572.957795,0.000000,1.837576,3.791041,-0.031063,0.000000,0.142305,-0.000486
1.245000,13.124990,58.972773,0.095786,91.992455,85.943669,572.957795,0.000000,1.839158,3.790737,-0.030465,0.000000,0.142507,-0.000486
1.246000,13.148831,59.061681,0.094583,92.057107,85.943669,572.957795,0.000000,1.840742,3.790433,-0.029866,0.000000,0.142709,-0.000486
1.247000,13.172701,59.150649,0.093380,92.121762,85.943669,572.957795,0.000000,1.842327,3.790128,-0.029267,0.000000,0.142910,-0.000487
1.248000,13.196599,59.239675,0.092176,92.186420,85.943669,572.957795,0.000000,1.843913,3.789823,-0.028666,0.000000,0.143112,-0.000487
1.249000,13.220526,59.328761,0.090972,92.251082,85.943669,572.957795,0.000000,1.852255,3.827828,-0.025306,0.000000,0.143314,-0.000487
1.250000,13.244482,59.417907,0.089767,92.316353,85.943669,572.957795,0.000000,1.853858,3.827519,-0.024700,0.000000,0.143516,-0.000488
1.251000,13.268467,59.507113,0.088562,92.381626,85.943669,572.957795,0.000000,1.855463,3.827209,-0.024093,0.000000,0.143719,-0.000488
1.252000,13.292481,59.596378,0.087356,92.446903,85.943669,572.957795,0.000000,1.857069,3.826899,-0.023485,0.000000,0.143922,-0.000488
1.253000,13.316524,59.685703,0.086151,92.512184,85.943669,572.957795,0.000000,1.858676,3.826589,-0.022876,0.000000,0.144124,-0.000489
1.254000,13.340596,59.775088,0.084944,92.577468,85.943669,572.957795,0.000000,1.860284,3.826278,-0.022267,0.000000,0.144327,-0.000489
1.255000,13.364698,59.864533,0.083738,92.642755,85.943669,572.957795,0.000000,1.861893,3.825966,-0.021656,0.000000,0.144530,-0.000489
1.256000,13.388828,59.954037,0.082531,92.708046,85.943669,572.957795,0.000000,1.863504,3.825655,-0.021045,0.000000,0.144733,-0.000490
1.257000,13.412987,60.043601,0.081324,92.773340,85.943669,572.957795,0.000000,1.865115,3.825343,-0.020433,0.000000,0.144935,-0.000490
1.258000,13.437176,60.133225,0.080116,92.838638,85.943669,572.957795,0.000000,1.866728,3.825030,-0.019819,0.000000,0.145138,-0.000490
1.259000,13.461394,60.222909,0.078908,92.903938,85.943669,572.957795,0.000000,1.873538,3.854187,-0.017083,0.000000,0.145341,-0.000491
1.260000,13.485641,60.312653,0.077700,92.969708,85.943669,572.957795,0.000000,1.875165,3.853872,-0.016466,0.000000,0.145544,-0.000491
1.261000,13.509917,60.402458,0.076492,93.035481,85.943669,572.957795,0.000000,1.876793,3.853555,-0.015847,0.000000,0.145747,-0.000491
1.262000,13.534222,60.492322,0.075283,93.101258,85.943669,572.957795,0.000000,1.878422,3.853239,-0.015227,0.000000,0.145951,-0.000492
1.263000,13.558557,60.582247,0.074075,93.167038,85.943669,572.957795,0.000000,1.880053,3.852922,-0.014607,0.000000,0.146154,-0.000492
1.264000,13.582922,60.672232,0.072866,93.232821,85.943669,572.957795,0.000000,1.881684,3.852604,-0.013986,0.000000,0.146358,-0.000492
1.265000,13.607316,60.762277,0.071656,93.298608,85.943669,572.957795,0.000000,1.883317,3.852286,-0.013363,0.000000,0.146561,-0.000493
1.266000,13.631739,60.852382,0.070447,93.364399,85.943669,572.957795,0.000000,1.884951,3.851968,-0.012740,0.000000,0.146764,-0.000493
1.267000,13.656191,60.942547,0.069237,93.430193,85.943669,572.957795,0.000000,1.886586,3.851649,-0.012116,0.000000,0.146968,-0.000493
1.268000,13.680673,61.032773,0.068027,93.495990,85.943669,572.957795,0.000000,1.888222,3.851330,-0.011491,0.000000,0.147171,-0.000494
1.269000,13.705185,61.123059,0.066817,93.561791,85.943669,572.957795,0.000000,1.893844,3.873605,-0.009238,0.000000,0.147374,-0.000494
1.270000,13.729726,61.213405,0.065607,93.627952,85.943669,572.957795,0.000000,1.895491,3.873283,-0.008609,0.000000,0.147578,-0.000495
1.271000,13.754297,61.303812,0.064397,93.694116,85.943669,572.957795,0.000000,1.897140,3.872960,-0.007979,0.000000,0.147782,-0.000495
1.272000,13.778897,61.394279,0.063186,93.760284,85.943669,572.957795,0.000000,1.898791,3.872638,-0.007348,0.000000,0.147986,-0.000495
1.273000,13.803528,61.484807,0.061976,93.826456,85.943669,572.957795,0.000000,1.900442,3.872314,-0.006716,0.000000,0.148190,-0.000496
1.274000,13.828187,61.575395,0.060765,93.892631,85.943669,572.957795,0.000000,1.902094,3.871991,-0.006083,0.000000,0.148394,-0.000496
1.275000,13.852877,61.666044,0.059554,93.958809,85.943669,572.957795,0.000000,1.903748,3.871667,-0.005449,0.000000,0.148597,-0.000496
1.276000,13.877596,61.756754,0.058343,94.024991,85.943669,572.957795,0.000000,1.909214,3.892954,-0.003258,0.000000,0.148801,-0.000497
1.277000,13.902346,61.847525,0.057133,94.092572,85.943669,572.957795,0.000000,1.910905,3.892620,0.007196,0.000000,0.153475,-0.000527
1.278000,13.927126,61.938358,0.055922,94.160156,85.943669,572.957795,0.000000,1.912597,3.892286,0.007845,0.000000,0.153686,-0.000528
1.279000,13.951936,62.029253,0.054711,94.227744,85.943669,572.957795,0.000000,1.914290,3.891951,0.008494,0.000000,0.153897,-0.000528
1.280000,13.976777,62.120209,0.053501,94.295336,85.943669,572.957795,0.000000,1.915985,3.891616,0.009145,0.000000,0.154107,-0.000528
1.281000,14.001648,62.211227,0.052291,94.362931,85.943669,572.957795,0.000000,1.917681,3.891280,0.009796,0.000000,0.154318,-0.000529
1.282000,14.026549,62.302307,0.051081,94.430530,85.943669,572.957795,0.000000,1.919378,3.890944,0.010449,0.000000,0.154529,-0.000529
1.283000,14.051481,62.393449,0.049871,94.498132,85.943669,572.957795,0.000000,1.924713,3.911237,0.012588,0.000000,0.154739,-0.000530
1.284000,14.076444,62.484653,0.048661,94.566069,85.943669,572.957795,0.000000,1.926422,3.910898,0.013244,0.000000,0.154950,-0.000530
1.285000,14.101437,62.575919,0.047452,94.634010,85.943669,572.957795,0.000000,1.928131,3.910559,0.013902,0.000000,0.155162,-0.000530
1.286000,14.126460,62.667247,0.046242,94.701954,85.943669,572.957795,0.000000,1.929842,3.910219,0.014560,0.000000,0.155373,-0.000531
1.287000,14.151515,62.758637,0.045033,94.769902,85.943669,572.957795,0.000000,1.931554,3.909879,0.015220,0.000000,0.155584,-0.000531
1.288000,14.176600,62.850089,0.043824,94.837853,85.943669,572.957795,0.000000,1.933267,3.909538,0.015880,0.000000,0.155795,-0.000531
1.289000,14.201716,62.941604,0.042616,94.905809,85.943669,572.957795,0.000000,1.934981,3.909197,0.016542,0.000000,0.156006,-0.000532
1.290000,14.226862,63.033180,0.041408,94.973768,85.943669,572.957795,0.000000,1.940681,3.931449,0.018831,0.000000,0.156217,-0.000532
1.291000,14.252039,63.124819,0.040200,95.042092,85.943669,572.957795,0.000000,1.942407,3.931105,0.019497,0.000000,0.156428,-0.000533
1.292000,14.277247,63.216520,0.038992,95.110421,85.943669,572.957795,0.000000,1.944135,3.930761,0.020164,0.000000,0.156640,-0.000533
1.293000,14.302486,63.308283,0.037785,95.178753,85.943669,572.957795,0.000000,1.945863,3.930416,0.020831,0.000000,0.156851,-0.000533
1.294000,14.327756,63.400109,0.036578,95.247089,85.943669,572.957795,0.000000,1.947594,3.930071,0.021500,0.000000,0.157063,-0.000534
1.295000,14.353057,63.491997,0.035371,95.315429,85.943669,572.957795,0.000000,1.949325,3.929725,0.022170,0.000000,0.157274,-0.000534
1.296000,14.378388,63.583948,0.034165,95.383772,85.943669,572.957795,0.000000,1.951058,3.929379,0.022840,0.000000,0.157486,-0.000534
1.297000,14.403751,63.675961,0.032959,95.452120,85.943669,572.957795,0.000000,1.952791,3.929032,0.023512,0.000000,0.157697,-0.000535
1.298000,14.429144,63.768036,0.031753,95.520471,85.943669,572.957795,0.000000,1.959896,3.959137,0.026378,0.000000,0.157908,-0.000535
1.299000,14.454569,63.860174,0.030548,95.589313,85.943669,572.957795,0.000000,1.961646,3.958787,0.027054,0.000000,0.158120,-0.000536
1.300000,14.480025,63.952376,0.029343,95.658160,85.943669,572.957795,0.000000,1.963396,3.958436,0.027732,0.000000,0.158333,-0.000536
1.301000,14.505512,64.044639,0.028139,95.727010,85.943669,572.957795,0.000000,1.965148,3.958084,0.028411,0.000000,0.158545,-0.000536
1.302000,14.531030,64.136966,0.026935,95.795864,85.943669,572.957795,0.000000,1.966901,3.957733,0.029091,0.000000,0.158757,-0.000537
1.303000,14.556580,64.229356,0.025731,95.864722,85.943669,572.957795,0.000000,1.968655,3.957380,0.029772,0.000000,0.158969,-0.000537
1.304000,14.582160,64.321808,0.024528,95.933584,85.943669,572.957795,0.000000,1.970411,3.957028,0.030454,0.000000,0.159181,-0.000538
1.305000,14.607772,64.414323,0.023326,96.002449,85.943669,572.957795,0.000000,1.972168,3.956674,0.031137,0.000000,0.159392,-0.000538
1.306000,14.633416,64.506901,0.022124,96.071319,85.943669,572.957795,0.000000,1.973926,3.956321,0.031821,0.000000,0.159604,-0.000538
1.307000,14.659090,64.599542,0.020923,96.140192,85.943669,572.957795,0.000000,1.975686,3.955967,0.032506,0.000000,0.159816,-0.000539
1.308000,14.684796,64.692245,0.019722,96.209068,85.943669,572.957795,0.000000,1.977446,3.955612,0.033192,0.000000,0.160028,-0.000539
1.309000,14.710533,64.785012,0.018521,96.277949,85.943669,572.957795,0.000000,1.979209,3.955257,0.033879,0.000000,0.160240,-0.000539
1.310000,14.736302,64.877841,0.017321,96.346833,85.943669,572.957795,0.000000,1.982358,3.962760,0.035133,0.000000,0.160451,-0.000540
1.311000,14.762102,64.970733,0.016122,96.415848,85.943669,572.957795,0.000000,1.984125,3.962403,0.035823,0.000000,0.160663,-0.000540
1.312000,14.787934,65.063688,0.014923,96.484866,85.943669,572.957795,0.000000,1.985895,3.962046,0.036514,0.000000,0.160875,-0.000541
1.313000,14.813797,65.156705,0.013725,96.553888,85.943669,572.957795,0.000000,1.987665,3.961689,0.037206,0.000000,0.161087,-0.000541
1.314000,14.839692,65.249786,0.012528,96.622913,85.943669,572.957795,0.000000,1.989437,3.961331,0.037899,0.000000,0.161298,-0.000541
1.315000,14.865619,65.342930,0.011331,96.691943,85.943669,572.957795,0.000000,1.991210,3.960972,0.038593,0.000000,0.161510,-0.000542
1.316000,14.891577,65.436136,0.010134,96.760976,85.943669,572.957795,0.000000,1.992984,3.960613,0.039288,0.000000,0.161722,-0.000542
1.317000,14.917566,65.529405,0.008939,96.830014,85.943669,572.957795,0.000000,1.994760,3.960253,0.039985,0.000000,0.161933,-0.000543
1.318000,14.943587,65.622738,0.007743,96.899055,85.943669,572.957795,0.000000,1.996537,3.959893,0.040682,0.000000,0.162145,-0.000543
1.319000,14.969640,65.716133,0.006549,96.968100,85.943669,572.957795,0.000000,1.998315,3.959533,0.041380,0.000000,0.162356,-0.000543
1.320000,14.995725,65.809590,0.005355,97.037149,85.943669,572.957795,0.000000,2.000095,3.959172,0.042080,0.000000,0.162567,-0.000544
1.321000,15.021841,65.903111,0.004162,97.106202,85.943669,572.957795,0.000000,2.001876,3.958811,0.042780,0.000000,0.162779,-0.000544
1.322000,15.047990,65.996695,0.002970,97.175258,85.943669,572.957795,0.000000,2.003658,3.958449,0.043482,0.000000,0.162990,-0.000545
1.323000,15.074170,66.090341,0.001778,97.244319,85.943669,572.957795,0.000000,2.005441,3.958087,0.044185,0.000000,0.163201,-0.000545
1.324000,15.100382,66.184050,0.000587,97.313383,85.943669,572.957795,0.000000,2.007226,3.957724,0.044888,0.000000,0.163412,-0.000545
1.325000,15.113318,66.230274,0.000000,0.000000,0.000000,0.000000,-572957.795131,0.000000,0.000000,3.648181,0.000000,0.000000,-0.000000
